Date,AAPL,JPM,JNJ,XOM,PG,CAT,NEE,AMZN,LIN,PLD
2016-01-05,,,,,,,,,,
2016-01-06,,,,,,,,,,
2016-01-07,,,,,,,,,,
2016-01-08,,,,,,,,,,
2016-01-11,,,,,,,,,,
2016-01-12,,,,,,,,,,
2016-01-13,,,,,,,,,,
2016-01-14,,,,,,,,,,
2016-01-15,,,,,,,,,,
2016-01-19,,,,,,,,,,
2016-01-20,,,,,,,,,,
2016-01-21,,,,,,,,,,
2016-01-22,,,,,,,,,,
2016-01-25,,,,,,,,,,
2016-01-26,,,,,,,,,,
2016-01-27,,,,,,,,,,
2016-01-28,,,,,,,,,,
2016-01-29,,,,,,,,,,
2016-02-01,,,,,,,,,,
2016-02-02,,,,,,,,,,
2016-02-03,,,,,,,,,,
2016-02-04,,,,,,,,,,
2016-02-05,,,,,,,,,,
2016-02-08,,,,,,,,,,
2016-02-09,,,,,,,,,,
2016-02-10,,,,,,,,,,
2016-02-11,,,,,,,,,,
2016-02-12,,,,,,,,,,
2016-02-16,,,,,,,,,,
2016-02-17,,,,,,,,,,
2016-02-18,,,,,,,,,,
2016-02-19,,,,,,,,,,
2016-02-22,,,,,,,,,,
2016-02-23,,,,,,,,,,
2016-02-24,,,,,,,,,,
2016-02-25,,,,,,,,,,
2016-02-26,,,,,,,,,,
2016-02-29,,,,,,,,,,
2016-03-01,,,,,,,,,,
2016-03-02,,,,,,,,,,
2016-03-03,,,,,,,,,,
2016-03-04,,,,,,,,,,
2016-03-07,,,,,,,,,,
2016-03-08,,,,,,,,,,
2016-03-09,,,,,,,,,,
2016-03-10,,,,,,,,,,
2016-03-11,,,,,,,,,,
2016-03-14,,,,,,,,,,
2016-03-15,,,,,,,,,,
2016-03-16,,,,,,,,,,
2016-03-17,,,,,,,,,,
2016-03-18,,,,,,,,,,
2016-03-21,,,,,,,,,,
2016-03-22,,,,,,,,,,
2016-03-23,,,,,,,,,,
2016-03-24,,,,,,,,,,
2016-03-28,,,,,,,,,,
2016-03-29,,,,,,,,,,
2016-03-30,,,,,,,,,,
2016-03-31,,,,,,,,,,
2016-04-01,,,,,,,,,,
2016-04-04,,,,,,,,,,
2016-04-05,,,,,,,,,,
2016-04-06,,,,,,,,,,
2016-04-07,,,,,,,,,,
2016-04-08,,,,,,,,,,
2016-04-11,,,,,,,,,,
2016-04-12,,,,,,,,,,
2016-04-13,,,,,,,,,,
2016-04-14,,,,,,,,,,
2016-04-15,,,,,,,,,,
2016-04-18,,,,,,,,,,
2016-04-19,,,,,,,,,,
2016-04-20,,,,,,,,,,
2016-04-21,,,,,,,,,,
2016-04-22,,,,,,,,,,
2016-04-25,,,,,,,,,,
2016-04-26,,,,,,,,,,
2016-04-27,,,,,,,,,,
2016-04-28,,,,,,,,,,
2016-04-29,,,,,,,,,,
2016-05-02,,,,,,,,,,
2016-05-03,,,,,,,,,,
2016-05-04,,,,,,,,,,
2016-05-05,,,,,,,,,,
2016-05-06,,,,,,,,,,
2016-05-09,,,,,,,,,,
2016-05-10,,,,,,,,,,
2016-05-11,,,,,,,,,,
2016-05-12,,,,,,,,,,
2016-05-13,,,,,,,,,,
2016-05-16,,,,,,,,,,
2016-05-17,,,,,,,,,,
2016-05-18,,,,,,,,,,
2016-05-19,,,,,,,,,,
2016-05-20,,,,,,,,,,
2016-05-23,,,,,,,,,,
2016-05-24,,,,,,,,,,
2016-05-25,,,,,,,,,,
2016-05-26,,,,,,,,,,
2016-05-27,,,,,,,,,,
2016-05-31,,,,,,,,,,
2016-06-01,,,,,,,,,,
2016-06-02,,,,,,,,,,
2016-06-03,,,,,,,,,,
2016-06-06,,,,,,,,,,
2016-06-07,,,,,,,,,,
2016-06-08,,,,,,,,,,
2016-06-09,,,,,,,,,,
2016-06-10,,,,,,,,,,
2016-06-13,,,,,,,,,,
2016-06-14,,,,,,,,,,
2016-06-15,,,,,,,,,,
2016-06-16,,,,,,,,,,
2016-06-17,,,,,,,,,,
2016-06-20,,,,,,,,,,
2016-06-21,,,,,,,,,,
2016-06-22,,,,,,,,,,
2016-06-23,,,,,,,,,,
2016-06-24,,,,,,,,,,
2016-06-27,,,,,,,,,,
2016-06-28,,,,,,,,,,
2016-06-29,,,,,,,,,,
2016-06-30,,,,,,,,,,
2016-07-01,,,,,,,,,,
2016-07-05,,,,,,,,,,
2016-07-06,,,,,,,,,,
2016-07-07,,,,,,,,,,
2016-07-08,,,,,,,,,,
2016-07-11,,,,,,,,,,
2016-07-12,,,,,,,,,,
2016-07-13,,,,,,,,,,
2016-07-14,,,,,,,,,,
2016-07-15,,,,,,,,,,
2016-07-18,,,,,,,,,,
2016-07-19,,,,,,,,,,
2016-07-20,,,,,,,,,,
2016-07-21,,,,,,,,,,
2016-07-22,,,,,,,,,,
2016-07-25,,,,,,,,,,
2016-07-26,,,,,,,,,,
2016-07-27,,,,,,,,,,
2016-07-28,,,,,,,,,,
2016-07-29,,,,,,,,,,
2016-08-01,,,,,,,,,,
2016-08-02,,,,,,,,,,
2016-08-03,,,,,,,,,,
2016-08-04,,,,,,,,,,
2016-08-05,,,,,,,,,,
2016-08-08,,,,,,,,,,
2016-08-09,,,,,,,,,,
2016-08-10,,,,,,,,,,
2016-08-11,,,,,,,,,,
2016-08-12,,,,,,,,,,
2016-08-15,,,,,,,,,,
2016-08-16,,,,,,,,,,
2016-08-17,,,,,,,,,,
2016-08-18,,,,,,,,,,
2016-08-19,,,,,,,,,,
2016-08-22,,,,,,,,,,
2016-08-23,,,,,,,,,,
2016-08-24,,,,,,,,,,
2016-08-25,,,,,,,,,,
2016-08-26,,,,,,,,,,
2016-08-29,,,,,,,,,,
2016-08-30,,,,,,,,,,
2016-08-31,,,,,,,,,,
2016-09-01,,,,,,,,,,
2016-09-02,,,,,,,,,,
2016-09-06,,,,,,,,,,
2016-09-07,,,,,,,,,,
2016-09-08,,,,,,,,,,
2016-09-09,,,,,,,,,,
2016-09-12,,,,,,,,,,
2016-09-13,,,,,,,,,,
2016-09-14,,,,,,,,,,
2016-09-15,,,,,,,,,,
2016-09-16,,,,,,,,,,
2016-09-19,,,,,,,,,,
2016-09-20,,,,,,,,,,
2016-09-21,,,,,,,,,,
2016-09-22,,,,,,,,,,
2016-09-23,,,,,,,,,,
2016-09-26,,,,,,,,,,
2016-09-27,,,,,,,,,,
2016-09-28,,,,,,,,,,
2016-09-29,,,,,,,,,,
2016-09-30,,,,,,,,,,
2016-10-03,,,,,,,,,,
2016-10-04,,,,,,,,,,
2016-10-05,,,,,,,,,,
2016-10-06,,,,,,,,,,
2016-10-07,,,,,,,,,,
2016-10-10,,,,,,,,,,
2016-10-11,,,,,,,,,,
2016-10-12,,,,,,,,,,
2016-10-13,,,,,,,,,,
2016-10-14,,,,,,,,,,
2016-10-17,,,,,,,,,,
2016-10-18,,,,,,,,,,
2016-10-19,,,,,,,,,,
2016-10-20,,,,,,,,,,
2016-10-21,,,,,,,,,,
2016-10-24,,,,,,,,,,
2016-10-25,,,,,,,,,,
2016-10-26,,,,,,,,,,
2016-10-27,,,,,,,,,,
2016-10-28,,,,,,,,,,
2016-10-31,,,,,,,,,,
2016-11-01,,,,,,,,,,
2016-11-02,,,,,,,,,,
2016-11-03,,,,,,,,,,
2016-11-04,,,,,,,,,,
2016-11-07,,,,,,,,,,
2016-11-08,,,,,,,,,,
2016-11-09,,,,,,,,,,
2016-11-10,,,,,,,,,,
2016-11-11,,,,,,,,,,
2016-11-14,,,,,,,,,,
2016-11-15,,,,,,,,,,
2016-11-16,,,,,,,,,,
2016-11-17,,,,,,,,,,
2016-11-18,,,,,,,,,,
2016-11-21,,,,,,,,,,
2016-11-22,,,,,,,,,,
2016-11-23,,,,,,,,,,
2016-11-25,,,,,,,,,,
2016-11-28,,,,,,,,,,
2016-11-29,,,,,,,,,,
2016-11-30,,,,,,,,,,
2016-12-01,,,,,,,,,,
2016-12-02,,,,,,,,,,
2016-12-05,,,,,,,,,,
2016-12-06,,,,,,,,,,
2016-12-07,,,,,,,,,,
2016-12-08,,,,,,,,,,
2016-12-09,,,,,,,,,,
2016-12-12,,,,,,,,,,
2016-12-13,,,,,,,,,,
2016-12-14,,,,,,,,,,
2016-12-15,,,,,,,,,,
2016-12-16,,,,,,,,,,
2016-12-19,,,,,,,,,,
2016-12-20,,,,,,,,,,
2016-12-21,,,,,,,,,,
2016-12-22,,,,,,,,,,
2016-12-23,,,,,,,,,,
2016-12-27,,,,,,,,,,
2016-12-28,,,,,,,,,,
2016-12-29,,,,,,,,,,
2016-12-30,,,,,,,,,,
2017-01-03,1.0208574129912615,1.4316326904648362,0.5409737012907374,0.85329518268038,0.5524575671556413,1.3845241972008606,0.3208660988680841,1.0763100474700786,0.9443684666430031,0.9931141783823093
2017-01-04,1.0211198310118406,1.4296167989009567,0.5391406947821599,0.8477026239654236,0.5523543089623419,1.3816937016465858,0.32026897217019473,1.0764234129395145,0.9429923119288627,0.9950007600236151
2017-01-05,1.0154890926572089,1.4332377011647197,0.5396173401475072,0.8508714569995048,0.5496874783392064,1.3833494236439638,0.3206805459727253,1.0837261030920875,0.9454220814589591,1.0007024190224145
2017-01-06,0.9891176267142391,1.421451052258853,0.5393942828817787,0.856063727224882,0.5554008250042001,1.3785932580537035,0.3371902967412058,1.0657214052543311,0.9413318115424721,0.9966248829834058
2017-01-09,0.9971143784353412,1.414586284692425,0.5352700129384512,0.8516718845540308,0.5498195818654773,1.3822357017861606,0.343191676902378,1.071416763571026,0.9473149202818715,0.9987517408809133
2017-01-10,0.9969242534316398,1.4145305178037317,0.5354079055797993,0.852386927684621,0.5502046337802526,1.3819155954844848,0.34309154671495223,1.0713217100906516,0.9475309375721221,0.9997987990429434
2017-01-11,0.9943416700849643,1.4191898440367434,0.5324897722717445,0.8473351873836551,0.5533009805545785,1.3867579661217961,0.3460691432802534,1.0752010066816666,0.9451909525050399,1.0060918363079834
2017-01-12,0.9928836783712678,1.4325458387828591,0.5333234113804421,0.8931947666252661,0.5613373624565515,1.4246238857224942,0.34752192374508134,1.017707787560555,0.9520304098394331,1.0375320970939543
2017-01-13,0.9872330481539195,1.4429548253762163,0.5226338138537407,0.860307150074309,0.5672915349489582,1.4269386894140668,0.34293132143878996,1.0162224478016388,0.9495430570793747,1.0779388161124748
2017-01-17,0.9800227913004048,1.467373190372298,0.5091872058054076,0.8553614169884662,0.5582252651098265,1.4337131766259088,0.34473915326286253,0.9915367269867482,0.9435667281428707,1.078457283241516
2017-01-18,0.9797898561637352,1.4674403182781455,0.5090737704398546,0.854170324351639,0.5588313150270505,1.4336039872054294,0.34495551602450214,0.9912856956187166,0.9433846906055571,1.078776504676884
2017-01-19,0.9901479837202081,1.4598978632182604,0.4992638796076807,0.830926208349572,0.5619065602439012,1.4425706218808694,0.329750500892569,0.9951290043372347,0.9499528579214522,1.0525963303333397
2017-01-20,0.9930156855457725,1.4636280636147958,0.4991292097978811,0.8303571413046527,0.5646524009233255,1.4418354885408713,0.330875108397662,0.9943174237524974,0.9524282113328546,1.050489140684963
2017-01-23,0.9467442907285503,1.4621923691195164,0.5023541905662654,0.8096900802591107,0.5703408625053521,1.4533616036300752,0.32100283793541445,0.9683767392880746,0.9784749066949915,1.0476954845498587
2017-01-24,0.9378973500142586,1.4623348325014325,0.4974703541820692,0.782894254872254,0.5754885570471161,1.4228833052953018,0.32357591192680724,0.9851699919884532,0.9735884023334631,1.0438576698350086
2017-01-25,0.9499407507484665,1.4599205462035791,0.4589714201221889,0.756154474583275,0.5520328594271167,1.4264257500411568,0.3264709212381384,0.9961850172715981,0.9710283342069378,1.0121361463087215
2017-01-26,0.9020430135178646,1.471329323469589,0.47235550288849976,0.7469807588340965,0.5576662748476079,1.4276277752430477,0.3308515926189813,0.9789430842627329,0.9795782192383842,1.0148253157497165
2017-01-27,0.9014069911370096,1.4726119896802174,0.47120706990173833,0.7406339302312778,0.5540346365665959,1.412014585311453,0.3237721293225084,0.9504784620919577,0.9803632477512482,1.026156929852026
2017-01-30,0.8785451075493597,1.4708235147792006,0.45365525144241314,0.7555504742601054,0.534340672638073,1.4510937095491172,0.2757362826681614,1.1360632159856856,0.9926292153754828,1.0480569973174714
2017-01-31,0.8779811648075218,1.4717812963726942,0.45344552099875607,0.755164403239221,0.5325373728926632,1.4530584406586553,0.2754545222242719,1.1352393175445994,0.9938831288346471,1.0477269168814978
2017-02-01,0.8692833814726347,1.465248555246563,0.45213963836776466,0.7429667142956126,0.5307707206390972,1.4438925403607443,0.2958522152567713,1.1056209814183628,0.9860394467125249,1.0698864473012097
2017-02-02,0.8643608050378885,1.4657820072006165,0.4505408275509588,0.7265635077900734,0.5279405681092992,1.4323941095924702,0.29386395706159674,1.1205594323821717,0.9702325870144481,1.069479611901852
2017-02-03,0.8626076767650335,1.4747950311611913,0.4492894730975899,0.7234589054145676,0.5242353623841373,1.421530962552638,0.29645673756738333,1.0971984837872686,0.96913687280905,1.0773876868644339
2017-02-06,0.8422156236735773,1.4994753054310352,0.41173531309674866,0.7498138405539997,0.5487488646157462,1.4660152112462699,0.306384109595893,1.0282675581068084,0.9925758408549452,1.0979623612217224
2017-02-07,0.8686819774997053,1.499129679872654,0.4366355207487724,0.7804067385928477,0.5797250865783293,1.462123059319903,0.31736730619966996,1.0099543152930763,0.9729301893141421,1.067379230147997
2017-02-08,0.8686008356130146,1.4985771474717622,0.43663085223077946,0.7800773815588496,0.5797645366129697,1.4610003495662511,0.318436340872425,1.008203142272305,0.9753953846855048,1.066396264223973
2017-02-09,0.868485804665079,1.499551647193555,0.43773337326529144,0.7794548710670933,0.5789128068996304,1.459448081847994,0.3111060540347725,1.0076142162331405,0.9710417388959174,1.0639313253841745
2017-02-10,0.8714869854868394,1.4685212686625206,0.44498890315541045,0.7953090908912183,0.5613100671953055,1.4698511952459448,0.29824756748905035,1.0507106242188602,0.9707131336355885,1.0286872214211504
2017-02-13,0.896218044573065,1.3840456471888314,0.4584562219294536,0.791475441870201,0.5573520371105958,1.476804950190233,0.31227170080803235,1.0765342216517064,0.9749480461882417,1.0360095968265643
2017-02-14,0.881211176018237,1.398506611654484,0.46300774148189144,0.8042745057390837,0.5598350883936969,1.4634655682074984,0.31105200740142774,1.0629605563696642,0.9932232104776193,1.0172009517140452
2017-02-15,0.8805740872756086,1.423180911931593,0.4733435755736164,0.808996501982932,0.568712980902833,1.4546532994797952,0.3274316331908544,1.0544761287665416,1.0082442493823658,1.0242236731114815
2017-02-16,0.8730702007217321,1.4180550592830707,0.4814968418228762,0.8151707318683578,0.5676547545086886,1.4504116665019668,0.33974716972736924,1.0477425982987547,1.0106107474882258,1.0268508273625188
2017-02-17,0.8728703974055466,1.4175180558633218,0.4823969904773066,0.8146955191434526,0.5676400096075973,1.4497745820499197,0.34034383028492865,1.0489718704348108,1.0095904093850845,1.0260571127279963
2017-02-21,0.8792366386459802,1.4275118437346048,0.48602079768964357,0.8290070922305227,0.5741666253513271,1.432619756515289,0.34067207609198474,1.014814959733048,1.0173592922256152,1.0346289532173305
2017-02-22,0.8633138812085132,1.3966851920708054,0.48545491236941685,0.8268483688520196,0.5783616922245852,1.4255041355978029,0.34971715459534713,1.0148837549323884,1.010081837303354,1.057650132122031
2017-02-23,0.8601251066583947,1.398986203272049,0.4827454627444954,0.8262961908259459,0.5804279561662727,1.428412611597563,0.3479501729933681,1.0162615606259662,1.0125444184479009,1.0569461488218779
2017-02-24,0.8637462475775212,1.3995382999127068,0.4759996080724869,0.828535824261237,0.5774826748796363,1.4359075566500217,0.35486265006794937,1.0259479856904765,1.0167610869371964,1.0464904777799624
2017-02-27,0.8643288326294809,1.4022620086498236,0.4746608079809163,0.8283655325509912,0.5739123273304457,1.4383122639008825,0.34758684061759887,1.0262634193326035,1.0188428914217753,1.044097578808758
2017-02-28,0.8670353970399874,1.3914033543518614,0.4733009785017779,0.8179712834292381,0.56823003764043,1.4596896307276317,0.34889037313880467,1.0291836655339406,1.0126755872965225,1.0503092187432306
2017-03-01,0.8357751977438942,1.368518696793255,0.4648691323120269,0.8420069818021584,0.5709767227661585,1.4923158651526054,0.3512635141159124,0.9715433955522338,0.9885380408197332,0.9810608350857328
2017-03-02,0.8376428242862082,1.373049766335379,0.4658171525983309,0.8317053492042616,0.5697420162195398,1.5153550971228191,0.34393637513477954,0.9725151088344968,0.9982158939758615,0.976750466119288
2017-03-03,0.8365357038543036,1.3735546998733725,0.46732227926279746,0.833597803437463,0.5694788061218443,1.5074944440957039,0.3462241170766752,0.9749457975142439,0.9928287298953311,0.9740947840176433
2017-03-06,0.8341507967485843,1.3768543450103377,0.4679759232926625,0.8315585797966863,0.5678634187003722,1.5009516207506701,0.34084015104047705,0.9776404321593554,0.9847975748132809,0.9751929199625913
2017-03-07,0.8333583027257826,1.3777904969780084,0.4672707473890444,0.8313897773479194,0.5677234354693123,1.4980377297505174,0.3406192979115567,0.9776655835279293,0.9805902931556059,0.9745560009123478
2017-03-08,0.8344867125407374,1.37213836966014,0.4664032193889334,0.8221075749719547,0.5746986637263419,1.477142937634561,0.35754388128092635,0.9821369530143509,0.9887254950183797,0.982804495998012
2017-03-09,0.8362374224732144,1.3730506201163521,0.46519636738307296,0.8249343854885733,0.5765038721670946,1.479440608951114,0.3554198553035025,0.9853272205516017,0.9870246354718964,0.9809948833727987
2017-03-10,0.836151377721625,1.3703569588359539,0.4653419659090891,0.8240538907875258,0.5775642450987398,1.4802944948861612,0.35729568569928033,0.9839740060978533,0.9870181781986739,0.9802098810713481
2017-03-13,0.8421555008008919,1.3878409435847048,0.4696339588355829,0.8447298212124333,0.6030458471520846,1.4870550779808114,0.3653577304268894,0.9809002362983951,1.0058176872187339,0.9640404145668746
2017-03-14,0.8424843240253539,1.385092128564088,0.46792402219835105,0.84635345242416,0.6024273032170624,1.4886639895563105,0.3647241720628602,0.9822693333560385,1.0027558632476465,0.9619583140741398
2017-03-15,0.8498348090495229,1.3779456727241832,0.47643562778395276,0.8525968836107303,0.6024103057148268,1.4911042993070636,0.3694333807654118,0.9773394208848029,1.008971885414546,0.9766359941287155
2017-03-16,0.8454369662240502,1.3845592877711033,0.4804753317691983,0.8538311975525182,0.6037317053325767,1.4830858182418396,0.3676163709794468,0.9826530200706279,1.0110296232825988,0.974460437451326
2017-03-17,0.851109267975262,1.3943345436158543,0.48705679403537083,0.8478930628864046,0.5966598683205817,1.4759483169086909,0.36253024183565774,1.0029395687890275,0.9961848144440955,0.9681099592325954
2017-03-20,0.8493546347477722,1.3872065078751699,0.48522330011462084,0.8481284913917919,0.5949595169645082,1.4728112231240889,0.36330594845114283,1.0084492698752008,0.998143141819997,0.9686289656505201
2017-03-21,0.8516368346292379,1.404117786229816,0.4865506001531146,0.837006189131293,0.5860435252255087,1.4895816047164907,0.3388568245578835,1.014563380888596,0.9958995067917256,0.9813355738970709
2017-03-22,0.8538799375967617,1.4033975556017333,0.4854589512877065,0.837742768904385,0.584640083140304,1.488702633449917,0.3386058349089612,1.0165344698532819,0.9955037052349266,0.9806960281423721
2017-03-23,0.8538389900634257,1.4057101745018539,0.49497982005113994,0.838267025009162,0.5880933911588873,1.4780882678733374,0.3440577621313321,1.031721345330832,1.0004330034458218,0.9766918726010841
2017-03-24,0.8536776714446687,1.4050655593697616,0.4952722562866109,0.8395426665897738,0.5884497681777464,1.4801785509498016,0.34391835019481065,1.0342098042603507,1.0009413558593292,0.9764637260227536
2017-03-27,0.8533794770173607,1.4050637873557597,0.49484925113835826,0.8393033408702228,0.5885147810767165,1.4810794292212546,0.3459657733125014,1.033950509877674,0.998710521876254,0.9800454778306065
2017-03-28,0.8498753236298848,1.424179742293899,0.4884397992028847,0.8430840214936209,0.5901662138304962,1.4876623795349848,0.337641726723669,1.0239507493931914,1.0060716904886273,0.9711240623339141
2017-03-29,0.8449734210151703,1.422209175506343,0.48961053243690783,0.844452401419148,0.5916324932819735,1.4875591050755272,0.339654653733801,1.023915359988831,0.9988403698190121,0.97457360613316
2017-03-30,0.8427863632193903,1.4213942479731023,0.48697578692920507,0.8464602232291829,0.5892368428278738,1.4882403674084896,0.33470915021351527,1.021586423537736,0.9980152238091372,0.9798416994325483
2017-03-31,0.8412191265062028,1.4239666755424176,0.4837441790630163,0.8588630407814458,0.5836620051576042,1.4924258588839296,0.33364039074411833,1.0175640404207542,0.9967975167318439,0.9733816406731414
2017-04-03,0.8456176396754347,1.4243693985165875,0.48177695597545594,0.8603852926842654,0.5831132643481707,1.4895758788532139,0.3333066847202027,1.0136710848792063,0.9970702038347894,0.9706825522122928
2017-04-04,0.8413074003691879,1.4236225167711947,0.49026902090026625,0.8577997098462915,0.5887492850411502,1.4988029696871468,0.3148660896360397,1.010595482987236,0.9920118037720784,0.9744064730021688
2017-04-05,0.8416624514664001,1.4354905118404517,0.49074597000689085,0.8512090496849585,0.5863419397893098,1.5134308580110767,0.3121696142209668,0.9932081066716453,1.002158292249823,0.9846728280793289
2017-04-06,0.8246698198020795,1.4235613166916996,0.4962225749841704,0.8508068508103576,0.5854177385277628,1.5202962802773228,0.3095640324239243,0.9819615549644342,1.0007652477456386,0.9884047793960963
2017-04-07,0.825471495613948,1.4234927745154093,0.49713794989329796,0.8492296934597215,0.586152925741617,1.5211333135867464,0.30960158104363883,0.9822382660929805,1.0005604121494536,0.9851370048438094
2017-04-10,0.8271105625141462,1.4272269136234157,0.4970185215630671,0.8506439377511925,0.5847387414143504,1.5238861477000132,0.30807003061063865,0.9836496759233339,1.0029861167253007,0.9848392093259783
2017-04-11,0.8251666406511985,1.4236270842382952,0.49655599141651985,0.8467605583428237,0.5882459634879096,1.5192150557526842,0.30472989593685573,0.9832767897010325,1.0011889636172786,0.9927512149814994
2017-04-12,0.8179563209526308,1.395805377193757,0.49449895005491334,0.8469468554600859,0.5954224055678019,1.5027539613732614,0.30867747013009117,0.976801200406697,0.9995369274321461,0.9861394220933949
2017-04-13,0.8182621887419692,1.3984430047176988,0.49472459817070424,0.8543402832992381,0.594937466986228,1.5092744306407442,0.3058031370284124,0.9826994191636268,0.99904135158473,0.9863378218517311
2017-04-17,0.8133006721140992,1.4006155239720066,0.49619234221228853,0.8466453955323594,0.594392164127228,1.507989122070895,0.3057139588680973,0.9925064334234238,0.9973888184985363,0.990923293296363
2017-04-18,0.8319844277013247,1.4045631990405931,0.5048263727257801,0.8451274607559608,0.5907393135797365,1.5113334738161863,0.30248391083479453,0.9863078314382218,1.0005259185416324,0.9949546075190252
2017-04-19,0.8351215575122379,1.4027948270742738,0.5016559313881315,0.8454861967497467,0.5909072992193559,1.5103874379827578,0.30285405159470197,0.9917104509391859,0.9947109710802503,0.9926954366245602
2017-04-20,0.8390364145293219,1.4035865208767766,0.5015092684875226,0.8456723202327552,0.5859082163708144,1.517740920592926,0.2979769008504782,0.987532891192413,0.9990971778855217,0.990496608082322
2017-04-21,0.8345017622975188,1.4047248036315036,0.5027379979652943,0.8488309219527805,0.5844877946673345,1.5196517673045251,0.2790322816994129,0.9888181460515847,0.9993989933703125,0.9831386459831146
2017-04-24,0.8339562624159896,1.4256667357129704,0.5065185186080243,0.8455473525313892,0.5887339791182673,1.5297671637359957,0.27351338857410123,0.9859843053182407,1.0190910906339792,0.9716690670093263
2017-04-25,0.8328132523093276,1.424338787104727,0.507736748829197,0.8472410604061495,0.5909917228660706,1.5649585430169426,0.27296927182638775,0.9844823839522092,1.0231808108265967,0.9786287343007921
2017-04-26,0.8348147111109757,1.4238785439454404,0.5085469501350571,0.8472426256946294,0.5970333191816919,1.5636379885346978,0.2719845870946729,0.9867907461036965,1.0227119895374277,0.9797026443591439
2017-04-27,0.8423069687357254,1.4239068165337958,0.5088109460059138,0.8462452093641029,0.5966791081249315,1.562477189295431,0.2707333014243816,0.9890319250739429,1.0238179740734659,0.979426350467136
2017-04-28,0.8179531594502654,1.429804166364169,0.5111264373702586,0.8480523520238444,0.6012605667904809,1.5650530218730898,0.26899147972782383,0.9873816407689437,1.032485171585864,0.9824289410994917
2017-05-01,0.814893407679914,1.429721747163289,0.5101771100285623,0.8539129625968049,0.6051590361512839,1.5685649405241466,0.2745195059039544,1.048729466160171,1.0315030505320286,0.9825677222227412
2017-05-02,0.8219007476212565,1.4310229641116023,0.5089485701397244,0.8521946307231436,0.6000803945819344,1.5765883806689216,0.2738330816478113,1.0273936632342249,1.038111992544097,0.9783452170650714
2017-05-03,0.8443145807196876,1.4223006680357773,0.5130736823495029,0.8469087338412296,0.6060896616891425,1.5705533612109037,0.279682090754932,1.0185260900715132,1.0275629915958713,0.9813447310010898
2017-05-04,0.8396341754390609,1.4167031015895468,0.5121341081303732,0.8495541856966058,0.6128756999435946,1.557506449087493,0.28660140111469623,1.021783217409319,1.0248951197298295,0.9887046198824306
2017-05-05,0.8434452458101275,1.4134000794279784,0.5105325610065977,0.8504024666916592,0.6118416231955237,1.5541248856690735,0.2854654078257968,1.0169867524826137,1.0321726415732855,0.9913102825313697
2017-05-08,0.844413033322606,1.413175381018078,0.5115036833762795,0.8487803886404599,0.6095586066042353,1.5536880902972836,0.28639636153665343,1.0109668708717994,1.031275700139998,0.9891959747640748
2017-05-09,0.8434264153010346,1.413867367508134,0.5113782400589427,0.8497490679531545,0.6097612563831644,1.554180167207687,0.28794749910067047,1.0101122730908896,1.0319073094726456,0.9907932748478778
2017-05-10,0.8498893332193026,1.4203417781197316,0.5087796830678138,0.8421866152407453,0.6139079968682972,1.5489951887093052,0.28559982680790613,0.9828309176846652,1.0374215611235482,0.9947588188913775
2017-05-11,0.8436225463056338,1.4307150441184924,0.5098892123033353,0.8431371048860447,0.6167161992696352,1.5607424590294539,0.2878467998252353,1.0085154784902577,1.0421539183540303,0.9862173071379746
2017-05-12,0.8384398836936316,1.4309238077924138,0.5088244197523291,0.8437485064993521,0.6167243852456878,1.5601199892466437,0.28729409292359515,1.0055067870566254,1.0408284748785672,0.987929325661836
2017-05-15,0.8419798421231498,1.43195260460085,0.5181916876003357,0.8401164777324924,0.607060931720808,1.5539167608737314,0.28717149485074217,0.9982087920260634,1.0344469322018002,0.9991611326498394
2017-05-16,0.814698586343683,1.4387631958781735,0.5147950953936686,0.8376597772485508,0.6081951183014117,1.561100828653793,0.28471139229522713,1.0064859172740517,1.0347778388211182,0.9956920743561365
2017-05-17,0.8580651760469862,1.4782356297051633,0.5130209587709658,0.8279549890826372,0.5781823880854327,1.5690213966825992,0.25429052441409933,1.0016182746780473,1.035037633028963,0.9375442439031716
2017-05-18,0.8619633933455559,1.4765646788867923,0.5129875296875469,0.8261197701909089,0.575543503325956,1.5668278215130913,0.2543612727274198,1.0050718439329653,1.0320215736300022,0.9323772986223798
2017-05-19,0.8583642967178258,1.4738114959898632,0.5083949100059882,0.8300168621247511,0.5786751752399034,1.5686051378458103,0.2561970629310699,1.0031491916859707,1.0304489126627117,0.9317858634342159
2017-05-22,0.8560182299415043,1.4737557019392027,0.506854307230738,0.8352898644978881,0.5803133690899073,1.565894979300359,0.25573610307261446,1.00613120681336,1.033595173149587,0.930234883202843
2017-05-23,0.8592852136563227,1.4755038370165592,0.5059389400198168,0.8358821675502164,0.5809669408646632,1.5700483347485195,0.2528418253705006,1.003797969071599,1.0351636038892833,0.9292237745923094
2017-05-24,0.8549901780731847,1.47970519167943,0.5091707517348155,0.8491999535895113,0.5793701572874449,1.58761288125658,0.2371156086614173,1.0104223088466002,1.0551208450855842,0.9258513621497011
2017-05-25,0.847078540125097,1.4718626797140266,0.5095357788386959,0.8441897124963295,0.5784669260233821,1.5823613528088945,0.24728853513615096,1.015165111369486,1.0518369781207713,0.9315027283251617
2017-05-26,0.847779356842995,1.4712255302296282,0.509344661222569,0.8438868337892579,0.5780524283811443,1.5815701681821042,0.24843368338578178,1.0158817857991478,1.0510145131622115,0.931613078975802
2017-05-30,0.8500401099329351,1.4745524836232147,0.5094224646078259,0.8448780315105603,0.5775904366165197,1.5855197274708663,0.24922911941102932,1.0192495238972434,1.0525782172887455,0.9289966811039737
2017-05-31,0.8499070098207493,1.4767057846868,0.5078607864669893,0.8439733557950653,0.5759099727565222,1.587028205092574,0.24897718331957333,1.0221345032001847,1.050651499357353,0.9295113953553822
2017-06-01,0.8470493515892141,1.4761776244286384,0.5078089476693949,0.8413931160435094,0.572303419928652,1.5791907796658269,0.24953538897882468,1.0170759164389347,1.0542994234517622,0.928752137350043
2017-06-02,0.853289220315567,1.473171945733553,0.507193243345527,0.8379007251886306,0.5732540090504407,1.5746241029373242,0.2519465254617528,1.0171036406351412,1.0606782207363434,0.9329441758336482
2017-06-05,0.8565356798239669,1.4672059506989579,0.5080523751549767,0.8364975587535382,0.5758389282519437,1.584724581385341,0.25965995877895715,1.015503954333195,1.066643435060717,0.9389852031125455
2017-06-06,0.854144135948961,1.4638699030075661,0.5034753969326351,0.8267264068842586,0.57468917134769,1.5808629546373698,0.2605317241525974,1.019744680394284,1.0625272629466398,0.9413208168310868
2017-06-07,0.854362690473378,1.4652521431917467,0.5033944186629171,0.82508776492771,0.5750407448737438,1.5792849043073471,0.2614048876060188,1.0207319784316693,1.0621358403196552,0.9406523596120308
2017-06-08,0.8560687104932067,1.4655294118559954,0.5038826886432501,0.8255285475007912,0.5748138198498639,1.5754306096866222,0.2576515194465372,1.0208138236233169,1.0584170909772421,0.9397128358682068
2017-06-09,0.8640416047438856,1.4603176942425429,0.5054294260616188,0.8225939981451944,0.576006895325128,1.5714523994565284,0.2611729724526418,1.0263318487085522,1.0544441996770628,0.9428815290490545
2017-06-12,0.8666853064229336,1.4588369686619225,0.5097974103979798,0.8212666541163569,0.5818214334689937,1.5701192231746501,0.26300197124784747,1.0236870701442478,1.0688702577374993,0.951019202402324
2017-06-13,0.8589640171773506,1.4595495036330444,0.5112510724846634,0.8338841822427783,0.5769766719420293,1.5670768073510966,0.26363977783133935,1.0323799926494226,1.0718850379437088,0.9566049493902993
2017-06-14,0.861283982413384,1.4551914767833167,0.5110965821862576,0.8357238124586749,0.5789294379654042,1.5679959277283968,0.26515530961446093,1.0350151986944582,1.072649035436875,0.9513483252239849
2017-06-15,0.8621931747630125,1.4563498721678299,0.5086569571505284,0.8339233985814072,0.5740115515149821,1.5631965584667302,0.2609310114333777,1.0369747994767942,1.0721059774435309,0.9503046269045042
2017-06-16,0.862743334761184,1.4568854641009055,0.5082428932700451,0.8305081806196916,0.5728613064558082,1.5646011247213822,0.25876362464396724,1.035772375351065,1.0724575989382177,0.9489729168726075
2017-06-19,0.8708016741241457,1.467012553001358,0.4987506610221167,0.8168611375975613,0.5699392791646881,1.5594903167050063,0.25479567624070415,1.0286636146613424,1.068888293421626,0.9460096484396122
2017-06-20,0.8794824959964076,1.4689079327594572,0.49203703966551804,0.8159993140144721,0.5715401612524694,1.5565707038007146,0.26138097882469025,1.0233931976280295,1.0743805348341013,0.9567398772797133
2017-06-21,0.8776405674846672,1.468393459367216,0.4924658841018724,0.8165710681905798,0.5712028728453473,1.5620106362199102,0.2625287455734276,1.0223103528684019,1.0785484116417468,0.9560594124164787
2017-06-22,0.8770492120957719,1.4680286145289163,0.4921637593391638,0.8165181558330912,0.5723935709533232,1.5618737601994654,0.260820542837533,1.0208530880573246,1.0815568509304172,0.9575477316798029
2017-06-23,0.8876960245675396,1.4657973259881194,0.4910511035435871,0.8218115432368676,0.5728127773446395,1.5588621277123593,0.2657297731940153,1.0183620356079532,1.0726969485443374,0.9760343643998407
2017-06-26,0.9001754671050503,1.3808511075669272,0.5023122391010939,0.8417076325824826,0.560005366287301,1.5059284857951067,0.30869312119014686,1.0374363154430424,1.0523065025959353,0.9553965500065694
2017-06-27,0.9116178223680884,1.3329473124648519,0.553203226660306,0.8607280067287787,0.5584445831815354,1.5061430942828038,0.42209521499728153,1.068004759227691,1.0198278401242133,0.9315527059462988
2017-06-28,0.9191763298636155,1.320597473166586,0.5266525191121482,0.8379554824184796,0.5370367333946807,1.5458145887782104,0.4152426169320535,1.0617241268978912,1.032691170093165,0.9181439515638017
2017-06-29,0.9499079367811814,1.274453649918766,0.5325605323264048,0.8320688672304961,0.5317800835742562,1.5471045122112832,0.45168625956173664,1.0889043548181379,1.035626659815127,0.9002034248505274
2017-06-30,0.9525632970836899,1.2800415891478871,0.5143299575894529,0.8253509981076207,0.528241582351262,1.5498203720515764,0.4236422459940282,1.1174286597560585,1.0333878863266959,0.9271331743161243
2017-07-03,0.950770015308145,1.2863091614767312,0.5154188217872707,0.8293664808404386,0.5296065249832139,1.5465822240732932,0.4236755113720647,1.1104869957859875,1.0344968449918108,0.9306052431715476
2017-07-05,0.946377068104273,1.264424295730762,0.5288865148632483,0.8249227451063852,0.5423295399766136,1.5274427132490107,0.435833168224377,1.1243096553015506,1.021633163756944,0.9542538633026982
2017-07-06,0.9494575322032006,1.251268938580082,0.5342076687916804,0.8198183436400431,0.5452325932622206,1.5229004606813066,0.42357357396342304,1.1142912766900877,1.0120749117913692,0.9795016547292241
2017-07-07,0.9527874696382398,1.249041905246003,0.5310965724787976,0.814903561785259,0.5446208962312844,1.517878716711129,0.42251063868860017,1.1196726452527057,1.0105320113071552,0.9783782121951278
2017-07-10,0.9712097024865128,1.2475405236717498,0.5429960377290592,0.8269136416391971,0.5378319393910201,1.502366615761447,0.4096457448145704,1.1321430212537424,0.9872615316287928,0.9751424019941981
2017-07-11,0.9712941006067517,1.2475723157904837,0.5440152092096173,0.8246912203071474,0.5393700247293512,1.5016732255139014,0.41161289545285984,1.1297846776400349,0.9908090042140646,0.9745969252672644
2017-07-12,0.967620591245171,1.228227301694002,0.5517026920589263,0.8175731122918805,0.5413212700350801,1.4819382488625092,0.42979646883497585,1.1494865347610743,0.9739087869572491,0.9859641133584802
2017-07-13,0.9694450194976266,1.2287464534048638,0.5509117653956327,0.8174629689637215,0.5406070627311104,1.4801674883732097,0.4296279016808784,1.1472304194615695,0.9733921384072969,0.9853056980505701
2017-07-14,0.9613807853261237,1.2129739191240523,0.5539005794278549,0.8199894970380819,0.5441708493216312,1.4798949423123022,0.44022912157580596,1.150455706684577,0.9727536822710786,0.9875714739328775
2017-07-17,0.9610655700734182,1.21415726784083,0.5539833662065345,0.8211412397121189,0.5441796376521811,1.4818218630675057,0.44131541499022736,1.1481160438723252,0.973978309684201,0.9886623330940549
2017-07-18,0.9590386236500287,1.2162041297502275,0.5542331785409502,0.82233519651815,0.5449204992729066,1.4833292057187948,0.4402230050394602,1.1489923923220766,0.9754519965897293,0.9880208185167987
2017-07-19,0.9590815703702482,1.2115189622486036,0.5613759990727054,0.8215216943106242,0.5472012376639203,1.4825161174013217,0.4395599070622981,1.1474510455049023,0.9786973477305694,0.9847404618105685
2017-07-20,0.9622671806570311,1.2144832959998237,0.5622617593370655,0.826228096249949,0.549444951457698,1.4874783597046144,0.4435568848941859,1.1460742299689712,0.981090488353435,0.9902826487863963
2017-07-21,0.9604932630607917,1.214852218947424,0.5648215295917861,0.8292851523586369,0.5502174258889424,1.4940698247437076,0.44875265134972,1.1476096536001872,0.9805378622356409,0.9950763274386971
2017-07-24,0.9659315286849365,1.214285019761101,0.5712265181968492,0.8303603869765305,0.5494740198537644,1.4996627812515917,0.444781670955521,1.147636697221464,0.9822148009448765,0.9827394421757552
2017-07-25,0.9594714209308058,1.2187765458865465,0.5677598145589905,0.8229228391667148,0.5543058571441897,1.5166508872689828,0.44328891113047497,1.1440335365981875,0.9845404309347677,0.9872957432498579
2017-07-26,0.9590655834735001,1.2193244740799472,0.5681329726288673,0.822629528964142,0.55403261271141,1.5186965590709447,0.44231432023560086,1.1433338890172884,0.9849844915483634,0.9868029585884283
2017-07-27,0.9810089531068389,1.2212231701940512,0.5675914773337273,0.8195520996745626,0.547864386964288,1.521399477395441,0.4410898515684046,1.145338578757611,0.9890421069723442,0.9833823478548518
2017-07-28,0.9811820027622955,1.2229549520678005,0.5656678383960396,0.8248941362452163,0.5486808825754591,1.5245659374235117,0.4399564524822224,1.1491968471472307,0.9916990851737297,0.9779517073688867
2017-07-31,0.9829339511492422,1.2226993676971452,0.5633988602491982,0.8260628882359031,0.5458697053590701,1.5256299997546143,0.4376840426425719,1.1543784050578805,0.995839134393732,0.9777424893639725
2017-08-01,0.9894933980792194,1.2249060184766165,0.5630627493754244,0.8169696543245486,0.54917454999945,1.519759064560394,0.4386833529507561,1.1594288199070624,0.9951560416022295,0.9804806039536714
2017-08-02,0.9786275456179644,1.2297088589789866,0.5621867113666505,0.8379007910006776,0.5572597355155438,1.520106489849032,0.4339021597369395,1.1568181683308625,1.003312004070993,0.9789975954908394
2017-08-03,0.9791435882539848,1.2272879405861774,0.5616557311734058,0.836170672021998,0.5620275624741191,1.5154607236416429,0.43064694320063995,1.1646540956335818,1.0027498141870694,0.9810549326806466
2017-08-04,0.9798573299636755,1.2290755188785394,0.5611186986602005,0.8352654342602759,0.5613980692355977,1.515953275675752,0.42899020013201195,1.1646028572047487,1.0021072490521925,0.9813757436393258
2017-08-07,0.9748754566277362,1.2095500668862038,0.5628983640155362,0.8422341738716356,0.5729434384699448,1.5211964473864454,0.44913135396821985,1.1696657572087872,1.0125052754925594,0.9871967381772723
2017-08-08,0.9723879001345783,1.2096649604987963,0.5634182757529163,0.8450820226560277,0.5716862036194739,1.5235507112871673,0.44803694487011086,1.170011763121194,1.0176178315498368,0.9838139362644754
2017-08-09,0.9716848701121055,1.209873227172396,0.5623515848284454,0.8445344075589934,0.5711935487387855,1.523509428690427,0.448196725247416,1.171152794555932,1.0172690763994459,0.9840275281083386
2017-08-10,1.0119378800923602,1.2014743648975814,0.5470133442766228,0.8213957706607417,0.5597681658255775,1.499357036343625,0.4288439056016125,1.1933832478567927,1.005269154721852,0.9847661624906913
2017-08-11,1.01765472274087,1.2026931261933336,0.5465460837530386,0.8199779539968336,0.5577541599188295,1.4991875538147348,0.4265866719496326,1.1962526636357476,1.0053179218492354,0.9917320720793982
2017-08-14,1.0232836625147435,1.2004061150611178,0.5416961733883805,0.8121104028828435,0.5551719481172079,1.486950041955056,0.4278207170467175,1.201522433370312,1.0313872546514895,1.0174396439171554
2017-08-15,1.0189418876140657,1.199426447413159,0.5449779693461227,0.8130295296432707,0.5548944136275589,1.4838900305017466,0.4315511965421899,1.204759705685549,1.0281124666260506,1.018241028482564
2017-08-16,1.021189026714059,1.2030852357693782,0.5335064363859451,0.817751018875239,0.553200331766904,1.492290302322234,0.4241832502954097,1.2041394722418701,1.0599795383785784,1.0187839543032184
2017-08-17,1.032767083620866,1.198394427949593,0.5331909454986707,0.8227179808777091,0.5423147035906837,1.4607404828540547,0.4290743838967511,1.204202376759345,1.0550952283116106,1.0198980591541542
2017-08-18,1.0344995203195395,1.1983146938343634,0.5356232922147047,0.8182197524008871,0.5394966783866302,1.4620322917826727,0.42408166232588784,1.205210443383538,1.0506495244772736,1.0212430105368344
2017-08-21,1.0348504480082774,1.1977975121892337,0.5363090561664138,0.8149775812771258,0.5396246132282513,1.4633128577405408,0.420294119425192,1.2022571722892728,1.051559137079516,1.0223573899862684
2017-08-22,1.0403475684391257,1.1941639333772265,0.5404207334627247,0.8118361071802186,0.530300334156526,1.4686023891579452,0.4170330976292494,1.2052504664073163,1.0533090855990708,1.0002596896368727
2017-08-23,1.0382918922486122,1.192465280651993,0.5472554285497384,0.8116410723951645,0.5303730917925964,1.4711260857578836,0.41911106643947676,1.2081139691494425,1.0532094349941856,0.987918349220496
2017-08-24,1.0368747289882025,1.1991199519312805,0.5437998880093141,0.8190073335598744,0.5320310973322876,1.4674550954164463,0.4202918111014783,1.2087261083941179,1.0551772268756332,0.9847987344560114
2017-08-25,1.0359408906442469,1.1999922908991996,0.5429214949736584,0.8185891857860724,0.534248699796375,1.4670682018049999,0.4216772739018657,1.2080375249788142,1.0576805416847153,0.9861564312294165
2017-08-28,1.0343137946472971,1.2009723735521474,0.544268605322215,0.8185498344413427,0.5333921490559701,1.4668669029353678,0.416804126070913,1.212317784089636,1.0552608340923886,0.9823388747004356
2017-08-29,1.0400605354232122,1.1979022237344343,0.5414520571096177,0.816468178538237,0.5295905603226302,1.4693848357485364,0.4146572414488346,1.215229233332267,1.0560831677692548,0.9780052425191814
2017-08-30,1.0355718222825048,1.1989400419423872,0.5336387178913733,0.8114947730641694,0.5224917016934778,1.470809649537977,0.40942761879464473,1.219137925722861,1.053684364252584,0.9781902350555002
2017-08-31,1.0339806364684943,1.1906759508194191,0.5385717271529172,0.8101743946469796,0.5228324785063166,1.4618575537990026,0.4056138195245933,1.2255938662355377,1.0538871234788787,0.9850925723375282
2017-09-01,1.0337271621720407,1.191482476731585,0.5360058591145134,0.8104362371830468,0.5241062809612413,1.4619024556308964,0.4047723146589043,1.2246417956650992,1.0532311060118895,0.9858133941181116
2017-09-05,1.0380645645027664,1.2103710495035247,0.5417973424051937,0.7911699170335955,0.5191099488029748,1.4522325246769041,0.3933448751613462,1.2313821476355755,1.0499957325364973,0.9753496318389446
2017-09-06,1.0376403310561102,1.2130198497003397,0.5426660381868323,0.7941649174740284,0.5172571655689546,1.4461593532984474,0.38195732896613466,1.2245969667382006,1.0556798685504922,0.9720526938165379
2017-09-07,1.0385857996401138,1.214364813020773,0.5414245406671939,0.7935133742371797,0.5162986368848017,1.4472817978066477,0.38098083254338094,1.2229174865258545,1.0547931954235528,0.9718771485491581
2017-09-08,1.033427661273553,1.2156994278317799,0.5438025489004887,0.7982417142440562,0.5161667552401576,1.4468648000464865,0.3844281206737335,1.2271673465084254,1.0494900292594944,0.9674060137584096
2017-09-11,1.0480003167948813,1.2972239790008107,0.5716515864597312,0.7765614061647624,0.5072091379836401,1.4413175798283564,0.30410287651680923,1.2226253757294068,1.0601083078704145,0.8858761257281206
2017-09-12,1.0311577896082516,1.330672026932078,0.5704917755551637,0.7895757799731424,0.46877873993925806,1.4645497727496923,0.26334692883359645,1.2302287096106304,1.071513061620666,0.8683967732637975
2017-09-13,1.128314140292651,1.3595714668684586,0.5582262840228175,0.7601911693804961,0.4514625425445172,1.4647945741390351,0.23489219645868029,1.2416457102801275,1.100692471233847,0.8348885104195133
2017-09-14,1.1378518161854145,1.3595217130855755,0.5547478852834956,0.7573627312701854,0.4512945180194931,1.4644885264383265,0.23315027230366872,1.243607286900906,1.0986008843406199,0.8303068801569716
2017-09-15,1.1045410392416515,1.3774417046982657,0.553859451334575,0.7594598612638386,0.4386744837484207,1.4703991710943556,0.23042516020333076,1.2445062887247467,1.09735664560074,0.8397413522050082
2017-09-18,1.1015625035437933,1.373319699326946,0.5536155073156769,0.75277391274434,0.43946603530041856,1.4763924647276105,0.23225948426890272,1.254258351171765,1.0974392814465082,0.8440554864407104
2017-09-19,1.1001014051694766,1.374541268893256,0.552877059736296,0.7526681754455747,0.4406518814504422,1.4764393278489711,0.23315602927808524,1.2533024146039426,1.098485166889146,0.8455490839372481
2017-09-20,1.1000998509696736,1.3746876047320111,0.5530395200491065,0.7518189718027394,0.44076248527545636,1.4762441757526314,0.2332915077813986,1.2536284781090423,1.0983372040125157,0.8453607476080066
2017-09-21,1.1320432835599128,1.387362071912551,0.5557741786567141,0.7527758322570703,0.4760606774392228,1.4661958352220166,0.1993722649767444,1.2597364460224423,1.1091937360792357,0.8291768234342207
2017-09-22,1.130457756253839,1.3888961063975729,0.5549024648101504,0.7544070678425495,0.4653147175305159,1.476573377344894,0.19972000838724974,1.2486708471863395,1.1134201435902038,0.8138046238018611
2017-09-25,1.1220444463877641,1.3970301752008025,0.5525436212117558,0.7509228670880262,0.4500772261674197,1.4701816115575241,0.18797004245722326,1.2643621422032754,1.1046422146557477,0.8174134022676557
2017-09-26,1.137448576616643,1.3804668194864094,0.5460671705306209,0.7544797441300851,0.45791807459166856,1.4875505346046594,0.18242678465796602,1.2688916786026692,1.1135689487239844,0.8240301788871449
2017-09-27,1.14491181774964,1.3870954834291391,0.5301714914807668,0.759310885225047,0.44203632535816967,1.4878073654567594,0.172822776032518,1.2602006451339398,1.1144465828396413,0.8289544435283674
2017-09-28,1.1432997120477808,1.389439429960442,0.5311337380350242,0.7263949464821011,0.43350092010920643,1.4579490115709353,0.17660748517278418,1.2532367650061653,1.1114978985198003,0.8241899024660244
2017-09-29,1.1337475871541476,1.3802879827319035,0.5090498577389871,0.7276705320204973,0.4158542264314137,1.4933293515168995,0.13661739079081098,1.275414496998095,1.129949223832152,0.811066572060109
2017-10-02,1.1321861887682172,1.3814818322445244,0.5091334482273108,0.7181728131381022,0.4013744215283111,1.486518252014196,0.15400248081077364,1.2713354640214805,1.123394784310688,0.8255482837744376
2017-10-03,1.1313684723946986,1.3836761909426567,0.5156999152146092,0.7185024935432297,0.39451841776438606,1.4862578536579234,0.14689034186300548,1.2726156722035096,1.1301952088628868,0.8149971384071827
2017-10-04,1.1399535719601102,1.3974795416172552,0.5187229578271771,0.7132666313616458,0.3931750215444559,1.484931137923226,0.12895750381008875,1.2767474034929118,1.1281805601777004,0.7906807173704182
2017-10-05,1.1482374234574861,1.3954869424122227,0.5175132233973846,0.7085284163234992,0.3846542691955048,1.4644373483335027,0.12548298245466058,1.2801410948566774,1.1256170747875938,0.804545124104827
2017-10-06,1.1484179898131874,1.395813291272449,0.5172118431354533,0.7093469681655044,0.3836113526950459,1.4626968843554768,0.12621249701392914,1.2766719247287952,1.1262300087474886,0.804515995960215
2017-10-09,1.1494751587868193,1.4026771097798771,0.5201036490653748,0.706309047718187,0.39148971527366017,1.458329413860311,0.14734830247139477,1.2760795030242618,1.1195683138850645,0.7975240376176396
2017-10-10,1.1402041949672936,1.4032446677519628,0.5191752454505171,0.6945531429562375,0.39845928478514236,1.4676559032026162,0.1441746723943141,1.2762762194219246,1.1225113159999063,0.7950372405793903
2017-10-11,1.1799134291033193,1.4320571916986367,0.4937112006758297,0.6985053287776691,0.39579588335410776,1.4901274708176953,0.11444691902211454,1.2856645720036608,1.123138638604289,0.797989942581807
2017-10-12,1.1802030465898825,1.435596348456021,0.49274268160156154,0.699267408173808,0.3920598838917442,1.484455150271362,0.11104793595197003,1.2816882037137098,1.120062070330526,0.7929124534982773
2017-10-13,1.1804537586327446,1.43423020542058,0.49525978620938993,0.6964901674699073,0.39048069540700686,1.4823025892597086,0.12031332726497437,1.2804962425397712,1.1212391933358103,0.8090613674034534
2017-10-16,1.1839681123939045,1.437215256895703,0.493976216759216,0.6972992056716932,0.3907341086613372,1.483450815996387,0.12079931219195426,1.2799802744499262,1.1196435023368365,0.8073517994834855
2017-10-17,1.1856737810484583,1.4362752020630054,0.4999301183967161,0.6991550195741668,0.386742554782143,1.483177683816242,0.12052280663558632,1.274058679267215,1.1214199765549175,0.8135432029469525
2017-10-18,1.194506789562848,1.4378734583742212,0.530740799248593,0.7003352148183972,0.39381920524016767,1.4943112327548653,0.11336937297383452,1.2761856541705765,1.1161025850386435,0.8015584085226057
2017-10-19,1.1981306435484214,1.4361832176635068,0.5325669711461241,0.6993038220668522,0.3986021690725533,1.4928550746374383,0.11429154370193394,1.2777814631773048,1.1131936206403077,0.8018416813927862
2017-10-20,1.1944198160749706,1.4415287603355769,0.5329343243541219,0.7012713751475105,0.3637184262057467,1.4873955445731646,0.1128627093919166,1.266423157109604,1.124931043948057,0.7999583896401188
2017-10-23,1.190335328038879,1.438878657482215,0.5219354733820051,0.6959679137647803,0.37104121157461034,1.479972551304196,0.11137729288640473,1.2786086961669647,1.1254680074104306,0.796251998112212
2017-10-24,1.188686533868953,1.4425361384574649,0.5206178830641834,0.6959148689351697,0.3737898787686777,1.497003481143032,0.10795126709167775,1.2664914129428828,1.1319690223196752,0.7920593963518869
2017-10-25,1.1957952559337108,1.4385310596417165,0.5173607387287489,0.696590134983805,0.403838248024672,1.4902372602623353,0.1182028208604368,1.2646731724633142,1.1180576737288777,0.7883224692047974
2017-10-26,1.1865555456993073,1.4421007886166792,0.5194072854242249,0.6996989031309612,0.40725581297326213,1.4887858894778991,0.12000493182212778,1.2585823527164413,1.1231671124703446,0.7840535008873198
2017-10-27,1.2174722865155039,1.4291669895439485,0.5201889752350379,0.6970044081107494,0.38998587980547744,1.4724702098298161,0.13316355453080198,1.426349301857197,1.0870509444312049,0.7703837692948103
2017-10-30,1.195567335264405,1.4303749652642774,0.5272439675306229,0.6804791823100663,0.3987823245288157,1.4871289354650334,0.13905664132056436,1.381935509759059,1.0959163161686312,0.7783851587056999
2017-10-31,1.1955729348513542,1.430369303438931,0.5279624328479712,0.6776343524296453,0.39876473091758474,1.4859365699550797,0.1418157962358287,1.3845591256833811,1.0950581456108477,0.782051186415583
2017-11-01,1.1777485071137979,1.4376264626947304,0.5247972309797214,0.6913526800231048,0.4046666470901183,1.477947885789378,0.11642733165632432,1.38895276516436,1.0937385463090015,0.7515116789263001
2017-11-02,1.1880033339359726,1.4434964253949967,0.523201394819091,0.6953738661836062,0.40741807555830245,1.4706672554265892,0.09445488190639682,1.3666497661208978,1.0916241703999814,0.7299643494938962
2017-11-03,1.1909721315148347,1.4421261459269972,0.5261457873377209,0.6989359039636517,0.4077124931887345,1.4763341843494264,0.10290106914034479,1.3792620118205086,1.0921729686786783,0.7217594351968113
2017-11-06,1.18767620587485,1.4379901048637245,0.5264369758662265,0.6996800393132766,0.39907052876509047,1.4836874769389257,0.09947991404004074,1.3729968381990922,1.0913844765497696,0.7227637331855373
2017-11-07,1.2462452718602544,1.4475352842455638,0.5204189795694666,0.666237768527108,0.35698480873666916,1.5573929961421482,0.05381295096633578,1.3332671215213547,1.0820556917826905,0.662555193286806
2017-11-08,1.246858990241782,1.4480083393101488,0.5211922657206819,0.662677993636966,0.3519848953614474,1.552692359701938,0.05127382991065457,1.335371422548019,1.0835132937007743,0.6618825656742394
2017-11-09,1.2822967057769432,1.3762921326006576,0.477663448598307,0.6445805113759356,0.3963788305468213,1.4288263511448487,0.19195777379521523,1.4142344159016227,1.1014126151747914,0.7911801194789921
2017-11-10,1.2920296449163828,1.3644810667077372,0.48175808032753376,0.6430098427817408,0.4043935291420468,1.419873163696454,0.19857759241197293,1.426576338453624,1.0986488845779103,0.8021348923449546
2017-11-13,1.2946943011985803,1.3656432138298273,0.47782348838238414,0.6363517423854378,0.4085229270528831,1.4182092494914758,0.19263068311310177,1.4251447479205785,1.090096175465542,0.7966944904446295
2017-11-14,1.2988170394387215,1.3740923067642434,0.47582663869169894,0.6395698417251302,0.40770932788831604,1.4137365871426333,0.18755931804211082,1.4141432329067554,1.089319713889898,0.8003003552209158
2017-11-15,1.3048660607859222,1.3691313521546042,0.48637665049280654,0.6307349129661969,0.4081693240755645,1.4504287960620355,0.19312966759250555,1.3839105648378633,1.1038393233259596,0.8312588802940942
2017-11-16,1.3187074645435,1.3444874756743972,0.47671253423117155,0.6050255897289232,0.41902431455634104,1.4525901004203237,0.18421047103511196,1.38224363476837,1.1214259365284753,0.8559883290440725
2017-11-17,1.3273944026633493,1.3431222705650536,0.4814522539326171,0.6136740616054821,0.42795689315378327,1.463387353451395,0.18858576615385161,1.3796492316343658,1.123114641044915,0.8694285170302409
2017-11-20,1.3290342284985937,1.3433863862721653,0.47936195870683607,0.6157833022442211,0.4197713098504612,1.4624552514755622,0.18383291361768425,1.3838716859022109,1.1216710905513996,0.8832555377038642
2017-11-21,1.3340372579829827,1.3396068512334436,0.48910130759814396,0.6014628314147183,0.41587238843543745,1.4640434643939582,0.1835521422367042,1.3641499445394314,1.1166152845242339,0.9059167855941099
2017-11-22,1.3318302106095803,1.3392479207792671,0.49847120278009055,0.5998315514700787,0.41704959502739647,1.4617689621068806,0.18352444943432786,1.3584556233610288,1.1164075409093266,0.903652476463998
2017-11-24,1.3309739920607757,1.3373224562333192,0.49949077010473203,0.600686738812179,0.41720521686212036,1.4584640796129547,0.18483162297685332,1.3653641281385038,1.117373454040606,0.9037005032964234
2017-11-27,1.33310029844751,1.342220356064795,0.4931485456031539,0.6010792887703026,0.4104279376258377,1.4660722783373061,0.17670763437169135,1.3677191352835159,1.1197373640855894,0.9076431846141385
2017-11-28,1.2990745469398377,1.3852615212470045,0.501147959413427,0.5991216645815204,0.4085499942946139,1.4590335243065178,0.1973610004244919,1.3217319193025132,1.1553479665496798,0.9118649813076739
2017-11-29,1.3045400641325986,1.3789354833320235,0.5025785670820863,0.5982028397329364,0.40899972110019667,1.46225370635578,0.19670364065095594,1.3293009255103057,1.1533098970228206,0.9118725271748536
2017-11-30,1.3041789037980867,1.3865691852876734,0.48258808431893185,0.6238721553873433,0.4111677056999693,1.4915196628422602,0.1758628707005591,1.3225351433233086,1.1161549231740566,0.8954226102113572
2017-12-01,1.3007999673220723,1.4060307443774318,0.48122619076668527,0.6234278685964041,0.40289848570133074,1.4991537827497097,0.16781965393351853,1.323799389371285,1.121905927114608,0.8804739232741651
2017-12-04,1.3036114267858943,1.3973060933781596,0.48428162140851433,0.6223389792713209,0.3987800604384252,1.497929476794651,0.17277328943517092,1.332619424430042,1.1176118560228971,0.8817507402667424
2017-12-05,1.3178214320516801,1.3902815481470652,0.48259582457708583,0.6253800488581073,0.39270449027483806,1.5205567476179174,0.1721650688586497,1.3034759030947802,1.1145282000879828,0.8929185548883459
2017-12-06,1.3172970750783708,1.391404634263363,0.48167021750098266,0.6270065474696043,0.3945154213364627,1.5190707747483647,0.17226940340491753,1.300857483855947,1.122756347343155,0.8931413171230234
2017-12-07,1.3391448611314691,1.4261424827218034,0.5200234020304615,0.6332707291865809,0.36020662308510254,1.5215133666806493,0.11184824631167041,1.330749909587511,1.0892670075769775,0.8347900192358703
2017-12-08,1.3286877196062672,1.4279274182706194,0.5215531273577656,0.6308543185796267,0.36406757295113795,1.5240031608298366,0.11832752058349309,1.3266791353758174,1.0847673642388733,0.8358554751292484
2017-12-11,1.3278739727482771,1.428619875122754,0.51347667455636,0.6272842927775666,0.3530163657944182,1.5409839804119232,0.12426978557082717,1.335342834952288,1.08451308798031,0.8388665131961605
2017-12-12,1.3242230038649958,1.4275245182702556,0.5260308761525683,0.635850228510642,0.35572170749731963,1.5384189637975663,0.1241741982982163,1.3300185452708986,1.0819827211076951,0.8441889084430786
2017-12-13,1.3140774148285614,1.442497486326536,0.5249007378752437,0.6160291145185468,0.3552730242981092,1.5307256541639174,0.11047675113963769,1.3183009481824723,1.088963091773158,0.8474714042386683
2017-12-14,1.3289009459451921,1.4671240418293352,0.5244311426155772,0.5840381173007017,0.3391233991055726,1.5173190749931884,0.05091436802107439,1.3095297395470642,1.098151100516988,0.8011140096692667
2017-12-15,1.3244905833058338,1.462259049799532,0.521439358715552,0.5770640816586291,0.34955950568663396,1.4945220534139816,0.04775376205965562,1.3054659266369968,1.0835600955356766,0.80403540407306
2017-12-18,1.3322980648714422,1.4568877481816755,0.5133129393432718,0.5759373248389248,0.3474788121026174,1.4966761000340056,0.040614834486868735,1.3057102782795496,1.0998666755910989,0.8097237437408142
2017-12-19,1.337884527404679,1.4556503161232062,0.5126020151643499,0.5815908675148705,0.3487562500957189,1.4875374268768065,0.053628884141767454,1.3030984910046302,1.0917439752747748,0.8411240242019048
2017-12-20,1.3401439618948532,1.4514238751301605,0.5177715711467563,0.5804213836448604,0.35135331815407794,1.476634515915521,0.055404835374070066,1.3050459991801713,1.1194598046718,0.8454974857538602
2017-12-21,1.3425947727275582,1.4593777176406526,0.5155055226161116,0.5838506613038706,0.34959872515868456,1.4773536305810517,0.05189203989650686,1.3044005929619475,1.121292764501267,0.8386895059484591
2017-12-22,1.3398954425051108,1.4625410871952318,0.5181677630387429,0.587861606090078,0.34983269703123165,1.4783095632903178,0.05292514285052726,1.3036409980910193,1.1162880720197996,0.8360041315871584
2017-12-26,1.3496197269789552,1.4634818494825619,0.5178182457180877,0.5876169949607656,0.34764142364403366,1.4765486484913395,0.05451093937682558,1.301938270063597,1.1189114980666122,0.8364510719163666
2017-12-27,1.348670918865739,1.4643261717782123,0.518617654854956,0.5877178527507144,0.3493950623220761,1.4773861437646993,0.05503828261055833,1.2983455410613223,1.1172585629909655,0.8354214672590599
2017-12-28,1.3614536340483914,1.4752516561043674,0.5117030332339121,0.5889463269489074,0.3417685351605416,1.4702656692429885,0.04476302068755177,1.320590413040982,1.1181855600369506,0.8309036011930251
2017-12-29,1.367175563773309,1.4740738280117502,0.5174886265034031,0.5904679340823742,0.3432070672930124,1.468999287783982,0.04996116000286296,1.3291150070897026,1.1161443250216778,0.8339378382906779
2018-01-02,1.3745724087446825,1.4831533885934103,0.5028521493888246,0.6137669140795251,0.3133222275914722,1.440258684650937,0.027276735867073323,1.3197136511601826,1.1196223969316266,0.824589389770715
2018-01-03,1.3789100328438837,1.4753781112321769,0.508986514222772,0.630282728895248,0.31146117952856356,1.4289559559549283,0.01191380673157623,1.3363165686092116,1.1422192197709542,0.8275367753154768
2018-01-04,1.3886536982663022,1.4889608218540602,0.5127330800201629,0.6456773196805258,0.31379945949596316,1.449544929207321,0.005245675352056257,1.339396069190013,1.158414809890074,0.7957191133440851
2018-01-05,1.391790137505238,1.4627781083106028,0.5219586224640584,0.6341021280278908,0.31357018508404566,1.4535185147641871,0.009485559902308295,1.357859292860474,1.155225189499516,0.7867943536497729
2018-01-08,1.38700544726046,1.4656888519348652,0.526353005013723,0.6363481927457152,0.31548169279422117,1.4614816845880612,0.01340964996976359,1.3512462191047703,1.1546932390285438,0.7865967742137991
2018-01-09,1.3996848215125532,1.4717866404604767,0.5291711873269634,0.622432365897441,0.308316608184426,1.4580795593465656,0.008967075618524363,1.3564154388483145,1.1618834998283125,0.7804939020920357
2018-01-10,1.399429149527933,1.4668749892877628,0.5294004951574637,0.6232949281734582,0.30912584863106796,1.4618411460840792,0.013090880790633048,1.3552137429953681,1.1611443559629593,0.7845327740671687
2018-01-11,1.3925128491435808,1.4584905282759444,0.5379121447626686,0.6272796837575441,0.2999585569643356,1.4720698961472742,0.007917049726716533,1.3658758510134714,1.1567044904575818,0.7843770616955286
2018-01-12,1.3918920790691427,1.4630499881094308,0.5408108159638101,0.6285754328132102,0.29020743044220626,1.4624598766499475,0.0047218281775019775,1.3951409927360052,1.1515750240378662,0.7878682223531014
2018-01-16,1.3937308652077158,1.4608908820571203,0.5328158461372737,0.6323707595565042,0.2825852549373612,1.4641136843293239,0.005449992325596611,1.3912498694931534,1.161095743507296,0.7830048104936099
2018-01-17,1.408595908897534,1.4208543067051804,0.5264178473231728,0.6553262423240486,0.3097470095745024,1.4216602694421607,0.027140306807476988,1.3465825379792384,1.156764173659394,0.7957662422633494
2018-01-18,1.4078056044920377,1.4179914600788168,0.5271665768462667,0.6607452344897706,0.3107154495824394,1.4197034785173237,0.03211246155148988,1.3477611711311315,1.1635273258500445,0.806466228472836
2018-01-19,1.402001764327452,1.4089044973482705,0.5241486742427411,0.6415722538471141,0.3154407370664994,1.4288249516162834,0.02118142843188088,1.3491588659381015,1.1605628177418186,0.8091189080626738
2018-01-22,1.3730206614304075,1.4094408120396897,0.5262701958632096,0.647111378753485,0.3083188878828839,1.409744536847449,0.018535995516021513,1.3735070262044522,1.1298079418873488,0.8355498000464601
2018-01-23,1.3751664642468486,1.4114871411312517,0.5132088892285376,0.6402713779807296,0.2960463839739005,1.4072131089957212,0.019253075497953336,1.3909614634956529,1.1240913524381797,0.8484081551756998
2018-01-24,1.3929418354702414,1.4038826737344148,0.5409805859288611,0.6423901093482496,0.28814053267857875,1.399013364160813,0.024680413162443245,1.397623009993119,1.1196037591560233,0.8813544601193861
2018-01-25,1.387162340196563,1.3975301686103287,0.5331929267060054,0.6456274496754871,0.3042181667335163,1.387028732855013,0.023059926174397505,1.388878961804719,1.108354022349388,0.8944554460696288
2018-01-26,1.3539325163161184,1.3742588318413331,0.5289000453055477,0.6462635564630796,0.2776293266548078,1.3106134716486266,0.08892334474207186,1.3903811860081507,1.1100845147197507,0.8696975276787671
2018-01-29,1.373397155914017,1.3622600991269176,0.5475417667607047,0.6567065356595555,0.2911628964792829,1.348126669306055,0.1181004689105745,1.357348371903232,1.1289000636407112,0.8739006139792094
2018-01-30,1.359399656794128,1.3458984714564022,0.5563982940522432,0.6679024450923693,0.2837977535828455,1.2753974681961915,0.13881983735593506,1.2899092783501134,1.1298517028335,0.8626893257477397
2018-01-31,1.3587729258677712,1.340095949792745,0.5592291457736227,0.6636383142494086,0.28802003373096297,1.2718097453809556,0.14060971695775457,1.2863242539545012,1.127179885750724,0.8608498872241939
2018-02-01,1.3646487630025654,1.336962210433999,0.5549828753307311,0.655757353162231,0.2893741208812741,1.2721565299671802,0.14394513822069036,1.3007400104168467,1.1297791195534759,0.8665750171163373
2018-02-02,1.4244869955363917,1.3121318536023778,0.5776723382494005,0.8093109780384024,0.34074123475602314,1.2861673217070109,0.14675598947418791,1.071474878102519,1.1555670240301223,0.7857292492635453
2018-02-05,1.2311687937261617,1.2595269439578811,0.7582856914843209,0.9523037314922135,0.48713070362779126,1.2374151495874472,0.1750044128564527,1.0274837660905505,1.059073564201901,0.8255691778571844
2018-02-06,1.2820947254193031,1.2774811821261922,0.7523917488455353,0.875570909755192,0.5065837897019362,1.2646127978202673,0.09389519052103167,1.0690496799784943,1.0892076670317936,0.7678288734698895
2018-02-07,1.2943272532436876,1.2674594417248792,0.7520944326175708,0.8853099005361662,0.5097710174798781,1.2712322142629482,0.10196046959041692,1.0804310647410087,1.1117586590454875,0.7734210003149353
2018-02-08,1.202999061939014,1.254740094558619,0.7978485770754481,0.7873304404506737,0.5105648457663965,1.3051275461723677,0.17052340358500884,1.1143280086528506,1.1044482502799835,0.772957193554472
2018-02-09,1.1933926869698268,1.2521272225411888,0.8180429059110402,0.7792254348952553,0.4921871151081166,1.3056464530596672,0.20517146022326582,1.0755184011634182,1.1443687517351542,0.8108581812119692
2018-02-12,1.2300388649099259,1.2510181452149902,0.8070727797729894,0.7744592122517233,0.511766523557933,1.300984670813065,0.21698820661654702,1.101708405151031,1.162251225430285,0.7859038894636835
2018-02-13,1.2304029199613875,1.248349141237775,0.8054285904081149,0.7725764736675599,0.5111829933556508,1.2948228825917607,0.21706406399008357,1.1034071009391921,1.1596286840202248,0.7929370382646715
2018-02-14,1.229820756763679,1.2526907779557155,0.7868834975088114,0.763669046269255,0.4908595406316978,1.309795784160492,0.2035022407984722,1.1188150306469362,1.1507943775767357,0.7651768986334159
2018-02-15,1.253721411675806,1.2365435517308347,0.7883435964593601,0.7486887659875864,0.4938816096360371,1.3029505140048487,0.23850055376492718,1.1091833383478826,1.1407548250046424,0.7776768595661347
2018-02-16,1.2537695772638249,1.2367821040657117,0.7892002844058241,0.7471331324654037,0.49339289274397946,1.3024361630725534,0.239255384759601,1.1096652963340758,1.1411343684958895,0.7797029531000682
2018-02-20,1.251224503067392,1.2325234435857342,0.797290570942696,0.7517027073115945,0.5011854078617287,1.3009561235528722,0.2482723671822737,1.097218999567669,1.1373068412192626,0.7853183410082433
2018-02-21,1.2503287706526154,1.2252078129231967,0.798143402230547,0.7574147633656266,0.5054388551003675,1.3083154641340435,0.2513314830568926,1.0849446862896832,1.137144813708318,0.7933023286413762
2018-02-22,1.2513050481341066,1.2253128012575707,0.798050755414932,0.75618320262786,0.5055396487110013,1.3093898043648087,0.2516200497654324,1.0846417816126859,1.1366952112286923,0.7919636232007532
2018-02-23,1.2463964301317847,1.225684968266711,0.8038279207071066,0.7729558941815947,0.4976615782650695,1.3088334287858405,0.2855938071605056,1.0698174802228593,1.1269629837491781,0.8062361204284881
2018-02-26,1.2519138612509741,1.2239788413995487,0.7995948160349711,0.7831966784272608,0.49992568072782834,1.2989785947427614,0.2754702941307768,1.0712430680860954,1.1129800751230257,0.7951224885134969
2018-02-27,1.2354060159128832,1.2196350497028163,0.7900577892683119,0.7918419966427678,0.5085878322393513,1.297955283066973,0.2978169799529259,1.0640388677387675,1.1103751226992908,0.8024745598692957
2018-02-28,1.2227337957475033,1.224330777102335,0.7957883687353798,0.8074075707868217,0.5316674028596186,1.3287424488841002,0.29383544176357007,1.0509880406297845,1.12995235075158,0.7835203036235084
2018-03-01,1.2208243290858163,1.2064543136316468,0.8050709833055435,0.7880124855345744,0.5178750621860503,1.344773713701357,0.3014946075127438,1.0602677843302775,1.1292649775847827,0.7850561701961829
2018-03-02,1.2214138050673726,1.1974834561187293,0.810628374640364,0.7939636667526799,0.5187855091456256,1.3067014636343401,0.30752853288614357,1.0587400953510626,1.1266939340588242,0.7826260603818975
2018-03-05,1.2106507387883705,1.1993355233046905,0.8092762782980767,0.7953394946447223,0.5237615160415244,1.323887952899473,0.31800560070139366,1.060858098609328,1.1361795380272153,0.7881504973828402
2018-03-06,1.209908531380279,1.196577314941474,0.8072285193461068,0.7976750585056998,0.5232649402554823,1.3297061115229247,0.3151077515328958,1.060943121936553,1.1393840574973968,0.786066304472799
2018-03-07,1.2123967765935773,1.1961211901808955,0.8076835779789057,0.7999851905594886,0.5247588296587774,1.3331752673221982,0.3154425926325649,1.06075555953648,1.142408556564057,0.7858641382728441
2018-03-08,1.2139837061330512,1.1940563988185853,0.8164075140751472,0.7937828136918148,0.5280530694470431,1.3281821100789255,0.315210003415659,1.061587126251623,1.1471080065899508,0.7840286288338223
2018-03-09,1.207201016925751,1.2063019380133324,0.8147478534456761,0.7821239525512932,0.520756016255184,1.3378980880441782,0.31065254418904703,1.0569792845795332,1.1368760956288888,0.7950639317180672
2018-03-12,1.2054220770820347,1.2085613903391814,0.8162696610781965,0.7807567450745347,0.5197328278535512,1.341228718788408,0.3090698428864901,1.0562558941468791,1.1367134322951942,0.7956917863463319
2018-03-13,1.2069947265970993,1.2116789398907544,0.804072012282509,0.783276104141215,0.5182989722890949,1.3399796927861127,0.3070222150121255,1.0573152185958992,1.1353253759796156,0.7948862199720088
2018-03-14,1.2090211229314265,1.216502772578074,0.8125550132952752,0.7869801025348663,0.5211998795820734,1.3386950913228535,0.29373581371641977,1.0534411398088686,1.1434664497268456,0.7906543886929035
2018-03-15,1.2087410012103104,1.2221301762493053,0.8054025627057374,0.7804268719078755,0.521028676322148,1.3341899192146889,0.2884473517178861,1.061969033626325,1.140019889778023,0.7753504546673338
2018-03-16,1.2087993905131436,1.222198193150886,0.8052639330729878,0.7819173001305372,0.5218395780316035,1.3340765399564176,0.28697724329445407,1.0609479950002139,1.1364604675964063,0.7759247011765842
2018-03-19,1.2060133797037047,1.2079295305823288,0.8245227978905969,0.7837039785221984,0.515411496801889,1.3482000680920154,0.29241727989591165,1.0659701437802593,1.1593777889315322,0.7731880321834338
2018-03-20,1.2088085855739927,1.2065873854720148,0.8255397023619665,0.784006393733189,0.5160291982421602,1.3556966922939129,0.291895948164331,1.069319146969446,1.1598436749233618,0.7760752034010239
2018-03-21,1.2176846227046667,1.1876373889217169,0.8301959071474854,0.7904708182693415,0.5278996024653146,1.3333586282311294,0.3146406827593139,1.064110528614647,1.160860243540575,0.7641527909877674
2018-03-22,1.1790259967687287,1.2162857529615916,0.8496090942516574,0.7907184465031885,0.5145417201581716,1.3915499458699032,0.2716980829320689,1.0605260533714498,1.180230479856445,0.7555492128688476
2018-03-23,1.1762994983351815,1.2193073670553105,0.8491277332128965,0.7746583019271172,0.5051345649077594,1.3727545371823902,0.2896863584445398,1.0818589870214197,1.1808201628199873,0.7766882849512734
2018-03-26,1.2091124456532867,1.213361583299634,0.8390717948890896,0.7626516161242717,0.4912457048309424,1.3624005405784225,0.29779463744122925,1.1010122777744924,1.1634856317896203,0.7706235702691304
2018-03-27,1.2165504816340673,1.2118114446978294,0.8207797705357575,0.7492104733378236,0.45288177281211695,1.3512058083293044,0.2800174501477769,1.1302346296700052,1.1566527914020266,0.731404309581932
2018-03-28,1.2123159406414767,1.2079569301715796,0.8233317217068461,0.7504181951076805,0.4485613412317183,1.351442622173068,0.2814687151160528,1.141112359062747,1.160159037035202,0.7274973549678765
2018-03-29,1.2028219383854992,1.209451803377293,0.8177227839033969,0.765882350879247,0.4486286174983091,1.3467194430813971,0.28363591961098966,1.133678679651637,1.1590532212528482,0.723701955708661
2018-04-02,1.16935144779564,1.1960973879977668,0.8350301440128616,0.7639258516567025,0.47207296742624877,1.3384671041691694,0.28835910455863534,1.18264965977649,1.1418921663535953,0.7389220629337796
2018-04-03,1.1651081773766745,1.1922188376673333,0.853427207021309,0.7744775382831637,0.4792118133101134,1.3285635335112989,0.28240703052329386,1.1836026470868084,1.1386723445660023,0.7376969796454197
2018-04-04,1.1697948515853724,1.1925976512356202,0.8589555175482143,0.766308661719608,0.48122042135361953,1.3148229715806479,0.28096767972566805,1.1830934582265795,1.1348480498042268,0.7370133320012511
2018-04-05,1.1691181026283466,1.1946501456565863,0.8573173162036413,0.7712486292090968,0.47845427018690245,1.3193572695877116,0.28439893065625144,1.19220510218557,1.1364016620996478,0.7314646745197161
2018-04-06,1.168983451774357,1.1911113247423493,0.8599510022000633,0.7688033607872745,0.46897023637407526,1.331625411164092,0.29019740738159333,1.2050272609749408,1.1340897229265012,0.7213267786736386
2018-04-09,1.1706985935443275,1.1925844111736164,0.8615397099608008,0.7678637504521396,0.4687770350638082,1.3291998530428235,0.2899116732830176,1.205746091875166,1.133483652073462,0.7204104404453835
2018-04-10,1.1693493683914344,1.1906784294203139,0.8520462854230619,0.7869912298924365,0.46351645896531857,1.3419550797095479,0.28045160484461,1.2052385421158303,1.1327593775668847,0.712372926738652
2018-04-11,1.1687643893123931,1.195292998665145,0.852102492316033,0.7829423960754619,0.4626835680071199,1.3428342267536337,0.28211310915553256,1.2055325645805532,1.1362090852698372,0.7105792808842468
2018-04-12,1.1674448373286637,1.20290930132828,0.8517363244696774,0.7780308942724556,0.4583193186476863,1.3485015836022056,0.27368415156968917,1.206888538423405,1.1393081619248535,0.708467197349396
2018-04-13,1.1674682324434016,1.2086839404451741,0.8545688847132166,0.7769469746423119,0.4584640562622218,1.342033834577714,0.2747623633208473,1.2082186212825368,1.1380422501345728,0.7082591430308113
2018-04-16,1.1667760344212335,1.2008275512641144,0.8569436167661614,0.7736385224976857,0.4588023406570939,1.336789505519568,0.28090401864961995,1.2032338338110111,1.1500665336633626,0.7069154016022694
2018-04-17,1.1701636307617314,1.1880035874723316,0.8450379890370064,0.7705541511360916,0.45386571706907014,1.3322377306042084,0.2841526959897743,1.2190519763151333,1.1613338587137567,0.7279450753352924
2018-04-18,1.1697721687347375,1.1866245527104076,0.8378715635175104,0.7697829299014901,0.4554087698783558,1.3336892057534053,0.28600351123551315,1.2202274422742552,1.1623935396830105,0.7253592361662199
2018-04-19,1.179072593220816,1.1731892718081607,0.8359546431345178,0.7657705094027601,0.4676057052055557,1.3302598339809368,0.2859318806795875,1.208787748591123,1.164541504919642,0.72598733706045
2018-04-20,1.196958520028507,1.1670050170192778,0.8367668927322334,0.7643245340930501,0.47697441771757093,1.3261386687138699,0.29542596698534224,1.218819170105177,1.1602935217717936,0.725553299506695
2018-04-23,1.1976323034971428,1.1649682769646192,0.837151403635119,0.7637394109642831,0.4759412474162984,1.3257782712134691,0.2994317053117313,1.2186551414734665,1.1608270011633277,0.7252420709231832
2018-04-24,1.1981964986762694,1.1394955866354721,0.8309455530876263,0.7703421075089815,0.4711636797316233,1.361587905448501,0.29451827018701726,1.2442556917289336,1.157933318291434,0.717626577689526
2018-04-25,1.1988704792068128,1.138423486018072,0.83145764068448,0.7703706574380816,0.4697124864323959,1.334771910916057,0.293817634176123,1.2473461050998245,1.157156393731213,0.714795832392264
2018-04-26,1.1923123037417902,1.1308027607275313,0.8323951665294608,0.7764581288888862,0.46968307290276673,1.3300522386978384,0.30330770666488116,1.2644075226905782,1.1771761962671878,0.7217902382870215
2018-04-27,1.1917612499076695,1.130530090077265,0.8324354959499787,0.7748351553092595,0.46972941366298127,1.3296311884637746,0.3034238420510334,1.2657532808350436,1.176338614325198,0.7221375358612987
2018-04-30,1.1756236194106005,1.1278736051398035,0.8364530731378234,0.7722684001974206,0.47042045136399874,1.3248475737032614,0.30264550991514166,1.2643337964604011,1.1732983816943907,0.7324663019008779
2018-05-01,1.1768472385720523,1.1275520264318357,0.8358440670459005,0.7702322318621644,0.4698648778277966,1.324806816679992,0.3022865267784712,1.2632208714689817,1.1737690329484967,0.7320644366451599
2018-05-02,1.149488819817085,1.12815742361279,0.842845121305364,0.7682033001774327,0.4755487076602808,1.3227785384695296,0.3005344457482079,1.263691919989091,1.176410884498571,0.7323916155257313
2018-05-03,1.1485366456212573,1.129690567663946,0.8429622638466575,0.769480924314314,0.4745685650356158,1.3226304278061665,0.3003931151473814,1.2624856241540443,1.1741686691442161,0.730487647817954
2018-05-04,1.1684534872734498,1.1264800466598401,0.84195061418837,0.7656919950881359,0.48255641158205126,1.3228743294769163,0.30168075036595976,1.2524958517369522,1.1706704846496505,0.7279435148338257
2018-05-07,1.1662350934771002,1.1288579895272581,0.8421023784669925,0.7669494924795425,0.4812884209529219,1.3274168324109503,0.30092381272748625,1.2562545058152936,1.1658402318497434,0.726445792188313
2018-05-08,1.1667254839807346,1.1281469645707598,0.8424237439807483,0.7669933057521972,0.48165402597503026,1.327315167213655,0.30211306916094344,1.2569477357989203,1.1661544830614006,0.7267463845497418
2018-05-09,1.1646114947052089,1.1340631602412607,0.8421550676211481,0.7764726308627696,0.48719496965963033,1.3295641565474334,0.29281690476167466,1.25488664576289,1.164767620517756,0.7213287994409638
2018-05-10,1.1666446619299438,1.1317696883627393,0.8465488901169992,0.7853041241298979,0.4912176046950357,1.326446071892531,0.2978853016746833,1.2477797707850455,1.1638754230629087,0.7201002667693979
2018-05-11,1.1681016050459658,1.131069903798137,0.8485213269980805,0.7874498655235385,0.4911041352662157,1.3280383065934098,0.2986512806030822,1.2471630225691501,1.1642599709708998,0.7198223555282451
2018-05-14,1.1700817231566871,1.1308199335389104,0.8489934642111486,0.7876745091864912,0.4913141446977325,1.327779996885558,0.29943695577628293,1.2490693185608157,1.1651761076873246,0.7191782754744959
2018-05-15,1.1731057992215084,1.1313951897999657,0.8430577880606962,0.7852909809494143,0.49149820830343155,1.3296946671745462,0.3022400804597094,1.2564544115487202,1.161723917004734,0.7221571539336292
2018-05-16,1.1740259590632225,1.131085710904744,0.8433074160700823,0.7850814136546018,0.4930540372976892,1.3299485378131712,0.29919828540240423,1.2571931246512733,1.16172097174726,0.7181817060837171
2018-05-17,1.1586981863323154,1.1083767902575212,0.8533810420081605,0.7949545331804287,0.5049493218230054,1.3319915061839551,0.3110303269645337,1.2567448023102668,1.166093819464358,0.7459870030044286
2018-05-18,1.1566492394789847,1.1131976054157302,0.8521784390168334,0.7971650649814062,0.5071926805950829,1.329703446730917,0.3105104997641833,1.2555650959911737,1.1676484943007837,0.7485335427486405
2018-05-21,1.1578245624067196,1.1126765306312412,0.8497067017321482,0.8013373149954838,0.5089355076051422,1.3291378412333252,0.320283723917432,1.2574646802278924,1.1668599288538462,0.748712110763347
2018-05-22,1.1576790490742503,1.1123308264445015,0.8511642913129658,0.8024405602248778,0.5091563383588145,1.3356168327583424,0.3196916892124871,1.256411127436196,1.1685641937048388,0.7487490926417962
2018-05-23,1.1584278045572038,1.109857761579948,0.8514567625289285,0.8029409644664275,0.5095028777893867,1.3355706739043502,0.320077379081888,1.2580095303462664,1.1673209834062113,0.7507885561659352
2018-05-24,1.1590973945834568,1.1120534838726421,0.8530066900987944,0.8072972782858967,0.5095875135937914,1.3355255672814375,0.31809721745869646,1.2570843714938236,1.1663180420347925,0.7512351912797082
2018-05-25,1.1587356383276561,1.1152606021967426,0.8514071925697603,0.8132767669926235,0.5070798813684194,1.3365628657971096,0.3141586200125369,1.2542464537564006,1.16849664155388,0.7520124080552012
2018-05-29,1.1511261986354724,1.1398059839414607,0.8567962923947781,0.8083685647374748,0.504654652811738,1.336555770700936,0.3051677757857829,1.2423467705426587,1.1771096929835432,0.7465323937279729
2018-05-30,1.1374403067806849,1.1443291770366109,0.8593434242821725,0.8315221450717877,0.5095449871311395,1.3315264616771285,0.30907194688281325,1.2345523069919433,1.1814125821026724,0.7448409113981589
2018-05-31,1.1350840437443184,1.1455213659039014,0.8622784594984952,0.8297763220720976,0.5192421545830538,1.3386612383884209,0.3070600292434556,1.2295106208107895,1.178630645106228,0.7456005638773642
2018-06-01,1.1416111228023476,1.1446460813112085,0.8664652047206007,0.8303937189438223,0.5198008869308058,1.3395401794718016,0.2930341420044997,1.2288182457805237,1.1744046690002417,0.7475632155382055
2018-06-04,1.1401924496568052,1.1453724406255408,0.8655014602597277,0.8304997621643039,0.5211178887788284,1.3366557822350817,0.2903974300706739,1.2297479621833098,1.1695080503877875,0.7481363029409046
2018-06-05,1.139273498813091,1.1455793440865016,0.8658781012370181,0.8314613144800435,0.5214438805032688,1.335947322273854,0.28956752428939375,1.2304429531145478,1.1677828545832512,0.747216746466722
2018-06-06,1.1370455748537154,1.153353929848791,0.8693618381237539,0.8402838814388038,0.522862403626188,1.3406493816004732,0.27778168110466095,1.2225278680740217,1.1746785807584759,0.7434747545447945
2018-06-07,1.1369842333952884,1.1523933721442705,0.868987530056368,0.8397025569607282,0.5211906946014238,1.3416676165141768,0.27740135317370435,1.222660266433111,1.1761796773854536,0.7432054443155143
2018-06-08,1.1347486336729322,1.1523602400786628,0.8695904902634941,0.8406726012737691,0.5239937299505683,1.339982990687293,0.2774906702179928,1.2212161132340178,1.1755638205680194,0.7426238312953723
2018-06-11,1.131166798206911,1.1543962422728193,0.8700126472802843,0.8422254045023992,0.5245559662737648,1.3408974034609027,0.27639776678220346,1.2183205781587991,1.1779116958739142,0.7434554931000246
2018-06-12,1.12904530586741,1.1538652165732723,0.8702398546132047,0.8426028554463824,0.5244617484288145,1.341394218934816,0.27670120472991394,1.2170441706791555,1.1773039411590651,0.744550463523538
2018-06-13,1.1297219493426913,1.15380073211651,0.8692419180715228,0.8456337909207893,0.5276024461941059,1.3480064230939781,0.2764821415059894,1.212572407421528,1.176462698481601,0.7490032542414203
2018-06-14,1.1284409415263816,1.151064068257527,0.8695463402462154,0.8450290157470912,0.5273005328560909,1.3452577695225572,0.27851047852979877,1.2128855226315178,1.176210777353312,0.7502884176470548
2018-06-15,1.128715970973802,1.1504184514685636,0.8700596464539355,0.8473011654047282,0.527542431966813,1.350665785419961,0.2790181721920611,1.2112980611121833,1.1769391299047678,0.7534110755794229
2018-06-18,1.1282425445120414,1.1495098944566922,0.8716467631112839,0.8468219405845321,0.5307993760123526,1.3520455368137367,0.27813803604576837,1.2107149342233927,1.178634409165381,0.7524280891588803
2018-06-19,1.122338436435343,1.1438505371810135,0.8717667920797237,0.8540980142162278,0.5287263224075806,1.3681832406540482,0.27617992952513165,1.2100456364180276,1.1866041742074493,0.7538797434731852
2018-06-20,1.121481859833584,1.1441572717723634,0.874979501946664,0.8540595834331659,0.5290578626162464,1.3699110399241474,0.2751492335411125,1.2122206288483188,1.1841145324320657,0.7493710369187384
2018-06-21,1.1214605930170212,1.1408646004306933,0.8747965164075422,0.855039627651962,0.5235764869022412,1.3752775922739724,0.2722774173959499,1.215270399571834,1.1773253897960303,0.7489261345781334
2018-06-22,1.1208762098586749,1.139159704832311,0.8763105136931428,0.8565335699526923,0.5244773025113565,1.3754718570368965,0.27288243336738105,1.214069426959903,1.178217908057919,0.7488429609768326
2018-06-25,1.1207173528650398,1.1337196530869373,0.8663144522547027,0.8636736552730658,0.5126652481588989,1.3808293979974609,0.25750954160704953,1.228501202200456,1.1829781317036423,0.7410183726014669
2018-06-26,1.1217314925330348,1.133505512531819,0.8659550729199371,0.8647081735207234,0.5129059516671419,1.3795741474854004,0.2576828495859645,1.2297913503627311,1.1822242683821869,0.7406825977266204
2018-06-27,1.1140164074800722,1.1470438516036214,0.8635817047008937,0.8554810730035148,0.5102884891065187,1.3810925313543596,0.24543923735740872,1.2301930906876346,1.1736530695624934,0.733478428564849
2018-06-28,1.1116633257702795,1.145095359310262,0.8715992496644323,0.855953408563338,0.5146403988067599,1.37538329161767,0.24813637836642377,1.235151436258563,1.1735533893468664,0.735247006780126
2018-06-29,1.1081793293458133,1.1594200077989947,0.8710858227219734,0.8545166079800807,0.508350413879141,1.3774821309396719,0.24458649049082481,1.231746893739396,1.1707738961694325,0.7339786550369057
2018-07-02,1.1093683487186698,1.1601556524083163,0.871302843724572,0.8522056498886394,0.5082152949617569,1.376453858824346,0.24630504711731283,1.2330038054959622,1.1699481297304635,0.7307516742972905
2018-07-03,1.114642234913213,1.1610047010251106,0.8658817752561623,0.846744548127433,0.5074474017170785,1.3815896753459587,0.2476956003715998,1.2379250436090203,1.169335224505563,0.7257254711324775
2018-07-05,1.1133823760737966,1.158624242660726,0.8717530299894205,0.8444716541431508,0.5143272747502127,1.3827225055316799,0.24652466907379283,1.2322015352325213,1.180459991385692,0.7306173557384802
2018-07-06,1.1155973950322722,1.1602174183989291,0.8715224810095924,0.8403585256531995,0.5142053970732235,1.3771517077947193,0.25489139125551985,1.2313976091165308,1.1877557550337638,0.7194523058639715
2018-07-09,1.1165189449111974,1.1721844855691452,0.8708315637020583,0.8416836597353845,0.5021367113880023,1.3944029018501114,0.23607570387753785,1.2318355163606707,1.185698796342328,0.7114223201501321
2018-07-10,1.1153590062011662,1.1704721821550852,0.872506887369568,0.8429006193461297,0.5067381729017567,1.3936241222133106,0.23810826290367518,1.2308064894155608,1.186727946294379,0.7112033273751481
2018-07-11,1.1184574858509944,1.1671712264164538,0.873530227079326,0.8467618937836727,0.508585757453745,1.4050831170493696,0.23453562745405754,1.2236302266893437,1.1897089285033007,0.7116093711350708
2018-07-12,1.1250152194004304,1.1692866526920658,0.8753471558316478,0.8442613886881234,0.5051482974598426,1.4103987599935504,0.23427934936255665,1.228795990854845,1.19104329529972,0.7062330264699751
2018-07-13,1.1240482898121051,1.1687470085550653,0.8752154602163286,0.8445853593166363,0.5056085420272651,1.4112855520927412,0.2346622741811611,1.2298339804158858,1.1915396053862344,0.7066235807256196
2018-07-16,1.1234616042379797,1.168459713553178,0.8755371195614327,0.8454838230086011,0.5044923211559305,1.4142805590938456,0.23316680108326926,1.2310589328089994,1.1914330823554966,0.7058443212468629
2018-07-17,1.123105779697357,1.166865428763658,0.8825491649157302,0.8441208805820333,0.5057472584741837,1.4143574650907313,0.2335011157039905,1.2324080385537934,1.1901305407916174,0.7000072911508333
2018-07-18,1.12224433423737,1.1675434424023654,0.8813138862867126,0.8438542241037446,0.5052505100871633,1.4156261896180027,0.23289021155858192,1.231859593766026,1.1887317037956622,0.6990388143003561
2018-07-19,1.118902919461034,1.1721783958423941,0.8839427408781719,0.8439650914324676,0.5047761462328355,1.416131705242296,0.23134978895183853,1.2375709260934518,1.1857441416855312,0.6969480301769239
2018-07-20,1.1188624709404003,1.1708745251934154,0.8843382042484232,0.8446068087536666,0.504888110421602,1.417622492207251,0.23204028129138526,1.2375961951993615,1.185343971537183,0.6978207005700813
2018-07-23,1.1186892956745218,1.1720194846246605,0.8842934885017344,0.84399916564546,0.5047276595208839,1.4166592028568195,0.23171119004987123,1.2364867145670304,1.183099220365486,0.6977233663349408
2018-07-24,1.1203909333221571,1.1728331322636238,0.8875359319331804,0.8480973109834137,0.5054956903904726,1.419727333267866,0.23252818407307432,1.2398171836036216,1.1843772183010246,0.6982747109861842
2018-07-25,1.1196365260283945,1.16978080375536,0.8818565492268873,0.847355477480333,0.5050876057345838,1.4142035654228304,0.2233460677300028,1.2436590523596192,1.1864536686693472,0.7074641942789125
2018-07-26,1.1197515237157827,1.1695256173339834,0.8780167451038364,0.8449467564905475,0.5028286908666472,1.4096149387271817,0.22305407988401063,1.2502926188921977,1.1846671405392992,0.7021888909267618
2018-07-27,1.1224297130838932,1.1611943087417862,0.8708173783591582,0.8555719935474525,0.49988014169614853,1.4064224055810048,0.22527371554839748,1.244278122621272,1.1797536468195973,0.7011796239787068
2018-07-30,1.121566790409511,1.156049437744903,0.8678872251295084,0.8527580978122044,0.4999305679087766,1.4111217419596052,0.22715600289532284,1.2475478346430386,1.179561974138637,0.7004359967859535
2018-07-31,1.1200828485630334,1.1506475324308494,0.8681318159813437,0.8513806345647045,0.5023578900131432,1.4170743976274085,0.22936155177091117,1.2425289054656468,1.180207676596069,0.7011808374986902
2018-08-01,1.1133273901410927,1.1486918191979825,0.8683315516067224,0.8527054925544368,0.5022403608054236,1.4220704159309792,0.22891158546212162,1.2409962596213706,1.1812634057885576,0.6995075245514006
2018-08-02,1.1198343543005436,1.148184693611128,0.8643190426629855,0.8499673489688501,0.5063465402230086,1.4190009273736626,0.23099542639471293,1.2445194850788268,1.1769071249751324,0.697427526107634
2018-08-03,1.1176478838365935,1.148013050064879,0.8667093467826723,0.8500961083299949,0.5068481396759792,1.4194148709020806,0.2340819676362925,1.2395778547372704,1.1771537189164045,0.7003447391289853
2018-08-06,1.1175470673955705,1.14639258983102,0.8665194167302008,0.8499447635781443,0.5072489244295881,1.4194100643363734,0.23419503897939234,1.2412101734074563,1.1695458590446617,0.6987315560567422
2018-08-07,1.1148108986294616,1.1462935975162694,0.8658681421536444,0.8516746786007258,0.5067634367218,1.4217015954476102,0.23361021692720402,1.2415169877312433,1.1683309860134508,0.6975827201034174
2018-08-08,1.116719898982964,1.1459495830368656,0.8655844824470528,0.8519845366769552,0.5075517239957981,1.4228596146629797,0.23415536260514708,1.2406198612828194,1.1664100286334724,0.6982586271829931
2018-08-09,1.115906033563843,1.1467006034954212,0.8658179684264252,0.8526770662653202,0.5091629633793617,1.4237097767592515,0.23352269625568303,1.23924331869055,1.166281938682905,0.698766229675189
2018-08-10,1.0979700846890859,1.1495650704587748,0.8757815452861241,0.8565208113343498,0.5127187142903329,1.4378340370066416,0.23863395904452978,1.2297241432245374,1.1765295179776698,0.6994119880968033
2018-08-13,1.0943991026218403,1.1534737838988456,0.8758353821495951,0.859093634622106,0.5117925445845686,1.4382998927652288,0.23808393356098512,1.2269606599284855,1.176234628322369,0.6994464246210755
2018-08-14,1.0910365543958087,1.1532254752026034,0.8752111230339552,0.8609052846934873,0.5105334881775515,1.438790938886759,0.2368485710614565,1.2270102822894986,1.1658368710771223,0.6833317928772531
2018-08-15,1.0864905647410257,1.1533362687829252,0.8677132650443851,0.8663901687240789,0.5022530537109616,1.4443585550888471,0.23411002335049846,1.233187647004435,1.1639105565980914,0.6774466905323375
2018-08-16,1.089378183401213,1.1537985883015176,0.871758838600978,0.8702178484375049,0.5084073445243714,1.4539119908700888,0.2381263192856735,1.2291070698618056,1.1584419361508032,0.6829450444431611
2018-08-17,1.0889303054795336,1.1549733227682388,0.8795818340941706,0.8683363072519839,0.5127725907949827,1.4713436895548582,0.23192593135771566,1.2265653806795904,1.1639531324295234,0.6823007279476937
2018-08-20,1.087301471968692,1.1549245208566736,0.8812190587967516,0.8700240672597613,0.5135718419098086,1.4719387108951103,0.2326362162148917,1.2253652332242226,1.166203301876341,0.6826372933686536
2018-08-21,1.0869938363972862,1.155320395623774,0.8799161538765835,0.8700446644609433,0.5136662733933841,1.4726608669640584,0.23160546178730115,1.2255694141298816,1.1663125934311485,0.6794579040221308
2018-08-22,1.0840293491699646,1.1564690317097255,0.8796356404442949,0.8712512483575547,0.5172433425916999,1.4698459861086863,0.23214821077171807,1.2248319060083648,1.1677347665605828,0.6879535622757814
2018-08-23,1.084691448241057,1.1578374360462667,0.8759265622823116,0.8730941293756954,0.5169259045785805,1.471485322667391,0.2319359545084949,1.2231154407713385,1.167873795446765,0.6947070581138386
2018-08-24,1.0826672499584822,1.1550819517329487,0.8768333373220567,0.8733914416954723,0.5164644742676198,1.4725530649068324,0.23306719965302758,1.2191734756795636,1.1684032969766736,0.7006436636456527
2018-08-27,1.0822734413704704,1.1588371234706603,0.8737656366878757,0.8746355053323959,0.5152162763985814,1.4798324859984548,0.22848217629581669,1.220054432178933,1.1696496824531493,0.697103443812925
2018-08-28,1.082173166850591,1.158949545292646,0.8738995502794975,0.8746367238838023,0.5151876966462999,1.4798123294980825,0.2287140029753278,1.2200232570499538,1.1695637260695169,0.6964497110475024
2018-08-29,1.0847301601911994,1.1557386868527615,0.8736793948858218,0.875428952139525,0.5144815836121294,1.4767168915691813,0.2302109230524432,1.2279283402275354,1.1698205620818987,0.69459269906223
2018-08-30,1.0810102033083189,1.156612623524441,0.8751806980441187,0.8776747276815644,0.5155474738307447,1.4794317413699358,0.23000707957848898,1.224505545140305,1.173388463121258,0.694863865546792
2018-08-31,1.0815767557318594,1.16061811499693,0.8735152468122365,0.8784310074861988,0.5150752489434312,1.4824099857409894,0.23101210185784057,1.2230011007904593,1.173318527445826,0.6912501200515507
2018-09-04,1.081157362470032,1.1590674439184294,0.8753460344327698,0.8778207240861062,0.515103761614262,1.4823447211426795,0.2313776844366675,1.2216254980048438,1.1755263791188575,0.6927431032883071
2018-09-05,1.0796631254585392,1.151243631380548,0.8701609983321364,0.8820801419135571,0.5165207354667307,1.4836303894908476,0.23024950218602286,1.22298043074592,1.1765609148466951,0.6893990150974432
2018-09-06,1.0842907073227182,1.1509215524781753,0.8665457695879303,0.8812797815744201,0.5181519771374158,1.4826826327289833,0.22894285614488227,1.2280493529086045,1.1732083326811062,0.6902215677127043
2018-09-07,1.085250987223019,1.149237313224531,0.8661537996082423,0.8778679152316033,0.5196751665927687,1.4827621412332992,0.23122243402613474,1.2290606892792395,1.1752029051361104,0.6936923550660248
2018-09-10,1.0818301481943573,1.1486032271774267,0.8649246371161649,0.8774747799751176,0.5201130867630364,1.4833126217704757,0.2299460248985522,1.2262234996795016,1.175917152254207,0.6949731094693539
2018-09-11,1.0822062443562932,1.1471695310966488,0.8609545167751445,0.8822910069698002,0.5139672026244221,1.4869773317449457,0.217628727415855,1.231868675373389,1.172259813573326,0.6868106431507819
2018-09-12,1.0839771595851928,1.1459425400113021,0.8621277120383819,0.8821735672522741,0.5148362926554437,1.484442816582575,0.22056109507462077,1.2321845878726634,1.1733058619187684,0.6885050442752851
2018-09-13,1.0894349753603376,1.1451702788501215,0.8619664847237258,0.8778136476399709,0.5154269733042409,1.4848318478026903,0.22378955006139445,1.2293826218870063,1.176491344817914,0.6928445402138085
2018-09-14,1.0888209883507671,1.1450744911955062,0.8636279068768373,0.8782154109797958,0.5155005135946144,1.4859234596408009,0.22493457313129026,1.2287745614763421,1.1769266726249086,0.6951362982433138
2018-09-17,1.0968835988302985,1.1410159559919821,0.8601726815358062,0.8739025872338516,0.5112784972039817,1.478502818946322,0.22397115449280003,1.240433000931689,1.171739396348195,0.6914280182180269
2018-09-18,1.0959087975579946,1.139585515398114,0.8597558348366038,0.8733611455529542,0.5097607536224402,1.4810391608684126,0.22338494466850223,1.2440309207733455,1.1699423445637476,0.6868951683037513
2018-09-19,1.0959011277253996,1.1403640329657059,0.8597627689334447,0.8737750289780208,0.5093893984704096,1.481765217782731,0.22247673184922248,1.2438488806663706,1.1710558804793447,0.6865631007027647
2018-09-20,1.0951057010890797,1.1400337559654379,0.8617754144568918,0.871672714836928,0.5153499487298202,1.486195611133303,0.2216821301140196,1.242652419139991,1.1719048491370023,0.6941041561947657
2018-09-21,1.0923584253475116,1.1423188558559665,0.859331047188741,0.8700666631979264,0.5109768458221245,1.4869339740198306,0.22121033613669827,1.242088902515147,1.1735920630146979,0.6935170983006947
2018-09-24,1.0876510512629411,1.1439106133094197,0.863080583160064,0.864645888628992,0.5152827975639933,1.4896920435244334,0.2242791846294762,1.2387356749820055,1.1766007893579244,0.6975666203085786
2018-09-25,1.0854165771390987,1.1431516392117258,0.8646603721539402,0.8674602223050872,0.5181543637639007,1.4898066822000597,0.22637780990820552,1.2332828291920062,1.1777496155447216,0.6986161549797233
2018-09-26,1.087360282269943,1.145103758722437,0.8647183333188021,0.8688045710807455,0.5171305824071402,1.490151882649045,0.2301992252110842,1.232663918691107,1.1777100487859524,0.6993093200686755
2018-09-27,1.0892504298019354,1.1415776018187327,0.8672900398950563,0.8677410837614192,0.5210447653668016,1.490329182562595,0.23353255422554692,1.23324017195262,1.177689035327951,0.7033238384066571
2018-09-28,1.0894753713145815,1.1421828111181738,0.8674209786981198,0.8677738873027491,0.5208299101010329,1.4901766604442417,0.23287226861947496,1.2334702413817358,1.1774977120875352,0.7021078822354969
2018-10-01,1.0897309203190786,1.1430938960663075,0.8687540280310766,0.8701322007853527,0.5216724768667114,1.4908100863390865,0.23277357907461257,1.2326235750486008,1.1893049779267053,0.7008374718331061
2018-10-02,1.090732815961177,1.1407911968494493,0.8670556664851669,0.8712034193110453,0.519544469607662,1.4909075848626308,0.23189035335739666,1.2358397198186792,1.1880271413331212,0.7017662572652774
2018-10-03,1.0906989775452862,1.140564964932127,0.8664840305087391,0.8712003708472603,0.5191244950888878,1.4907287255025903,0.23185162539884047,1.2364981046967558,1.1873036306517308,0.7017153124266974
2018-10-04,1.0966541804409145,1.1307928055172345,0.860853634828299,0.8708939009473059,0.5238474577311719,1.4888749597267135,0.22721139426033432,1.2443878633468732,1.1878679634993512,0.7024634731254709
2018-10-05,1.0993651557863462,1.1283848693239522,0.8604648125822904,0.8707433837961744,0.5235696440045011,1.4981223647396331,0.2221215428219718,1.2443399717712433,1.1913733232619212,0.7013610933749764
2018-10-08,1.0994972824356672,1.1279227569601482,0.8604394366426529,0.8698762720977371,0.5237849671147432,1.4986492267451594,0.2215835410136286,1.246071397650084,1.1911647181050438,0.7004574860331447
2018-10-09,1.09833128252759,1.1281127687089345,0.8609491862657328,0.8699782168013162,0.5238158742429743,1.501935600130931,0.2217273715017338,1.245946759494402,1.192540228630457,0.6995902723319796
2018-10-10,1.1214180133801424,1.1071122174366261,0.8249214396521972,0.8586200488821026,0.5074474301744466,1.479289096139152,0.21904515943393948,1.292364136725102,1.15403598734918,0.698647191379003
2018-10-11,1.105077795957947,1.1167764272618677,0.8370124403030296,0.8791431921228233,0.5330138753721783,1.4654960666821728,0.23995592104658806,1.286873106296013,1.1541123402857276,0.7323605067325544
2018-10-12,1.119995191715748,1.094162419421195,0.828090463637882,0.8669291748497561,0.5303651546264988,1.4564394990805694,0.23866624897887584,1.3037341912036489,1.1518767422455598,0.7214634150902707
2018-10-15,1.1256449043468257,1.0940464029361465,0.8261348489811697,0.867550363536728,0.5237625999920916,1.4538846121319688,0.23781023278831914,1.30731692397948,1.1481392699076411,0.7167038977414472
2018-10-16,1.1205936257747398,1.0898756967675052,0.8286739299242443,0.8508121232045064,0.5240612008006786,1.4323611021534162,0.24221182889052484,1.3115018184471499,1.148670288600612,0.7138073369286878
2018-10-17,1.1207558394425188,1.0894939043516385,0.8272801555135297,0.8506302697571174,0.5236868859185262,1.433114577679816,0.2422218230058898,1.3113177177702677,1.1488770822089824,0.7145776009984773
2018-10-18,1.1276906180614585,1.089723758895736,0.8170813691523817,0.8368988457653809,0.5262263191168961,1.448290380761636,0.23618635291953266,1.3252262868665936,1.127569989727226,0.7028236894986136
2018-10-19,1.1271124601012537,1.0897822866294942,0.8171881566213427,0.8368232866566763,0.5226347526720009,1.4493494604290391,0.2357537629263208,1.3254485228803627,1.127945192790515,0.702479393617632
2018-10-22,1.1259686857956237,1.0900282620899806,0.8173090190865747,0.8383774928692608,0.5346252080603635,1.4535361579409958,0.23679094432707787,1.3241845905671488,1.1117790264311853,0.704415531316553
2018-10-23,1.1219184167434229,1.0921006987338007,0.8180411346992541,0.8432833553598601,0.5295119380663018,1.4774717294998116,0.24081535228326176,1.322983177532645,1.1150000527731534,0.6998655464293432
2018-10-24,1.123190290041534,1.0662925645862875,0.7946068609052107,0.8457779626492956,0.4596006318061176,1.489524787362143,0.18160071794494448,1.3561410683458988,1.0884032331031062,0.6332251665282052
2018-10-25,1.1228614547756477,1.0632599507916272,0.7897572735989936,0.8395491763206608,0.4464047678083839,1.49119611106627,0.16413022809598715,1.3981131447655832,1.0932948132775944,0.6315468677682997
2018-10-26,1.120569082000983,1.0587496056793546,0.7873292252167019,0.835059813363667,0.45076401235375624,1.4717443646922272,0.17952651831250332,1.4489198268161654,1.07471504335743,0.6416110184848127
2018-10-29,1.1144620460555061,1.0549968129634595,0.7866877386990867,0.8367203516046586,0.451991640171777,1.4733462245421898,0.1677092052869699,1.4196542147913014,1.0789583506506908,0.6350117068288356
2018-10-30,1.1081340915826887,1.055695623268755,0.7935926804416323,0.844351320637627,0.4534202546797889,1.4790185634432595,0.16817660488130384,1.3989780241981262,1.0603546245114008,0.6296435199480731
2018-10-31,1.1147109314215253,1.0614390711281978,0.7862721897675304,0.8457579799277014,0.4475969108923002,1.4885653083385744,0.16375314029874385,1.4141263870975445,1.0575264883831323,0.6162822518629738
2018-11-01,1.1171186621538274,1.0552809608587792,0.7848603165035754,0.8472977567079638,0.4499740352322046,1.4949920134001136,0.15729820587545074,1.4278737352992803,1.040075110333334,0.6148564395174699
2018-11-02,1.1370313241022398,1.0549706035906257,0.7835427400604628,0.8402301025704194,0.44828324528884284,1.4888166065100208,0.16159964811100913,1.4253376482397282,1.0423904240493027,0.6156974877319265
2018-11-05,1.1244670564757582,1.0558426623534745,0.785442379063624,0.8389494376612865,0.451781529971738,1.4884608097788905,0.16273953653823298,1.4153696105970914,1.0452367009817292,0.6173174880886314
2018-11-06,1.1250278599962233,1.0556038028952608,0.7849130804057668,0.8383849747502421,0.4522150392995913,1.4923709027197238,0.16387171560040806,1.4148340622388587,1.0498007700275296,0.619849886187284
2018-11-07,1.131205823991657,1.0495371538467417,0.7835069429696674,0.8332392536394706,0.43994690455569463,1.5062282169848762,0.17267324559691266,1.452837731665449,1.0351605013126413,0.6245509707524546
2018-11-08,1.131036171462878,1.0487753127725774,0.7821565075859424,0.8353022869487124,0.4393880252219232,1.5102006098927252,0.17258877070123763,1.4522913323979132,1.0358615239223063,0.6241396069758771
2018-11-09,1.1357252878618003,1.0496570622100818,0.7779077348660023,0.8336160301783185,0.4330060195399532,1.5177845757890607,0.1656081332737006,1.4581342275424214,1.0408972254463724,0.6181067247523134
2018-11-12,1.1626971616953687,1.0502830678767994,0.7612224567280156,0.8299506945598101,0.42236821894954213,1.5036805215245541,0.15260454570134194,1.4739442247453989,1.0350556319978574,0.6036732392557108
2018-11-13,1.1636118137944491,1.0496103815628675,0.7616602698386893,0.8318007080281264,0.4213259759077486,1.5028356494623236,0.15221398773321165,1.474136496958102,1.036222962615059,0.6034291966905866
2018-11-14,1.1694344518334265,1.0539916198577455,0.7606324715462454,0.831608497003182,0.4200799554083313,1.502331926388104,0.15706924656325819,1.4788650226498046,1.041679535792366,0.6020775205948431
2018-11-15,1.1733843891248448,1.0649574778571786,0.7578311156997549,0.8303203855278628,0.4181050064952027,1.50717214719188,0.16077803100401009,1.4763233198949988,1.040870845482816,0.5871961153831418
2018-11-16,1.1733813559592612,1.0669901298685252,0.7616307857552083,0.8366195308202362,0.41501594016782567,1.5054598676035043,0.16220575836357498,1.47590706523457,1.0382122552279838,0.5813067000939288
2018-11-19,1.189232209804648,1.0469971074701556,0.7416761928786314,0.8226909565227271,0.413147784918752,1.5099510077379679,0.15239875304731015,1.4971926325491294,1.0192613936437842,0.5678047449565387
2018-11-20,1.2118068867871086,1.0490785837217478,0.7379507776333226,0.8339601078864196,0.4180274749105998,1.5111441559417467,0.16586044617966367,1.4848022191036805,1.0124143747699914,0.5716578775965034
2018-11-21,1.2080087817297642,1.050000779519669,0.734155513791028,0.8350817531584657,0.4161889577673563,1.5136740030581206,0.16371641202376153,1.4857021453928108,1.0140790777535307,0.5686874554996897
2018-11-23,1.2138717584758796,1.0507376499734584,0.7319331676741438,0.8417540603472933,0.41482946291632533,1.5145376817840486,0.1615368487837078,1.4865906922424845,1.0177888223808091,0.5671093308650521
2018-11-26,1.210335027501627,1.0567066289238354,0.7236602991590256,0.8463165727925629,0.41313316412932904,1.5131522410177318,0.15771922255081028,1.5047808394779452,1.0111481978221906,0.554406675651897
2018-11-27,1.2093637347300503,1.0566562833310573,0.7253078788597415,0.8459902547697756,0.41423006950639224,1.5122684872429977,0.15846604167508194,1.504128723229967,1.0062781283241065,0.5547132601174103
2018-11-28,1.2279484358182675,1.0323091156630095,0.7281918753025928,0.8453730814433833,0.4071471168617368,1.528334535225414,0.15315582760773655,1.5376271754355972,0.9997875756727075,0.555738967316192
2018-11-29,1.2279919719812935,1.033541545518997,0.7284417729183612,0.8445151838508307,0.40729398612108014,1.5282413910016048,0.15305830044375032,1.5369732403558718,0.9972784781913169,0.5556869093500911
2018-11-30,1.2210879300633282,1.0344969701223132,0.7322571908127373,0.8420691112542895,0.41133328551439746,1.535139024773838,0.1616684429939971,1.535779049470421,0.9996197792057843,0.5560027389801259
2018-12-03,1.231085098413585,1.0339584576029819,0.7266959837129746,0.8484266533069456,0.403517836250857,1.5393486810183363,0.16214117937411415,1.5492421531838962,1.0090682839530671,0.5623328721902676
2018-12-04,1.2367692647550597,1.0507588612446224,0.6957168222756208,0.8409107077439477,0.38647983325139906,1.5661480769716232,0.15779602004832444,1.5618737686518107,0.9943519786280286,0.5733554679750128
2018-12-06,1.2380233950921087,1.0507615098681355,0.6968860561406307,0.8409464544706362,0.38645433673986257,1.565910146644353,0.1572686259343711,1.5622974232147335,0.9967017987117135,0.5681433574306896
2018-12-07,1.2447454804318139,1.0444462067539375,0.6845571689075829,0.8310195940481158,0.3893614862453769,1.566634461825614,0.15347267160957984,1.5685402750374653,0.994463620006807,0.5789471500721133
2018-12-10,1.2452830501551966,1.0437298182674986,0.685546302002099,0.8298114945795817,0.391430266491595,1.5646905897072465,0.1531380259763195,1.5687146513299142,0.9961797312458383,0.5760840802788467
2018-12-11,1.2469169585874995,1.0423325257005729,0.6853834847188925,0.8304944605416685,0.3911489522595277,1.5650335417104237,0.1522356274019848,1.5706072192546063,0.996759337136613,0.57552880016068
2018-12-12,1.243956050259708,1.0433565065975265,0.6852090476427418,0.827326495976979,0.39129754852161674,1.5677892206216206,0.14981966483923595,1.5712065452702426,0.9995906023577664,0.5697614263367871
2018-12-13,1.2443326814482238,1.0426961599306943,0.6845811349530693,0.8274761988719856,0.39136275348353833,1.5680333458298654,0.15071390843386817,1.5717212491901162,1.0002614529968528,0.569317280651938
2018-12-14,1.2509665183679763,1.0332924042101794,0.7531991522430368,0.8293789456786971,0.3848634894473704,1.539586908119033,0.15310679514280817,1.5808134437461896,0.9913077135193101,0.5645365365354539
2018-12-17,1.237865241694948,1.0254315071045041,0.7634451161167496,0.8320617367489213,0.4124134354380472,1.526383106591982,0.1783629081084616,1.5940709606425878,0.9662098366121377,0.5920689825630175
2018-12-18,1.2383862470470612,1.0235867201449111,0.7639184955200825,0.8339641658041842,0.41024664874183114,1.5303457424716467,0.17812753612086496,1.598532695427403,0.9684827130953192,0.591313615003469
2018-12-19,1.2442771572931635,1.021237650895477,0.7718267769347353,0.8375604115550602,0.41197688898590207,1.5224852087446028,0.18527396218218306,1.6067396911257628,0.9622784286145886,0.6004041434308766
2018-12-20,1.247029466221545,1.0165363159230125,0.7613691911745043,0.8476819139540823,0.4132702666004211,1.5129642328530384,0.18081176075680827,1.6062748646852232,0.9612031182376773,0.599297715717175
2018-12-21,1.2576172661023453,1.0186959106803188,0.7499953644387218,0.8396508882134316,0.40681853690090913,1.498001227323169,0.1820013245084705,1.6263572947998046,0.9507000669290648,0.609280786378673
2018-12-24,1.2492290637374477,1.0112995627933596,0.7712854579426246,0.8542414105820176,0.4362428282764452,1.4819536035869476,0.21251489455301448,1.6083834722339878,0.9582559655995012,0.643421109922563
2018-12-26,1.2637447334011005,0.9961256824010581,0.7595053010357281,0.864204672599684,0.4525503564986417,1.4705627629444271,0.2164956582731717,1.6311886228053774,0.9289199346433982,0.6510107293413147
2018-12-27,1.2577503540764976,0.99687072793975,0.7592182181000222,0.8634110789702958,0.4579357843471752,1.4716194804339806,0.2188914410329633,1.6247224516169052,0.9334829922044132,0.6494793429885795
2018-12-28,1.2577196690374297,0.9968661452707227,0.7591204275629456,0.8638031088614144,0.45842240295896536,1.4716254473045138,0.21851354285541125,1.624240998396178,0.9331494338654887,0.6489070723632544
2018-12-31,1.257337841034016,0.996516859882184,0.7614950794533116,0.861774707786261,0.4597084247691916,1.4712037264841848,0.21925843020424549,1.624598514225949,0.9297422215851003,0.6479791935993323
2019-01-02,1.2565356730321238,0.9968493749013573,0.7605870713626872,0.8628972296731376,0.45931944834544575,1.4712935858543572,0.21797723927379622,1.6244233271566832,0.9301147375792247,0.6464199605553179
2019-01-03,1.3115540595622355,0.987891717546756,0.7610277647106124,0.8547760843568386,0.46106717596813823,1.4773213148052733,0.2187621121389073,1.6128818588603036,0.9368473144310134,0.6435081560733961
2019-01-04,1.31085750104423,0.9922658295798683,0.7493909272699689,0.8604884315948966,0.46680959956105417,1.483706656341531,0.23545850365983417,1.6047928646330738,0.9318042714691199,0.6484653860719503
2019-01-07,1.3082681349651397,0.9893401831190785,0.7470739254310635,0.8606141699173253,0.4643339132835089,1.4803478392839384,0.2355007753167689,1.610351031215985,0.9283592679774827,0.6543616442697209
2019-01-08,1.3098207244687534,0.9888004164515203,0.7515179717980097,0.8619198452646208,0.46465424886466256,1.4783431159898266,0.23636136004097466,1.60938337506067,0.9283244639032529,0.6643031779375611
2019-01-09,1.3118044644142222,0.9880039915286876,0.7499838407164173,0.8619998762030627,0.46181347634096936,1.4766800155058215,0.23508639457816546,1.6078532885374823,0.9281605964781756,0.6641981498126208
2019-01-10,1.3114808873234556,0.9871165862739294,0.7496674300010914,0.8609218417782152,0.46222026194041,1.4788286703050297,0.2375154085875892,1.6061531897579497,0.930334943885658,0.6669126597374052
2019-01-11,1.3115180480200268,0.9874803276992065,0.7496598560014762,0.8607206739103703,0.4620354004423965,1.478786189102499,0.2372521571781589,1.606195647661717,0.930307228120201,0.6663430214753449
2019-01-14,1.3136772362780307,0.9852851548777204,0.7507459233350599,0.8591421525095368,0.4644997312009402,1.4754380174244963,0.24212495425172947,1.6062483994702095,0.9316949218402547,0.6662454209813361
2019-01-15,1.3156283210199284,0.9818915068944157,0.7505187892333883,0.8558835399123846,0.4681037012938709,1.4676636099100095,0.24898512470018772,1.6099260406472802,0.9272921002867385,0.6688372599627121
2019-01-16,1.3163138643761465,0.9823406842070385,0.7507255849063095,0.8554171754376364,0.4683247847192789,1.4680010592558106,0.24902823182526235,1.610369210993947,0.9260966187071371,0.669810879700758
2019-01-17,1.3139948165589486,0.9823807243424513,0.753305368179871,0.8542917437802204,0.4653780613863044,1.4765356684071882,0.24770582206563369,1.6159260506346118,0.9244667424038678,0.6689200206583897
2019-01-18,1.3093578782737127,0.9839783664496253,0.7544878472983952,0.8545125401952466,0.4661568733665636,1.4779230269130934,0.24706625004746152,1.6067865306203393,0.9282839121673682,0.668260909814579
2019-01-22,1.3125626688714491,0.9857832446785489,0.7561399131917252,0.8566747142008041,0.46704875140141355,1.4815599208758874,0.24344719550860575,1.6153736823964249,0.9226558163325105,0.663329635810539
2019-01-23,1.317678258759703,0.9844207818136929,0.7561907728750067,0.8542894755992324,0.4693987649679687,1.483439915427331,0.24522241226269692,1.6124722296442116,0.925731576908432,0.6593181351063653
2019-01-24,1.3173857946867675,0.9846307077774189,0.7588896878476707,0.8543910373388847,0.47158327045129195,1.4846011548626425,0.24411864724845841,1.6110626953789389,0.926007581199972,0.6568212521793679
2019-01-25,1.3233619739070581,0.9842126617616955,0.759771047581323,0.8537654187456568,0.4681394723824742,1.4898050608563482,0.2337243093097984,1.6094465027764742,0.9264360686489165,0.6606060587410293
2019-01-28,1.3236209459425856,0.9811405103463884,0.7563957279176702,0.8537137712131548,0.4675922521605235,1.509169413294953,0.23553005038930153,1.611145978519793,0.9253084384376159,0.656962410144443
2019-01-29,1.3292654019017256,0.9834301897642254,0.7569025119444824,0.8545118661776144,0.4726727909222326,1.5205478128294205,0.22501837923814258,1.6132894469476973,0.9233189907678035,0.6586751180104482
2019-01-30,1.350730573269483,0.9780188474112822,0.7547394449743804,0.8524524662100176,0.4724112292234106,1.519673491662709,0.22260669587250165,1.6286175540533148,0.9188284525399011,0.6571159895753763
2019-01-31,1.352274677684097,0.973700780269115,0.7558238514060597,0.8528382207290247,0.4787882320875169,1.5309884408140537,0.22990683023461556,1.643083803349273,0.9155184440497083,0.6580911172966347
2019-02-01,1.352205165896054,0.9737040107894058,0.7566701238918838,0.8538558173158084,0.4792408619197957,1.5305437994228168,0.2292598695454796,1.6411414971801637,0.9159395329582506,0.6574864422425347
2019-02-04,1.3563947957281253,0.9732598516787659,0.7535854414657811,0.8498166180634704,0.47951592118762054,1.5282621965888878,0.22888003454249373,1.6387209065487955,0.9113139525473661,0.6567710993872039
2019-02-05,1.3475447723598881,0.9709928869717335,0.7525025828932456,0.8283260702765295,0.471759510948333,1.5309616547816822,0.22969390523363323,1.6828901033492272,0.9044329735543075,0.667234827059769
2019-02-06,1.3893738945055296,0.9595647635301049,0.7209102374335731,0.7962870170210494,0.44397741207531766,1.5633481421345792,0.2273150533135776,1.7405279877969162,0.9137819350710394,0.6475102426316309
2019-02-07,1.3811303807874464,0.9525048615424637,0.7220941268844874,0.8150042580560855,0.44089052014641866,1.557650700361146,0.24216705347027087,1.7363249709177826,0.9063846648126646,0.6530403788482146
2019-02-08,1.378510760430239,0.9543778565992737,0.7221971099547588,0.8125721164068368,0.44007150695476216,1.5567495129629776,0.2406486450126534,1.7342115540816112,0.901167413989064,0.6515422333161988
2019-02-11,1.4112573308439609,0.9431747414741029,0.7062141433345148,0.8389906579687734,0.43443669476066155,1.5634935330937885,0.22567656956016174,1.758683804444717,0.892655899926814,0.6449249423439037
2019-02-12,1.4116216881072474,0.9422159098005163,0.7017490051499974,0.8454162190156576,0.44207646480156865,1.5682555392815671,0.21644846808637214,1.7804157287055997,0.8920345223794496,0.6250799858707055
2019-02-13,1.4004130667034262,0.9411048989967482,0.7038656725993072,0.848009823418993,0.4364832229248038,1.5684949825096433,0.21154991322619812,1.775169849737969,0.8836587668986432,0.6313051501507164
2019-02-14,1.3990971347872476,0.9411259337846936,0.7041957090011554,0.8481046545189936,0.43727721662202323,1.5677085231660315,0.21120935871020077,1.7744718771407264,0.8841955159690799,0.6298564929499438
2019-02-15,1.3923775368737763,0.9439763273030323,0.7129861438979022,0.8564653062380538,0.4433479867559249,1.5688749954014278,0.21806114912130947,1.7623187230939075,0.8871230944213121,0.6381993985008391
2019-02-19,1.385010853503538,0.9468132313582112,0.7112592612344785,0.8628503665296601,0.4373016589939532,1.5714212848837923,0.20706445673043,1.7691291857667852,0.8896646775719367,0.6356114632805938
2019-02-20,1.3852877077375287,0.9470941631023393,0.711325098987537,0.8629380101047348,0.43675511450000626,1.573525035352625,0.20698423060895466,1.7688046455859738,0.8905718273822671,0.6345164985606968
2019-02-21,1.386431012949202,0.9482276435365483,0.7090271173479997,0.8625680973603735,0.43297089007212325,1.5751834146941686,0.20323036054732385,1.7734254450773146,0.8903571606573457,0.6309211336451903
2019-02-22,1.3875888860800383,0.9478945991473687,0.7091655637469307,0.8615744281419941,0.43064940918110184,1.5740469956785468,0.20190727138748052,1.7764862192305833,0.8914952408458248,0.6277887566092228
2019-02-25,1.3875928873734968,0.9483362681881994,0.7092914317337444,0.8612078510755606,0.43014888271725105,1.574076956306483,0.20173522420365977,1.7764373364887296,0.8915396054679237,0.627562826824816
2019-02-26,1.3904511411631324,0.9453571113472151,0.7065530178645574,0.8563532149772435,0.4332110252598996,1.5763292572650536,0.18870512813761847,1.7876287361124268,0.8929487856701676,0.6209916898805175
2019-02-27,1.3888766272528137,0.9446228035786585,0.7073717053454979,0.8531815492797084,0.43296745735755776,1.5804992705383702,0.19152401258422178,1.7905431558331228,0.8971366412365457,0.6244655858735442
2019-02-28,1.3965030113780954,0.945373856335977,0.7093148053099851,0.8504634093095913,0.4290827764439029,1.5844855323044456,0.18245788026959314,1.7977525714241547,0.8972779021039999,0.6205058362515723
2019-03-01,1.4027299238906377,0.9418502857189448,0.7086319150179452,0.846255650626741,0.4186912073947431,1.572198944888045,0.18344716522937837,1.8079537425917058,0.8806187221355605,0.623485892225816
2019-03-04,1.4017142656249488,0.9389952934795834,0.7024699600954901,0.8471637552426228,0.421457147265909,1.5664957302103728,0.18736907162447175,1.8103843980637515,0.8793516057067223,0.6264808178398429
2019-03-05,1.401753343231438,0.9399699223504716,0.7008088436718061,0.8472012291932789,0.4200558318199182,1.5730652708888995,0.18819942462293096,1.8113515594810625,0.8784264033344846,0.6287372245327916
2019-03-06,1.4058925222769638,0.9370443625839967,0.6993673253887959,0.848829713294042,0.41821724619518785,1.568281308813973,0.1844559257796375,1.8139954010695063,0.8710212370544822,0.625622742739076
2019-03-07,1.4063955447077894,0.9369409139144275,0.7010333908290503,0.8436226533195991,0.41920565908049334,1.5675632304303622,0.18491651134340384,1.8171947345906696,0.8695642657440931,0.6265567432269493
2019-03-08,1.4057617649319674,0.9366487015910362,0.7011847818698581,0.8442000325003703,0.41909692572118423,1.5678949851881265,0.18457023791636165,1.817272767649897,0.8686307071208504,0.6260844639058671
2019-03-11,1.4127141727803556,0.9370450167435587,0.6939778812548144,0.8435129255477614,0.4204752133367022,1.5616214951818197,0.18380356346730817,1.8200253517384988,0.8650075893047031,0.6282886360479467
2019-03-12,1.4184863123129794,0.9279254573898056,0.6936639908735128,0.8496022537598352,0.4236289304077028,1.5582192505437744,0.1850416273912345,1.8292740998172308,0.8663156213323994,0.6226963437071904
2019-03-13,1.4175951066491892,0.927125331358989,0.6923288286864961,0.8507599844144422,0.42524052580404537,1.5564259212731701,0.18437709033148966,1.8293540501983103,0.8681407128111702,0.6240846890615994
2019-03-14,1.4169463599440175,0.9253150937175968,0.6969351773904101,0.8497665637367071,0.42517990611216333,1.5575608857106134,0.1849081166692427,1.8306301877157256,0.8682935630864753,0.6242084621551754
2019-03-15,1.4178906262278472,0.9253885065441348,0.6931316536083995,0.8464095477107608,0.42489119615141985,1.5552017596040755,0.18970125033095328,1.8344526319519108,0.8668205667173159,0.6249925892525059
2019-03-18,1.4186112965943138,0.9258990623315493,0.6925423369874774,0.8479041218455383,0.42310821947638955,1.5564887751372953,0.18922727540333648,1.8356959305268352,0.8644518267142762,0.6232268969542221
2019-03-19,1.4190724855430055,0.9259125224673294,0.6922369934828391,0.8474899392188587,0.4229590699792765,1.5558737917915353,0.188360681442078,1.8361711291112155,0.8651570218740353,0.6230302891430288
2019-03-20,1.4201196276992891,0.9312577939771906,0.6840475174524684,0.8458401769897914,0.4236895253804323,1.5535518943364668,0.18473068056130199,1.8379070333832908,0.8521864872180177,0.6223983693839144
2019-03-21,1.428908370567651,0.9208331320434077,0.6830234169208133,0.8444570961748032,0.4247336775970495,1.5495966674166115,0.18787557752993236,1.8334242968103878,0.844481810181963,0.6258799276864415
2019-03-22,1.4229151541760379,0.9300250275748091,0.6800874183875946,0.8459411699730323,0.42435341025246054,1.5521586286861058,0.1780098305718994,1.8301566583612683,0.8558786089907958,0.6265412395048866
2019-03-25,1.4444678718042891,0.9126796881294885,0.6681204375001106,0.8466218414781649,0.42552888845277675,1.534291633235926,0.1929013392220421,1.8519847520665076,0.8399816143673058,0.627109061478428
2019-03-26,1.4446013211501076,0.9077215007991308,0.6670933071053775,0.8560913817153076,0.42814225708745485,1.5450640801657853,0.1844510034486007,1.8553163069605378,0.8336939512613528,0.6190381401435616
2019-03-27,1.432661131578678,0.9002039724488491,0.6665006272926777,0.8660506423833505,0.4351211257526135,1.5525342278553997,0.17867334341201577,1.8669837741611968,0.8328746308094679,0.6189270796347291
2019-03-28,1.4313189585513002,0.8988889118036804,0.673395599605987,0.8739236933615043,0.45323636357604846,1.5622687010187337,0.18396205533680193,1.862401687274829,0.835829596937846,0.6364280557834803
2019-03-29,1.4294941115674649,0.8989614707110115,0.6743250027385834,0.8711701401999128,0.4552337705488582,1.5648684759943359,0.1850543001116568,1.854897072421117,0.8359594626374423,0.6357834129995262
2019-04-01,1.431595608008644,0.906427472841655,0.6701697275757387,0.8648122785821836,0.45145984105988785,1.5761501808419036,0.17516000563424697,1.8616943987190118,0.8313018104540801,0.6348715723587415
2019-04-02,1.4555329078686616,0.9076009878001017,0.6575740959133742,0.8652898857867805,0.43731103255955434,1.5876804939952514,0.1727283471074727,1.8511858264735268,0.8337057645714145,0.6235274398701625
2019-04-03,1.4600837303840961,0.9062743941106243,0.6458341546192911,0.8577572266971218,0.43347565857469733,1.5928828569901026,0.17524410221376097,1.8559227846962578,0.8356494119791222,0.6249949538977859
2019-04-04,1.4590136727320007,0.9044470263962847,0.6408608395151848,0.8644235367407938,0.43248474106364887,1.601295695047941,0.1751413517246956,1.8596963145089733,0.8363289171138278,0.6250503497673358
2019-04-05,1.4598791152476387,0.9012987838068092,0.6417271934113806,0.8620754850655409,0.4343132175566651,1.5976136352838692,0.1741481367202882,1.8554620151749532,0.834769142132008,0.6280372810848701
2019-04-08,1.4662814813116243,0.896686614999629,0.6358480271309681,0.8656439162689236,0.4382076617493096,1.5982867834912902,0.16958083812965732,1.8635038614936688,0.8283682123485367,0.632561483514325
2019-04-09,1.464068158157705,0.8959425294812263,0.6348895322781314,0.8682797708589824,0.4393922814264367,1.6029534515148707,0.16851048809316183,1.8633548430691098,0.8299196251175116,0.6338025598867371
2019-04-10,1.468380557896792,0.8929183769189423,0.6380157988388588,0.856665431047511,0.4432147253913991,1.5971287040718976,0.17154951262253845,1.8706534961373487,0.8248627933921729,0.640412603976645
2019-04-11,1.4693451606883554,0.8897887978791464,0.6377167673766287,0.8590044743047892,0.4432179435170843,1.5971249472075357,0.17028338502619786,1.8715768040123206,0.8222704304497391,0.6412606564344526
2019-04-12,1.4673794549666725,0.8949131904840548,0.637809636797454,0.8574178612353968,0.4467155482490798,1.5954398190551453,0.1759374511408264,1.8682222223527192,0.8183713900807921,0.6451149781530372
2019-04-15,1.4683356519793729,0.8918945003298215,0.638077366013195,0.8590557717127904,0.4475548180702268,1.5965091298263727,0.17689888163480957,1.8670866228709935,0.818292639347558,0.6471839862186086
2019-04-16,1.47034052787817,0.8946578466058965,0.6369484988106936,0.8584084806369471,0.44819323377038733,1.59645432904458,0.1735261939014762,1.8699444510761096,0.8098602713770229,0.6472370438049115
2019-04-17,1.4686923125977207,0.895421370413826,0.6438323568970461,0.8633389934556926,0.45185429556965057,1.5994360960156924,0.1715289494468992,1.8589306032382358,0.8030772826725449,0.6314898283439742
2019-04-18,1.468835186128046,0.8951385116003383,0.6438847225028785,0.8628057114189289,0.451955288550945,1.599520724538365,0.17146071688467474,1.8583217483169199,0.8034087649838174,0.6323127008243035
2019-04-22,1.4634094266872417,0.9024487641145208,0.6444906370735624,0.8654163131269356,0.4434120276465128,1.60147013090918,0.17114218803610778,1.8665526053292572,0.8012362406738495,0.6311184811823821
2019-04-23,1.4523052660537634,0.902140042453173,0.6471999859599682,0.8654688476323324,0.4261497139894227,1.596840447270901,0.16514604012675524,1.8661525696160755,0.7994594088997634,0.6359196491278207
2019-04-24,1.4521213641540305,0.9020198332846102,0.6476677696844292,0.8676267348856093,0.42541611307630306,1.599959180039983,0.16504635758630912,1.8669484804763061,0.8003868035787721,0.6340374214704428
2019-04-25,1.455551506952109,0.9066272599834198,0.6496264763996419,0.8650906120657785,0.42401859303382067,1.5755809652188986,0.16992173250158477,1.8585552143645263,0.7922155345016588,0.6421827972088913
2019-04-26,1.4531960859229098,0.907608224152807,0.6498101802220363,0.8595315961221146,0.42840380594870986,1.5781548979822881,0.17162190711901779,1.861871572630906,0.792403194437531,0.6437800472454817
2019-04-29,1.4586601564322406,0.9117850061417729,0.6484009379520738,0.8555944212914927,0.42794307185822394,1.5818045809478478,0.16463926181465482,1.8527506000534746,0.777304138879408,0.6381521785181671
2019-04-30,1.4586038096507796,0.9119826471833078,0.6485711542155586,0.8568850397233793,0.4283077806414366,1.5822280055737394,0.1648228658066735,1.8515071054649395,0.7782828194993301,0.6382192940697756
2019-05-01,1.4487307098227733,0.9129790578675199,0.6415823061773404,0.8643045863434645,0.431191243814983,1.5853186015856868,0.16692891136777663,1.853592228503954,0.7807728273191501,0.6244151780985434
2019-05-02,1.4473527451352468,0.9127352550926924,0.6425702438805556,0.8673055091775974,0.43132424638361705,1.587647085972082,0.1684163775738231,1.8532893706451643,0.7789538334794341,0.6261965619456716
2019-05-03,1.4652677691063511,0.9111496375220589,0.6365800520801168,0.8663855585036669,0.4266444517931136,1.5962980360325525,0.1695943725275537,1.86102515495653,0.7738442701558336,0.625516383385511
2019-05-06,1.4679021058762183,0.9117056485545241,0.6355725633198377,0.8663113091131736,0.42806481972251287,1.5987064965539013,0.17100800650034806,1.8612414381173092,0.7775072127949503,0.6267590223449316
2019-05-07,1.4587977682857143,0.9130509331520168,0.63878463231613,0.8629011856406209,0.4264589997224784,1.5963467471705621,0.17203682590355582,1.859896883431139,0.7847853581781107,0.6392921574688591
2019-05-08,1.4582913221820377,0.9126205471687278,0.6398913907493932,0.8615104879337002,0.42751150454801373,1.5945710994641449,0.1737424384357221,1.8590601898283252,0.7835278156071546,0.639023052254034
2019-05-09,1.459391194139181,0.9127170869490497,0.6405956434119292,0.8613670598663211,0.42850727374514386,1.5946380793237178,0.1726152409321383,1.8595449978539107,0.7857363919894711,0.6381733938976205
2019-05-10,1.4594477998461288,0.9066955766752977,0.6402236264990375,0.8557525537336101,0.42753478319926197,1.5926669650416692,0.1802520051431041,1.86124324498712,0.7917450177862196,0.6422491207342409
2019-05-13,1.4836623991562536,0.9125024262718464,0.634997082335096,0.8395221787921525,0.415098112209963,1.6020207106313384,0.15493914551724122,1.8585470635225605,0.7765056658153391,0.6337632360854342
2019-05-14,1.4854598998738153,0.913111931193179,0.6312538793264592,0.8374969692286186,0.4117169068872013,1.6035689821050527,0.1540149491972747,1.857078955042596,0.7745042431574735,0.6332832173547068
2019-05-15,1.4863925406557426,0.9109037883984524,0.63072787452357,0.8379735985222334,0.4133948875081199,1.6010719274569545,0.15365417239666318,1.8585434553489404,0.7730521731080456,0.6346251449906054
2019-05-16,1.4801112158057985,0.9123470362606737,0.6309874912771752,0.8368937745786249,0.4153668661090259,1.5922607439853698,0.1545797756548172,1.8583532206769793,0.7861234195090089,0.6329339099415984
2019-05-17,1.478727982176584,0.9123290485224134,0.6295451773935473,0.8371463836965997,0.4160066637895746,1.5972438159777238,0.15411315542886608,1.8611280543425852,0.7833581746309346,0.6357355619637677
2019-05-20,1.4849364336141726,0.9087187396450255,0.6282529332482522,0.8353566154596832,0.4161936042827638,1.5945640546212345,0.1532906500188687,1.8589669074282145,0.788221099265631,0.6386198663233978
2019-05-21,1.4873942140041365,0.9054786654865755,0.6259370025036676,0.8339703196108063,0.410237438606711,1.5997056037121655,0.1515692994160826,1.8528349913085242,0.7894262485639667,0.6423104802013172
2019-05-22,1.4907146584261102,0.9054320800498525,0.628032201155564,0.8329149461333273,0.4086905708859567,1.5973965445047957,0.1427776275936094,1.8542490650902819,0.7887164115760844,0.6415249223490084
2019-05-23,1.4905896027608163,0.9115719420505244,0.6197554120282494,0.8391451879172283,0.40666343470856775,1.5908037645652482,0.13749104298372591,1.8557664477515843,0.7920650619183072,0.6388141244381036
2019-05-24,1.4900674860101921,0.9130081125899149,0.6194451636633114,0.8388045380100281,0.4066372159628437,1.5902553737494471,0.1368782948017075,1.8549727381771708,0.7936220613736058,0.6363408467707473
2019-05-28,1.4871072774556664,0.9132953028029277,0.6216209675544061,0.8415606539638241,0.41307648828881116,1.589284541689567,0.14130046093185603,1.8471267621154825,0.7977940525538747,0.6393501481855267
2019-05-29,1.4860111393642081,0.9118913393551795,0.6334138101703021,0.839758101320103,0.4141802844897969,1.5851766538318823,0.14574917542865076,1.8471322039660407,0.7983073480348093,0.643168906370557
2019-05-30,1.4932062326115745,0.8944739081980104,0.628615060842768,0.8425889942992293,0.4147952415840569,1.5877195955213412,0.1502313386105858,1.858124377313774,0.7904611444732761,0.6458829503138444
2019-05-31,1.5035468612814438,0.8873840490361407,0.625711221100443,0.8298755116902184,0.4232431442541749,1.588702223771801,0.14447966193577355,1.8663161470224752,0.7857022280684961,0.6392156657481558
2019-06-03,1.5064252803373304,0.8845935057068186,0.6230706198988046,0.82846779279556,0.4157061553012305,1.583833090861857,0.14470375333857816,1.876134981230757,0.7818547575393504,0.6356939318140709
2019-06-04,1.50966032864367,0.8937877957359992,0.6233653087342631,0.8348967392038589,0.4149239707338569,1.5670980318230117,0.14882105798539177,1.8652555014308205,0.7853697431972508,0.6194914125642608
2019-06-05,1.5107027896534708,0.8931481615946424,0.6226762629375056,0.8324218572419161,0.4187156247482064,1.5682985414880666,0.15831480450237556,1.8606687706529077,0.786510936367902,0.6261778522385986
2019-06-06,1.511968212071028,0.8924280974672483,0.6260394622071264,0.8359132533803265,0.4193156633192826,1.5665464127650222,0.15946279332226126,1.8596640138141478,0.7908622766699903,0.6273130164103199
2019-06-07,1.520086557719474,0.8778866982815502,0.6271774738044181,0.8301263621975831,0.4223777038811087,1.5598320681048332,0.16330417878826697,1.869334512002331,0.7874992486185757,0.6271016643843619
2019-06-10,1.5211284842279724,0.8793408161761342,0.6273315229977527,0.8307079051833028,0.4222931949611621,1.5605956312074558,0.1620586633349211,1.8734935926491942,0.7863821652982996,0.626937927414064
2019-06-11,1.5225695980450116,0.8792542594635131,0.6267807317569765,0.8299109293944047,0.42019588757610665,1.561556242498571,0.1621204326012818,1.874603859237585,0.7867301207429022,0.627183982854657
2019-06-12,1.5227353908631704,0.880419778959098,0.6259038774646153,0.8309874461598667,0.41989856228147027,1.5611077981510901,0.16137972636131567,1.8746662165985053,0.7861353676200832,0.62685020539138
2019-06-13,1.5214734226427875,0.8807198056809177,0.6244153464012941,0.8325570988231741,0.42162331608491244,1.5598917209122942,0.1604863744265751,1.8745423124250715,0.7861428741847782,0.6287416483880429
2019-06-14,1.5214682913297386,0.880692091666214,0.6251982647066255,0.8314477447331636,0.4197296801365243,1.557708774175483,0.1593344218225537,1.8763035602887308,0.7855616920744211,0.6267929997737302
2019-06-17,1.5219255334047848,0.8824242182494857,0.625397152149078,0.8314625496795772,0.42047488385107074,1.558996754937634,0.15831685412350624,1.8759064664773075,0.7849109894929772,0.6270756147439851
2019-06-18,1.5249652883164302,0.8844168029054159,0.6250923391719478,0.8310680426501029,0.4140537446692451,1.5617514626170486,0.15557230630548993,1.8716008593592206,0.7865667236696919,0.6216492522224164
2019-06-19,1.5243543430959539,0.8837080858996015,0.6240137945559144,0.830561155899673,0.41254597699681017,1.5610312249365008,0.1563219935442653,1.8722169010096081,0.7831896902168083,0.623215363079126
2019-06-20,1.520016968753262,0.8810261755130393,0.6285794963286051,0.8346297882042374,0.4162468269634719,1.559145073922924,0.15844858384494104,1.8696966086930757,0.7801059829390111,0.6234614735352857
2019-06-21,1.5200172591564522,0.8814975637346028,0.6289792103506167,0.8338798989387939,0.41714887469660045,1.5590632556274908,0.1583198163743202,1.8694487536507352,0.780427024209282,0.623950682347083
2019-06-24,1.52101116506862,0.8834795733151956,0.627942662208219,0.8334385111935491,0.4188334880954143,1.5543064761686198,0.1592616454524643,1.869185713715819,0.7825169765135855,0.6248613270506453
2019-06-25,1.521711730787845,0.8846274626812641,0.621698496048446,0.8324134822436973,0.4193697752993696,1.5500872774185936,0.1626937717255057,1.8703733301491554,0.7802223492706,0.6267420758411172
2019-06-26,1.5237142633172942,0.8859310597641716,0.6262778565132012,0.8269842445520111,0.42590611964813685,1.5477756623683974,0.1721164843190942,1.8665285765727748,0.7741568719534753,0.6311369425956115
2019-06-27,1.522069502015275,0.8860211851680411,0.6249362152430753,0.8242539379086411,0.4254929564112389,1.5481823786245978,0.17289333781286267,1.8649441041124002,0.7733111327573816,0.6333075420326496
2019-06-28,1.5223805018265137,0.8880616012662292,0.6212432113069768,0.8335642186996656,0.4236816345931918,1.550071067775092,0.17603737728225524,1.860358476698307,0.7790575957728292,0.6385070063915438
2019-07-01,1.5249741141285782,0.8884648721464194,0.6200694637458869,0.8318063483378376,0.4244605736202271,1.5468688016003334,0.17642454839703572,1.8573611360534692,0.7799222635323766,0.634379513293847
2019-07-02,1.5251766131973385,0.8884042844564339,0.6204418094467745,0.8302600416862604,0.42516470603049844,1.5458774760165694,0.17818950412409415,1.8574917570270726,0.7797408343768811,0.636235290262482
2019-07-03,1.5233907454021247,0.885132705009406,0.6235110026783455,0.8329244525110658,0.4311077186840066,1.541716439407268,0.17789448405603775,1.8535618743647693,0.7780111257814268,0.6406191486131032
2019-07-05,1.5209636783832854,0.8822080766080965,0.6272061329993923,0.8354956964186705,0.4314225237470108,1.5391925460346079,0.17762031259691094,1.8525095744939615,0.7776075267466888,0.643180912026502
2019-07-08,1.525692883318313,0.8829743197239719,0.6214986254018824,0.8355661811748006,0.42544651545265594,1.5378908057755574,0.17743894896414883,1.8538595493756032,0.7699438386631499,0.6402299669120033
2019-07-09,1.5255264343589396,0.8846182426886152,0.6214625082509206,0.8377671898355825,0.42632021207933585,1.5431271828313413,0.17441476353250046,1.8577396880852681,0.7676438558945047,0.6413275050810424
2019-07-10,1.5259094128658204,0.8750085711531317,0.6219119150649719,0.8397246829779788,0.4355911914521222,1.5296527960162623,0.18678568534587717,1.858823867706216,0.7686249676859387,0.6460883073213344
2019-07-11,1.5258848350169518,0.8768900433248882,0.6200261244253727,0.8387684101763759,0.43285521227624785,1.5306215959145109,0.18552532887757422,1.858356935901339,0.767947301187282,0.6442293493301905
2019-07-12,1.5253195652302254,0.8792792537975416,0.6103191512963214,0.8361852000701893,0.43106064801288246,1.5288356659611895,0.18570091687878598,1.8640003576843422,0.7651088702535611,0.6404280616935116
2019-07-15,1.5240180329647193,0.8806506799594723,0.6079442193531034,0.8383272837985585,0.4341887942366573,1.5264926458972323,0.186452398480973,1.8613235506177308,0.763771401410914,0.6412492900174913
2019-07-16,1.5237478798506798,0.8786703191852103,0.6107657698964695,0.83997630546049,0.4335248473407273,1.5259897295254914,0.18707771589738717,1.8609688333763814,0.7645046420767865,0.6380999609649778
2019-07-17,1.522451285189158,0.8822105855144694,0.6105341567002035,0.8395037625513472,0.4331198597594875,1.529103078666417,0.18407655068364534,1.8604301625494875,0.7644481056446266,0.6361574453747524
2019-07-18,1.5237951784774746,0.8832757689945145,0.6052350740937484,0.8387478522598112,0.43250681921788725,1.5274168008295572,0.18510053980650143,1.8577978442186995,0.7659967746538838,0.641605425361884
2019-07-19,1.5260607113544216,0.883908993117665,0.6088406014760209,0.836867163620427,0.4337393887438355,1.5188374415308863,0.18895241575015467,1.8568635429940308,0.7663398173297928,0.647226353832528
2019-07-22,1.5305571340516502,0.8822956359911304,0.6050271585859827,0.8369631014634648,0.43311311050467355,1.5176419893926354,0.1894544241183743,1.8558417540170966,0.7667794185573603,0.6493184912738024
2019-07-23,1.5297301994876022,0.8864152947179601,0.6042696887602272,0.8362387339379129,0.4282371210624742,1.5198047471417067,0.18596274019844658,1.8536317105536235,0.7696412077440358,0.6517349040346531
2019-07-24,1.5283541329641623,0.8852852288103626,0.6047631749818226,0.8356236943897183,0.4258243702104482,1.5105801508304244,0.18863126702105035,1.8532378053871896,0.7667329690050777,0.6502306586778446
2019-07-25,1.5283674846745001,0.8859167459879582,0.5980055131832452,0.8327547615388158,0.4247826310056735,1.5025293923230154,0.19014727307007714,1.8529420045220384,0.7684668266456042,0.6534517619465292
2019-07-26,1.5276909857014331,0.8849034569872197,0.5999747124264065,0.8305915882201842,0.428383261177865,1.4933983823266457,0.1981437609201232,1.8433212213172818,0.7653567376047672,0.648297607183901
2019-07-29,1.5269377996521662,0.88502222240038,0.6005536331231636,0.8313917678458287,0.42862473461711387,1.4950402356945096,0.19763164880377537,1.8409289323034201,0.766571114427837,0.6509833978024309
2019-07-30,1.5250186779550734,0.8897513435792653,0.6052456540013957,0.8246951515007899,0.42616202873024384,1.4988546224922596,0.19688080619346685,1.8463109068751211,0.7696752682356357,0.652165097928529
2019-07-31,1.5082266245826912,0.8862944049974821,0.6109291985382975,0.8272586705526886,0.4331106391079195,1.4927165769415762,0.2002625586585778,1.8420128532224351,0.7779298423466939,0.6580855359150511
2019-08-01,1.5126219736035296,0.8973511828282749,0.6085892242832076,0.8355064222070623,0.4356174655904831,1.4974813344682851,0.19289391545199158,1.839843092405333,0.7754249660331711,0.6541847604720873
2019-08-02,1.51910054569229,0.8956530259676955,0.6053491701923551,0.8358967239812751,0.43568115370866706,1.497668150480243,0.19109742940390687,1.8417623000276038,0.7776956513115509,0.6543916393273742
2019-08-05,1.5234353304798152,0.89932472716325,0.5944857084501796,0.8319761980185201,0.4543876087929094,1.4731510751515262,0.20335730407896385,1.8112658171936693,0.7337634734115865,0.661581977279159
2019-08-06,1.5237816135271007,0.8966053173964768,0.5923707561643546,0.8315246805341392,0.4560166747046751,1.46562063544076,0.2084302626694736,1.8083122620491978,0.7226958607828412,0.6633925994259254
2019-08-07,1.5240517451716724,0.8963765299203631,0.592467608486781,0.8317379014335514,0.4563736713433698,1.4649986214910358,0.2089461281332409,1.8073715572140265,0.7287631476493245,0.6646893398195167
2019-08-08,1.52068410250148,0.896480573852332,0.5931932103327239,0.8390241097571871,0.4614353779330586,1.450585991925994,0.21393856637818845,1.798194409402252,0.7260277886281469,0.671833232515591
2019-08-09,1.520195411355587,0.8951533728731891,0.5913844293477946,0.8430839740090702,0.4624606417375262,1.4534191329557018,0.21218735926298601,1.798893992121427,0.7258502837624894,0.6720118693360089
2019-08-12,1.5127873602166562,0.8985006775888226,0.5883151666400936,0.8399519356000527,0.4628149387031808,1.45497450240575,0.21400352932610134,1.794617443718272,0.7213161182375293,0.6689461066956802
2019-08-13,1.5265784449641977,0.8987708395220683,0.5898241498235427,0.8414798100947372,0.4645835212451409,1.4515659991283492,0.21220831507188298,1.7935714563310143,0.7133713313467219,0.6608377130581138
2019-08-14,1.5117491184447442,0.9137509604310338,0.5969068807487533,0.8575404148463561,0.4652460632661426,1.4390767454943207,0.21012169170558231,1.7740813165031233,0.7330398476191957,0.6615695989480764
2019-08-15,1.5122691304454328,0.9136628495239646,0.59925966430275,0.8588400765901341,0.4680016043251763,1.4411295737956618,0.21059159177767509,1.7740911509891872,0.7330300546678148,0.6651290131759521
2019-08-16,1.5173070965385884,0.9193073826520721,0.6012957667568786,0.8576982643151132,0.4759218594416831,1.4326019010745497,0.21090332208659743,1.7636094293623739,0.7331315944914562,0.6705107250760384
2019-08-19,1.5166593515318034,0.9177379354239651,0.5978167357713013,0.8586257087034475,0.4732221631776123,1.4222843658698114,0.20961165737418644,1.763418162661763,0.7316387056864134,0.6711127488529911
2019-08-20,1.5111558881088467,0.9196910103360575,0.5986143959827,0.8581908399174736,0.476324332195687,1.4182498507418406,0.20911638763371718,1.7625531775784244,0.7316260853705928,0.6720321256022227
2019-08-21,1.5118320895289024,0.9185668637796099,0.597859634453497,0.8587347220878921,0.4757095963983276,1.4181570500524303,0.21182647611972236,1.76252091097642,0.7302166576857402,0.673025211056783
2019-08-22,1.5122068241673687,0.9179830735648997,0.5988056031390291,0.8588529553313992,0.47565223699778547,1.4175600408876592,0.21262508481361309,1.7627402944467212,0.7305815245069457,0.675182794492819
2019-08-23,1.5189255924378913,0.9187668740785042,0.6096509534991562,0.8660429362919435,0.482022223262597,1.4128862967080953,0.207084543586204,1.7481867954658774,0.7274773534023988,0.68323365166628
2019-08-26,1.5201615150715788,0.9179709825825298,0.6105249549350049,0.8639558027108957,0.48595951053674347,1.4070147029475026,0.2087363688442233,1.7450868104714157,0.7253559197042306,0.6827921077725632
2019-08-27,1.522347546993394,0.9202141646363902,0.6080035567686284,0.8643043151437589,0.48544843572495755,1.4070063047312604,0.20773571339911598,1.7469890314918033,0.7245756902044531,0.6792928893737117
2019-08-28,1.5225328583093285,0.9181759824680762,0.6068544011032431,0.8637877301359445,0.48722208074742773,1.4031503023811387,0.2082340713345629,1.7450477444321066,0.7220213036063484,0.6827136728369942
2019-08-29,1.5213913461125728,0.9233765554327391,0.6017713972576266,0.8640664430446966,0.48277841873704136,1.4068985270291083,0.20637564907247027,1.7406851841964401,0.7241499094035103,0.6829910892618993
2019-08-30,1.5200385668276999,0.9252290654809605,0.6016508036627018,0.863511392015534,0.483449017531469,1.408859089940644,0.2053203378640857,1.735574758106844,0.7238788849207165,0.6843438966677557
2019-09-03,1.5236806137522017,0.9264730328412649,0.6003838015758131,0.8615751518294732,0.4805494286889032,1.4083388734482722,0.19797730141318573,1.7321746124295452,0.7238119617765281,0.680037642508523
2019-09-04,1.5239088089788695,0.9273077648557059,0.5982191321150022,0.8622624472633669,0.4838452867098148,1.4094674168489745,0.1941611943132848,1.7272834688933658,0.7211082940653576,0.6804257614464948
2019-09-05,1.5242736580469023,0.932746851800478,0.5932049194165527,0.8640356305368743,0.4781570144537755,1.4162411926927416,0.18337386838056982,1.7284426044776537,0.7144247412315495,0.6706196973280132
2019-09-06,1.5240241000760408,0.9325452561427876,0.5950255749015275,0.866021041585793,0.47885582673299365,1.4184530462877585,0.18432031022298442,1.7265130472219825,0.7148400840612239,0.6723701936682981
2019-09-09,1.5224751009876556,0.9321833290029959,0.5964780943642252,0.8649006281781977,0.47787251070319414,1.4198388197941552,0.18606594626402562,1.7249042649224937,0.7157920341150922,0.6724766438389563
2019-09-10,1.5221371741159455,0.9325861368787205,0.5970013452786858,0.8666277204629561,0.4769380255439154,1.4201088199655263,0.1851021292297675,1.7249592997004823,0.7149631569681546,0.6709022088858311
2019-09-11,1.5284371421278775,0.9319806499381043,0.5992341019210271,0.8648124167827403,0.4784044001938232,1.4228667989041353,0.18686809557430073,1.7228071415061423,0.7158431282668951,0.6666780279443453
2019-09-12,1.5252958200979672,0.9319559765670028,0.5975931356935796,0.8632406464221168,0.48032142483788715,1.4221844069352036,0.18714933388847535,1.7210588205850945,0.7170616110807054,0.66894609909779
2019-09-13,1.525977251045321,0.9313435931386065,0.5974495982716805,0.8628775464701243,0.4804818724705424,1.421540201946877,0.18751799699478897,1.7210729389954236,0.716990305448857,0.6689063400359971
2019-09-16,1.5217675938284683,0.9323258340576958,0.5981798127997183,0.8632621770200027,0.4828301562107031,1.4212566220020515,0.18579391700811185,1.724040912170568,0.7168859019747944,0.6649160612900282
2019-09-17,1.52179090017285,0.9316673414154726,0.5981623016037191,0.8624118882328186,0.4836121528152809,1.4203364228635749,0.18724655240551175,1.724432427803809,0.718428295605466,0.665924454352807
2019-09-18,1.5180500132049966,0.9333891218791502,0.5996425357531194,0.8647168216474062,0.485452116070087,1.423925543258109,0.18752370499071042,1.7198991804017014,0.7204686850335035,0.6673295734150607
2019-09-19,1.5193252306984906,0.9336304609230365,0.5994380252301134,0.865042383649175,0.48677614210817777,1.4216574402316469,0.1883567743140931,1.7183081786277017,0.7211291942955707,0.670393880879105
2019-09-20,1.5206981212249537,0.9324714423066311,0.5967317415102268,0.8643614725492705,0.48620393027124276,1.422122567864974,0.18875590946481186,1.7198264979382314,0.7192816986662924,0.6719593310134463
2019-09-23,1.5218718610940905,0.9321409614067798,0.5949541290627725,0.8654738939598897,0.48313294921711647,1.4191078596630795,0.189382569010035,1.7209495327230542,0.7179566458083612,0.6677236512570205
2019-09-24,1.5192272806144975,0.9336613146035535,0.5939078031738145,0.8673882980778446,0.4814581291768154,1.4211214252830646,0.1849832192427329,1.7236919772762245,0.7195136908400671,0.6677777340872846
2019-09-25,1.523117097679639,0.9327861486160404,0.5902957326861799,0.8696852718814598,0.47704269971305535,1.4191723813417005,0.18368283622971085,1.7269710093612098,0.7174935070326358,0.6668525285101794
2019-09-26,1.523689038203879,0.9332564503777708,0.5910245236253076,0.869955177489351,0.4753529795604139,1.4191154931595,0.18215519983204587,1.7292592280910184,0.7170866200777554,0.6655805202212788
2019-09-27,1.5226911757099522,0.9300549624778944,0.5905856789996333,0.8669122239001071,0.47497133411437276,1.417114212063978,0.18075174231100735,1.729766386595593,0.7170843553384632,0.6656274744523952
2019-09-30,1.5239559313875717,0.9298165453425256,0.5912646489217314,0.8642524013862608,0.4747115068075224,1.4163041204109394,0.1811893687826242,1.7279511015340532,0.7187310910924005,0.6632697475500167
2019-10-01,1.5144740684687805,0.9328569961444401,0.5858834104310237,0.8696710628941631,0.4747982314286064,1.4221644206547395,0.18271645714841056,1.7183551593162312,0.7269699703010217,0.665256133996656
2019-10-02,1.5131031869451017,0.9347425888146004,0.5681290785310087,0.8750830497221995,0.48448031506076766,1.418821333308819,0.19027927121201207,1.707361654958918,0.7280336553304559,0.6597984932003172
2019-10-03,1.5122051687722193,0.9322485771346871,0.5652233919425181,0.8769397981181178,0.4845672569642343,1.4162682663765898,0.1909627515526143,1.7052296990363682,0.7270738839717773,0.6620321274931679
2019-10-04,1.515185560432265,0.9361829262956526,0.5708959594789499,0.8784250745135557,0.48996796525244485,1.410276353516276,0.19652433858332669,1.697938028264723,0.7260424361419637,0.6608887881813874
2019-10-07,1.512532959411318,0.9407080564939804,0.5731234508421069,0.8802659924238189,0.4881563725117669,1.4110779880800883,0.19913268355579067,1.6949793543862466,0.722070556161748,0.6604241705476213
2019-10-08,1.5045641411269741,0.9448367093245275,0.5739116796149846,0.8835292883845725,0.49419325266488623,1.4063598063017548,0.20781110819309215,1.6888273301137964,0.7280033675350123,0.6590199629917799
2019-10-09,1.503850934981143,0.9445047899919781,0.5660649748338443,0.8849168851203603,0.4950068674487558,1.4065357126041187,0.21153983865794646,1.6868921088797628,0.7313497856346431,0.6582862036177699
2019-10-10,1.5055109920462835,0.9459490818430759,0.5650135159288353,0.8868370701369294,0.4936786332915799,1.4094934073531689,0.2097500471975788,1.6846560999392888,0.7336785130816158,0.6586244767157083
2019-10-11,1.5129937448931414,0.9536945758305639,0.5793094878139317,0.8958474848808614,0.49460090282695357,1.4320020751527984,0.2042881181503048,1.6732842224435347,0.7407926440268453,0.6534092380370272
2019-10-14,1.5300051485283226,0.9454256134467318,0.5671250543360744,0.8837615276902249,0.4775173851009723,1.440234790976008,0.1905268920179315,1.6839572658396875,0.7342171802008863,0.6307133522755497
2019-10-15,1.516662582092508,0.9651956932016705,0.5748439837351118,0.8895351264958314,0.4699255765921846,1.4488190592256402,0.1885232087773011,1.6759318395076401,0.735399246051739,0.6473785006747328
2019-10-16,1.5138768650450036,0.9651849335004203,0.5741504888080544,0.8905960129755144,0.4731519269389696,1.4507486222821946,0.18804244601263628,1.673917214216453,0.7362352310676508,0.6499901854699048
2019-10-17,1.5221757689291011,0.9651232010889765,0.5690179103728237,0.9011877948365239,0.4733417548018018,1.465379198728081,0.18485742496548874,1.6757119318691782,0.7294239242703532,0.6520168758467487
2019-10-18,1.5204073927549056,0.9645328710214565,0.5788757438991414,0.9018374917782509,0.472343587775017,1.464477373925852,0.18391465382486216,1.677409208484092,0.7296467496605054,0.6506812232094668
2019-10-21,1.5212079700916137,0.9676689952030371,0.583582169509757,0.9146486156229204,0.4712860960708837,1.4550818785011874,0.18681054002918004,1.6737457021861257,0.7380950704870904,0.6583057521520226
2019-10-22,1.5211938337570319,0.9656880535154403,0.5817867393202747,0.9133719287659777,0.46981314984110967,1.451927254812806,0.18498968099907406,1.6743811291763269,0.7401807592203572,0.6580477863962773
2019-10-23,1.5242677918774192,0.963751414236177,0.5821950423071506,0.9131481408767699,0.46889133093007246,1.4503162718039804,0.18381739363627134,1.6776643194722516,0.7492606235064491,0.6581762142214362
2019-10-24,1.528181368040809,0.9623211591394067,0.5822801615793612,0.9102105810267911,0.471315811878289,1.434376696738782,0.1813936280845012,1.677715633438685,0.7461188137538961,0.6614236632139348
2019-10-25,1.5449259213895996,0.9758734775463372,0.5926118579292879,0.9113328801076805,0.5178646872309832,1.4252133383834882,0.22179339472992926,1.6668871746412677,0.7527625073675452,0.7061714354602058
2019-10-28,1.5501068495980213,0.9779126363900703,0.595742868813047,0.9139685480656202,0.5288799731059818,1.4222988436367558,0.2318466966312493,1.637932625597702,0.7472839960471575,0.6975213843949971
2019-10-29,1.5592204519591697,0.9799123507450739,0.5956300158540336,0.9188023209439167,0.525379416857101,1.4356316245521596,0.2203216771317087,1.6028894141665488,0.7553147933972706,0.6891572476440205
2019-10-30,1.5562645762148535,0.9846568211416916,0.6010145329499375,0.9176120165006946,0.5281193572461486,1.434300273951439,0.22639561804537853,1.5883129545565888,0.757298000320932,0.6950138714819987
2019-10-31,1.5641218927485843,0.9840374370419399,0.592878126901779,0.9119525280893535,0.5277836433787436,1.4315124023480128,0.22491523995138904,1.6063861466499418,0.7688669470720771,0.6989654866209352
2019-11-01,1.565240918070909,0.9844544113831389,0.5933259793034982,0.9191702743549562,0.5288327901885292,1.4371672940975586,0.22362946479868392,1.5924960381431026,0.7679989945432815,0.7056665177713111
2019-11-04,1.5658296302891155,0.9895183716967233,0.5920988285550117,0.9213015102675294,0.5219083684632277,1.4335397522999935,0.2262589187559222,1.5822066240154087,0.7809710385303748,0.707314987646501
2019-11-05,1.5499934186169253,0.9894182974744044,0.5928056761092215,0.9260717501848198,0.5233543443799658,1.4386178075914742,0.2233216972080882,1.5850534488921784,0.7785775897180691,0.7079869558781885
2019-11-06,1.557750222228457,0.9892910826037001,0.5911989568036983,0.927600296667533,0.5210501647585333,1.4392327853281741,0.2206732999093198,1.5915016427673576,0.7768492273365581,0.7068456574556924
2019-11-07,1.5582313908499557,0.9899537396041744,0.5915794591924818,0.9295850062610508,0.5204942382321229,1.436529700258068,0.218289226610788,1.5908480902091233,0.7734199153193239,0.7044856064429347
2019-11-08,1.5608124986467329,0.9936216182641889,0.5898177825566003,0.9332355722634978,0.5328400698654091,1.4247208886731428,0.2121800467208839,1.5599692698148846,0.7811785225092991,0.7024385278395809
2019-11-11,1.5597746714528997,0.9950617190155904,0.5911138536265759,0.932009554997936,0.5332730147189657,1.4216252788438566,0.21241135997419336,1.5609031951886934,0.7804581581037069,0.7022857543615059
2019-11-12,1.55740058106304,0.994331094563298,0.593357061571966,0.9349719632392285,0.539391265474359,1.4124150844019796,0.21898164148743368,1.557175334113783,0.7745659449187839,0.7067668293139647
2019-11-13,1.540059340752035,0.9927549429619953,0.6055119374531746,0.9403709117515234,0.5505341602648018,1.4231547601855383,0.23144286403591022,1.5458058105266042,0.7748503196928225,0.7205733283021925
2019-11-14,1.539219745039008,0.9933648789391093,0.6050455737388207,0.9385116295063114,0.551215099007628,1.4238901267865067,0.23156521509972153,1.545738030856562,0.7736590090847931,0.720479925714191
2019-11-15,1.5330313940923552,0.9884785187431878,0.6137466227928373,0.9396257289090497,0.5509948058203382,1.4258867407855353,0.2294236397954761,1.5369940733998213,0.7669464678791398,0.7201089678627068
2019-11-18,1.529702321586156,0.9821596431205937,0.6155986026312362,0.9391582111054567,0.5522771925440707,1.417595479962445,0.22520577035357894,1.5382869032834443,0.7657551551561795,0.7290473408176029
2019-11-19,1.5293443734382628,0.982389222591953,0.6149010066422094,0.9389848381137322,0.5526490873290596,1.4176076433872717,0.22477717003305228,1.539563038907136,0.7650331524846581,0.7280140208012511
2019-11-20,1.5195028776698811,1.0008200465133588,0.629727228939431,0.9523714044404601,0.5530623078604404,1.4136070674358103,0.23147587043466347,1.5205308236018582,0.7814099166279638,0.7392660315620522
2019-11-21,1.5024876631161888,0.9975431845668373,0.6319378778695419,0.9413095067789701,0.5516313083511102,1.4090577074274322,0.21945348557624453,1.534707967511004,0.7840177070447006,0.7380991520532411
2019-11-22,1.5028277330756887,0.998936098398266,0.6359763302534791,0.9403604139342313,0.5525054133184961,1.4081819588422297,0.22053254360472027,1.533907808427216,0.7829599171359065,0.7377044384102225
2019-11-25,1.499229092346806,0.9972598651541655,0.6367813560703298,0.9301833446749116,0.5528829500278438,1.4092907219914421,0.22086293742170407,1.5356010455452773,0.7781625558496837,0.7382317691913892
2019-11-26,1.5054059525391192,0.9914607751276877,0.6427839427425391,0.9259291973818897,0.5570805212571724,1.4099654226510876,0.22552865215374765,1.5170106927327598,0.7813900959548219,0.7531984313458352
2019-11-27,1.5072891852163108,0.9911551493064952,0.6417898150575075,0.9255112841858427,0.5552849513896858,1.4093286274894077,0.2243984005524313,1.5184645286801601,0.7852509342245512,0.752551199612356
2019-11-29,1.5037024680123932,1.002947266264932,0.6333000500498533,0.9285937150168156,0.5651630105808948,1.3920391266566934,0.22982058558034044,1.4923837484226548,0.7788122556930968,0.7620693707673183
2019-12-02,1.5028352769035227,0.9996478580139114,0.6309721320614857,0.9244847121405645,0.5610662586109026,1.3919608232715124,0.23405613309183232,1.4914390871371417,0.7883631792046558,0.7664855737066862
2019-12-03,1.512109377736091,1.0011554973727768,0.6291193456321321,0.9251897268612465,0.5551907843289662,1.3848947655363146,0.2245835283257575,1.4908596431246406,0.7876601317973615,0.7642440019146386
2019-12-04,1.503379151110359,1.0055061130267342,0.637786883859802,0.9210213452738326,0.5667345248208714,1.37833290618446,0.22587964745528244,1.4715336128933407,0.7757055670623023,0.7589914078368043
2019-12-05,1.5098454860003612,0.9860326900971909,0.6688379431536393,0.9344008500656819,0.5937298308090644,1.340224361157743,0.2330007319701729,1.4545220799214442,0.7806308210112296,0.7551360547116235
2019-12-06,1.5106912861655124,0.986356519937948,0.6689673852045209,0.9366973773722846,0.590016355903095,1.339611502822622,0.23166061674431937,1.4541721662122997,0.777943407577909,0.7548476523727199
2019-12-09,1.5109878353188462,0.9919210073542636,0.6832702808153259,0.950979613123239,0.5900719748092723,1.3314357270427541,0.23828219977698434,1.4456070453722587,0.7736606707701688,0.746197740986579
2019-12-10,1.5102612176927617,0.9928651087661349,0.6835806200887541,0.9523215773104398,0.5903023417634846,1.331447600716435,0.23841151660029922,1.4456576563957513,0.7729732882895548,0.7472214113800436
2019-12-11,1.5102721874253502,0.9916963738010517,0.6846713329772253,0.9521203926622189,0.5908319595274798,1.3318585709596698,0.23890592317191475,1.446001812177855,0.7737189605742772,0.7457090780054213
2019-12-12,1.5073582204817793,0.9990487165470318,0.6833896514752558,0.9599172097101946,0.5889238110137864,1.3326005597664343,0.23729538660498603,1.44287127760311,0.7755384357709094,0.7465573255102164
2019-12-13,1.5074405566716755,0.9993764580958978,0.6836310258412265,0.9610354158341499,0.5899126267119229,1.3330881620666335,0.2370962633216263,1.4427430051041308,0.774951776273359,0.7470367748171628
2019-12-16,1.5049657900773974,1.0082649190482578,0.5971884508446103,0.9636661511729125,0.6004928595189736,1.3619771271339431,0.23784833992760832,1.429485703474424,0.7811319743908862,0.7530215792980157
2019-12-17,1.5280712594151369,1.0164964674087527,0.5785725069994643,0.9643425368869794,0.5693717726356816,1.3733726626612413,0.20809037056074062,1.4134151008615412,0.8070427515201601,0.7215971517658674
2019-12-18,1.528774407671381,1.0163386901269489,0.5791624542819155,0.962899400720748,0.5699499358227305,1.3728978133785514,0.20806403569274867,1.4144857958314592,0.8075401285386348,0.7217750369423122
2019-12-19,1.520394696900215,1.0165426227083998,0.5707168691747476,0.9598908939688098,0.570729021938141,1.3742877836571383,0.2025532533256136,1.4025224459646544,0.8082575295982579,0.7106234712966084
2019-12-20,1.5164132167441435,1.0213046632615457,0.5835019672590378,0.9479657544465444,0.5704265914954704,1.3904386697097093,0.20755047925545342,1.400402697742587,0.8106812941336805,0.707856986502272
2019-12-23,1.5062697846228725,1.017729940878681,0.5957778172721515,0.9627963687501718,0.5831081821998949,1.410100450613761,0.2060554729587829,1.3681494769653075,0.8224430300263816,0.6949304593743474
2019-12-24,1.528534328625265,1.0263434027002172,0.5565914580577661,0.9448286377878852,0.5438343378003389,1.4309454281397973,0.15755964658581562,1.389295361414952,0.8055260328865871,0.6441203744375473
2019-12-26,1.550853710077609,1.0584706630658236,0.5439215799061322,0.9391228152157299,0.5323560296668396,1.4414805664878394,0.14528151564145522,1.3178317812259652,0.8348622816887972,0.6346098166498498
2019-12-27,1.5609039871992045,1.0576359084004205,0.5436073360785248,0.9407330715776688,0.524254167141045,1.4396618782476311,0.14133475371372356,1.3260454113716726,0.8271753901298494,0.6374130904618582
2019-12-30,1.554993083316237,1.0565753405305829,0.5435476684563157,0.9392269031668917,0.5275409138741715,1.4370902057776085,0.14407391384396293,1.3298730933142733,0.8268607316328311,0.6365659941383732
2019-12-31,1.5573924471979816,1.05744659700403,0.539381468927035,0.9428726746946045,0.526335058616731,1.4367490022587481,0.1424734438923674,1.3269382991939196,0.8317594824326301,0.6378469394463553
2020-01-02,1.561522930583649,1.0585568624743646,0.5376672513368276,0.9467559767546964,0.518341563813959,1.440552012423575,0.13470586716674587,1.3344237824063643,0.8233714346060085,0.6312390850480124
2020-01-03,1.4538888755691275,1.0819394954806376,0.5372943321876117,0.9623283064505621,0.5291340166381306,1.4383167262446839,0.13016154630791754,1.350010583860056,0.8150849459093549,0.6343054355415139
2020-01-06,1.4750227270077265,1.082571594230931,0.5409607106380417,0.9522520883135874,0.5253593520612235,1.423285912688706,0.10052500797322741,1.3417137354270305,0.813458363779679,0.6275790045095904
2020-01-07,1.481692684016599,1.0896123875511554,0.5433984733229174,0.9538753793072551,0.5305221537576453,1.4294314363771656,0.10259120716391541,1.328894118556592,0.8153944201456933,0.6245697763802077
2020-01-08,1.4817739982362481,1.098317843187042,0.531269209923677,0.9491752747574274,0.5321924104703715,1.4309220075922364,0.09879743962822303,1.322197861378289,0.8162801068821545,0.6084202459635505
2020-01-09,1.4837266546604928,1.0981340706499136,0.5333068138435498,0.949570652507586,0.5393020728678692,1.426504073498229,0.1025966049519814,1.3214952088411767,0.8171778443646367,0.6056315348566069
2020-01-10,1.4836730762223254,1.1015087907125167,0.5326341520071851,0.9532574010610063,0.5390813651127594,1.4235645904457346,0.09896378190894316,1.3247405150889584,0.8118993704538296,0.6004367660309426
2020-01-13,1.486879453571448,1.101217062694736,0.5329175243254427,0.9545774844851438,0.5407343913389346,1.421147964438812,0.10322750163198677,1.3221669446789968,0.8140817225121827,0.6095701658884827
2020-01-14,1.4851786187803844,1.1060212184043694,0.5278616398163669,0.9577805908304096,0.5388449816386561,1.4234883480324056,0.0905298398081001,1.320752586141381,0.8110324096529633,0.6127640042784914
2020-01-15,1.4825002144177328,1.1083051090500522,0.5261736284651222,0.963937328960968,0.5374419036231287,1.4391920677430317,0.07873853677372673,1.304721159598585,0.8214855994073181,0.609419528999375
2020-01-16,1.4810422781254824,1.1047484866366288,0.5291179811282561,0.9580725412474546,0.5358216582316788,1.4411420925284097,0.07923323880628508,1.3035291759447627,0.821826578291976,0.6125050778077902
2020-01-17,1.4851608509104266,1.107458218953164,0.5281250746097843,0.9564604497648843,0.5382423947691685,1.4358498363608274,0.07859336291683905,1.3028217234817763,0.8252938044741682,0.6127735564826605
2020-01-21,1.4998863285536563,1.1081238202333457,0.5229478050387277,0.9591264699809003,0.5382594836133227,1.4347698924428702,0.07458124044726105,1.3111715172813012,0.8178198697860967,0.6082010815211547
2020-01-22,1.4966087621006907,1.107813672988725,0.515038546111306,0.9587145113961429,0.5336577238260507,1.4235480969238812,0.0817988830565293,1.290273879414461,0.8308904915244916,0.6189026816354795
2020-01-23,1.4967152713371252,1.1082590981766294,0.5151838004345154,0.9594860500289187,0.5292241571389017,1.4240609907901722,0.08089731020796295,1.289998826529368,0.8320745776378016,0.6189853906346607
2020-01-24,1.4904788559897861,1.1194287726679246,0.5134608389852583,0.9573445547760074,0.5255948155812903,1.4260437612603523,0.071028370949819,1.2896830140744617,0.8259437577599034,0.6124455228620804
2020-01-27,1.4892798614037317,1.110449385877251,0.49787928179075003,0.9683770761909054,0.5183611200323058,1.4268589893798669,0.07787845821241743,1.286551596450338,0.8393083651808567,0.6092959178644549
2020-01-28,1.4976376212380778,1.123426048796733,0.5037355841379219,0.9627057865358006,0.5175481052388027,1.3722646540278995,0.06674382952052806,1.2817354271655688,0.8445268916184386,0.6175789958345606
2020-01-29,1.493343458902771,1.1242434093779725,0.504697771184327,0.9645947221563789,0.5185890013895187,1.37636351181214,0.06707995297917856,1.2769946904649112,0.8476834856459541,0.6185126650329053
2020-01-30,1.4446529570316733,1.1425282662800573,0.5020864111959674,0.9694219626549229,0.5176879216261459,1.3669168748685518,0.06793079443187326,1.2463122054859885,0.8504898601896779,0.6153816012207247
2020-01-31,1.475913114569182,1.1613685531984117,0.5001756860220783,0.9966895414696789,0.511940762266946,1.3661665692018672,0.06097010265508919,1.1064848048031062,0.8677829188016241,0.645677610570383
2020-02-03,1.4688303218734529,1.160818933093588,0.502406398639034,0.9828715475293379,0.5115856927918949,1.3563376587040352,0.057595654602950595,1.1021878748037541,0.8791664971916288,0.6378887049466405
2020-02-04,1.4712378469795462,1.1594286040514734,0.5099895735649091,0.9649903999745517,0.5068459113155229,1.3695142112417944,0.04656126334800834,1.1097604080207368,0.89364893935922,0.6452483591508396
2020-02-05,1.4614676682323673,1.1649544661234554,0.517995843046664,0.9902344551726059,0.5114006907381154,1.3797288747147862,0.05146818618347832,1.093974867755065,0.8958713999145126,0.6337300545223897
2020-02-06,1.4629132539671976,1.164605978914901,0.5174740904719465,0.9872619568222947,0.5125784973429856,1.3772015720988597,0.05179004682885273,1.092308517433003,0.8934994498869455,0.6326268372792346
2020-02-07,1.461211868215003,1.1615154247844084,0.519213468538295,0.9893419830793168,0.5125172011544744,1.386267077480186,0.06284827014442912,1.079273782820667,0.8904202211520753,0.6450528179681115
2020-02-10,1.457781778939852,1.1591671613917522,0.5172745991267256,0.9817855386820276,0.5108448672619516,1.3852124745253476,0.06576240054611025,1.0874035098195056,0.8899560627891446,0.6501368945398432
2020-02-11,1.457088270764105,1.159060552575384,0.5172104657292745,0.9823635665126829,0.5098751030626031,1.385974480214462,0.06572619770491882,1.087752479412823,0.8900456888770096,0.6510167955423791
2020-02-12,1.4723082573791793,1.1543927252474708,0.5052129774934278,0.9798800551879185,0.5035014993300103,1.3824577208259674,0.06302652335798492,1.0733677651533686,0.8666055811943493,0.6647378069361871
2020-02-13,1.4749775860139984,1.1541390964833098,0.5062014323570027,0.9788161336028166,0.5016662506158377,1.381795725805162,0.06053798461033563,1.0742923509063107,0.863758298650471,0.665240846746716
2020-02-14,1.4762259859778575,1.1527705308139324,0.506171115097388,0.9795454604313583,0.5004165288677377,1.3809671956610132,0.06048094631345696,1.0715979743873632,0.8631687299333171,0.666242114368559
2020-02-18,1.4947545603626058,1.142653549179308,0.5004979079027616,0.974717838505879,0.5072522182444004,1.3731132574607041,0.05357493778723385,1.0835066062848984,0.8598743785739908,0.6661785676984823
2020-02-19,1.4964805208060683,1.145180208757135,0.4997093084190708,0.9757020958701571,0.5070034952179598,1.3723052192281138,0.045351564168478166,1.0833696850668035,0.8574979453614942,0.6633278776590397
2020-02-20,1.498322078207314,1.1436636281265309,0.5001150351496598,0.9763338859893291,0.5041656949732715,1.3679035256335141,0.043011292099186554,1.0851265193724424,0.857636270810998,0.6599649339027311
2020-02-21,1.504495648935015,1.1445849221740585,0.4858617703846687,0.9753733191752204,0.5015705724190895,1.352517520985795,0.04341404403310508,1.0981860271014028,0.8639685791673833,0.6564065999225552
2020-02-24,1.5010816404638325,1.1240023208070808,0.49398194428403586,1.002677072952052,0.5255338315658625,1.3347414005390812,0.07112383453702006,1.1090380215721287,0.8777730644133858,0.681765603829683
2020-02-25,1.4814515689916736,1.1447542941292266,0.48199975964569347,1.0147314369550482,0.5257157164058968,1.300929136156226,0.0953958178741905,1.0800519012578678,0.9083629770572221,0.7297461823217977
2020-02-26,1.4762104268147398,1.1423507536767483,0.4832916671038898,1.0194202751224637,0.5283109155138741,1.2991845695782682,0.09656887768870981,1.078356771889972,0.9049477361274257,0.7302351835132197
2020-02-27,1.4805756087201292,1.1215029189725187,0.509166900444827,1.0530209413149132,0.6084961374486271,1.2524817864932414,0.20195270402224955,1.0806253742550784,0.9099855713440591,0.7750476489416774
2020-02-28,1.4746189565937105,1.1368534298023847,0.5240817441578247,1.0327155373301409,0.6070807134585678,1.2416215844825176,0.2081500758808857,1.0770819084790246,0.9152406862534586,0.7855549175174543
2020-03-02,1.5284934442216083,1.1255079350610333,0.5600234101843634,1.034112998318877,0.6710924551328188,1.176766694567817,0.32454734541035746,1.0446105472768856,0.914895420917414,0.8120835499532177
2020-03-03,1.5174690388142786,1.1342955983210106,0.5821651681663357,1.0592514402605104,0.6634152383907046,1.1677076628778373,0.33093965736329567,1.0400858068330912,0.9004801359813873,0.7667504825029052
2020-03-04,1.4817125029820377,1.0911392515296132,0.6444879445309695,1.020637902833669,0.7094722980863977,1.1222318008152885,0.4211819177642075,1.0232283747166238,0.9251739243737855,0.8081199744745805
2020-03-05,1.4591034341191773,1.109713924741973,0.6296222871819475,1.0306798059233426,0.70969316053389,1.1253096932577875,0.4328839854592031,1.0091448766344446,0.9401955220728164,0.8416416104590932
2020-03-06,1.4514708576245594,1.1340506535775143,0.6214033400257671,1.0590346956202072,0.7017073653923873,1.1124646174791941,0.4413517367244421,0.9992155062956466,0.9566739160860431,0.8615440502991387
2020-03-09,1.376838861009798,1.2598557692449714,0.6015009999814334,1.1593083093220948,0.6849963886443765,1.2590838301319056,0.45859857971208257,0.9413194015083766,0.9896874338697912,0.9377357313047796
2020-03-10,1.3744538387974286,1.2862889599072311,0.6166901382265142,1.1339187107913344,0.6907972756299952,1.2022857586420015,0.3907859349284387,0.9395790342910282,0.9433845951984164,0.9264192995492913
2020-03-11,1.3306040394552705,1.2643083261129286,0.672401716995232,1.0986642809833773,0.7492406402372705,1.1956619075632822,0.4452400299543097,0.9283913786812817,0.8963327500746143,0.9882335649635651
2020-03-12,1.2752743503030814,1.1826368493629273,0.639062613883354,1.114736574598168,0.7847973438878891,1.1284712089638576,0.6485151274945548,0.9089358391710379,0.9093223509446479,0.8872871061251925
2020-03-13,1.2742748858793287,1.3081497513875753,0.6593427150472733,0.9790061064843121,0.8681657117277315,1.0854462265990348,0.647848198288916,0.8727771615724182,0.9670425348682886,0.9501807241998613
2020-03-16,1.23417838827625,1.2956008477134415,0.6138405918866571,0.935152446143731,0.7696842301232323,0.9635266211471404,0.6737590929654821,0.7810481154719527,0.9434861528037962,1.057719150277636
2020-03-17,1.2063248293642295,1.2809558698479722,0.6464297090381862,0.9463327781629705,0.8073010311363954,0.9764345861959899,0.7258921265947595,0.8000453736257391,0.9253710228069204,1.0880232659252347
2020-03-18,1.18083721948383,1.3086224067091412,0.6314225743721998,0.9807502926348342,0.7832320915632374,0.9408928823549694,0.7355339429435984,0.7624328419356174,0.9191765798979218,1.0775925460173787
2020-03-19,1.180079792225279,1.3087789604376945,0.6266928749943346,0.9838513017543119,0.77876956839483,0.9425044270941293,0.7342755153121469,0.7648821620247457,0.9179111804284827,1.0733318708765969
2020-03-20,1.1848269912304628,1.2931890648882398,0.6437117381385895,0.9864631682549816,0.8036995974987021,0.9610698007454714,0.7587631920212258,0.7563794698222419,0.9081795893006605,1.0560909806948515
2020-03-23,1.1803819881832993,1.2978379186849465,0.6652140172129307,0.9907794272963822,0.814175157434996,0.9614971462694522,0.7765266914635643,0.7325140971545284,0.8982574453594794,1.042588214723096
2020-03-24,1.1664825143905175,1.294058972034941,0.6765111438975705,1.03183654141563,0.7915708079941342,0.9766924032100539,0.8480133806761192,0.6761010187080819,0.9140731004157453,1.0592394329857933
2020-03-25,1.1653535960592765,1.2971603524516102,0.6748175898630002,1.0372105094679258,0.7865698224899869,0.9801041857189693,0.8490598548399323,0.6709181597120504,0.9130404538775067,1.0599257770847927
2020-03-26,1.1503505199446746,1.2887876756029693,0.6879179764836086,1.0218720225869617,0.7969926316351821,0.9763419010409884,0.8811694236207411,0.6665779045386969,0.9101745590576247,1.0663422531919258
2020-03-27,1.1521783140245168,1.2991834173225731,0.6893579385926334,1.0260067393640748,0.7771927575893801,0.9808665813859722,0.8696507867304129,0.668949351808381,0.9126973985431411,1.045860747611097
2020-03-30,1.1479842606564319,1.2927608759791804,0.710560676601222,1.019879070561217,0.7836872636268878,0.9896364231475774,0.8809649796838005,0.6730048418650539,0.9218165547600075,1.050698473346363
2020-03-31,1.1464865242899642,1.2932761630247216,0.7129235167989671,1.0141281778524882,0.791028198969059,0.9769232930650353,0.8859987648190292,0.6711398042028761,0.9240298976394267,1.054501829866503
2020-04-01,1.148219626850171,1.2961492840799513,0.7065093140393761,0.9972642673815331,0.7776648060593161,0.9755715895892334,0.9123443676335407,0.6675815040352416,0.9381252600736455,1.0748805466237732
2020-04-02,1.1453307268231108,1.2980802743048265,0.7110021416649766,1.0114579298059514,0.7847312904646875,0.9823949358290652,0.9163640465067355,0.6650231242040422,0.9370651733943546,1.0762917907069578
2020-04-03,1.1451798326271758,1.2995008980401535,0.7085007380872279,1.0130194149309795,0.782190241080125,0.9827394484521565,0.9179586271445505,0.6646069354615523,0.9366250303487487,1.0780744432978944
2020-04-06,1.1488377901656817,1.2802977047836437,0.7022085351969417,0.986112895989339,0.7589746239290339,0.9692489036956511,0.9121343536744837,0.6645837492207144,0.9503956858559601,1.087979017026352
2020-04-07,1.1488479614625082,1.2800578397200892,0.7024507150470138,0.985698453578526,0.7594516153216975,0.9691052045401587,0.9126169039873145,0.6644099100844784,0.9500504893642419,1.08789197185628
2020-04-08,1.1437823317253135,1.2789327882317258,0.7085449254585104,0.9964061427887325,0.7574775963980266,0.9720594234632747,0.909645161412699,0.6615330448978303,0.9518816653934306,1.0969665915645181
2020-04-09,1.142188239461084,1.2893399789052211,0.7049979071965897,0.9923881358121526,0.7553323856695631,0.9670821336683473,0.9152756515361229,0.6599160575312203,0.9522749575694983,1.103511300851113
2020-04-13,1.1391676362435241,1.2925740309678275,0.7053638026483572,0.9920287553383504,0.7534752284523812,0.9749389204702789,0.9182310216292898,0.6530147208583795,0.9531477773589139,1.1084019830202196
2020-04-14,1.1440764882377004,1.2696145842893645,0.7122954071500885,0.982157482331352,0.7596019381686628,0.9715212164639536,0.9174631861838443,0.6631583650529651,0.950495708186186,1.1071832104897645
2020-04-15,1.1409353553472712,1.2741743787415853,0.7065439798890717,0.9870031420506402,0.7556754928829592,0.9760024319401058,0.9179689757097902,0.6578280766012613,0.9560173615358185,1.108419156508536
2020-04-16,1.1409184982734175,1.2715062327546793,0.7070194864615074,0.9848602645703998,0.7554846607547822,0.9765276396762198,0.9176977060841285,0.6600359765015718,0.9563029118522658,1.1091573691730825
2020-04-17,1.1293059198992463,1.2871386197961532,0.7061303582925696,1.0061482243526974,0.7569269531867092,0.9796174037960406,0.9206834606240859,0.6514661166357926,0.9572157677665417,1.1069094067843914
2020-04-20,1.1296672721783174,1.2895733942485808,0.7045290877965179,1.01096588204229,0.7604683823171167,0.9788797783940246,0.924257155380522,0.6482602626938933,0.9575657951287468,1.1067692172400236
2020-04-21,1.1289916349238187,1.2863033199864353,0.7021644495472821,1.0024018511625754,0.7560142296857848,0.9822005409181803,0.9188662460639431,0.650700616822612,0.9588668210694015,1.0953894586017456
2020-04-22,1.1290544096798212,1.2813579773848747,0.7026702119047169,1.0042180394021396,0.754383759441799,0.9798062842220076,0.9260930586398972,0.649464963070216,0.9578234483057954,1.086106749024177
2020-04-23,1.1290657032858802,1.2813842820407129,0.702500524869393,1.003721785964502,0.754482787383414,0.9790972435357557,0.9262622714556271,0.6491521450523086,0.957660398067947,1.0865268624849262
2020-04-24,1.1305912862452943,1.2810332999148228,0.7005384784547596,1.00301559696426,0.7522334370817202,0.9786088605481297,0.9235516233218228,0.6483928155175632,0.9559042106149236,1.0879171115788404
2020-04-27,1.1286192304797351,1.2844460085714822,0.6984054938296953,1.00293444741617,0.7480574513098048,0.9773095613429756,0.9237205848735143,0.6439419610145677,0.9560091872880838,1.0898560026422814
2020-04-28,1.1292357682478391,1.2836002376754945,0.6992560137379483,1.0014153624608861,0.7482382742333266,0.9769166886563723,0.9244545442081846,0.6452173772304749,0.9552049567897236,1.0909789770299785
2020-04-29,1.1297225083106284,1.2818773204186578,0.6924069278342024,1.0091630784427446,0.7433247661002627,0.9805271206516321,0.9133987596776688,0.6471468097732167,0.9509856371057669,1.0848496164232273
2020-04-30,1.1311937979458486,1.282885331256391,0.6927377504691897,1.0092473374219815,0.7414426133935017,0.9823336127715037,0.9142511569023114,0.6425690381264783,0.9521590483804944,1.0863987633947
2020-05-01,1.1272822794500215,1.2802689240371345,0.6906733546848977,1.0201010460794269,0.7385678499700449,0.9870890495046851,0.9121883964507745,0.6582695792711147,0.9507026961670421,1.0852794112251998
2020-05-04,1.1275967267770153,1.280108777537643,0.6907078687194562,1.0221461581144171,0.7383109241707774,0.9839910939231387,0.9130953648492786,0.6563577784355111,0.9516711966727756,1.0856953568992191
2020-05-05,1.127342291428269,1.2789055903461204,0.6909915934695673,1.0214866961464242,0.73781834737919,0.9837213130548377,0.9120931848503507,0.6556742542825225,0.9502109360242011,1.0852463270819555
2020-05-06,1.1246266195971353,1.280385750411529,0.6907068392991575,1.0242776834788778,0.7395766106955193,0.9830656103204495,0.9152020641644903,0.6536188815805852,0.949749680309913,1.0841082865558533
2020-05-07,1.1241581898515676,1.2799273665677615,0.6894342176540266,1.0239029547523835,0.7377851533377601,0.9813292260886637,0.9146894122332623,0.6534354592717099,0.9522955050535771,1.0840957463450283
2020-05-08,1.1243574081730006,1.279293747430644,0.6885405446321315,1.0285384377717037,0.7408953559767784,0.985849214142063,0.9159929234992016,0.652089129616786,0.9523118796365415,1.0846529264200246
2020-05-11,1.1249893968846267,1.279456591749458,0.6885591917902625,1.0283296781609317,0.740455900336312,0.9859448686003529,0.9156000553006728,0.6523569460476992,0.9509032491910872,1.0844240558918943
2020-05-12,1.1153924553062085,1.281620059822357,0.6891335439099062,1.0307310204542866,0.7431258867034221,0.9833624462975653,0.9203913396297368,0.6493081072509644,0.9552168021019282,1.0949355157602425
2020-05-13,1.1141486298448133,1.2836461199866733,0.687831379635134,1.0360970876060098,0.7427665237358924,0.9804855357859519,0.9168240533740113,0.6465509644141103,0.9568582480796686,1.0950414332397738
2020-05-14,1.1130174806591737,1.2871770232428419,0.6875053206645644,1.0357964725207467,0.7413895505221267,0.9814375500966424,0.9169216470138742,0.6459488828187485,0.9562602265643484,1.0950973482882647
2020-05-15,1.1139210078408088,1.2861843776752968,0.6878350384626639,1.0360729946966372,0.741012350650276,0.9830307991450634,0.915873914193819,0.6450912643288212,0.9544057259800418,1.0944994357078404
2020-05-18,1.1098439289794648,1.2902515011547906,0.6818460633267845,1.0505854145146467,0.7380077995309468,0.9919681631943131,0.9177952341369552,0.6398102729280972,0.961869047434195,1.096865653022686
2020-05-19,1.1077260260751243,1.2917894000681032,0.6823592324445209,1.0530046158963366,0.7407828238972441,0.9937693559507838,0.9195160507742325,0.6381274730035954,0.961011892256157,1.0978358672483512
2020-05-20,1.1069694852969498,1.2937261109327542,0.6798114710072247,1.0557908828320066,0.7411789594423766,0.9952693328839234,0.9194064409649128,0.6399382019429815,0.9629774325947145,1.0988704863476033
2020-05-21,1.1064570942786924,1.2937615168014502,0.6801188212829734,1.0562558215756443,0.742027300631209,0.9954914445512255,0.9206984485516673,0.641254437492241,0.9635521686723033,1.098860750943566
2020-05-22,1.1057839025789218,1.2931547272891535,0.68168118612154,1.055215594613715,0.7431982596897208,0.995365213850303,0.923185921905002,0.6391292406238581,0.9626031911893328,1.100323331245336
2020-05-26,1.1033197086037083,1.2993236377202104,0.6808811933277268,1.057216128645549,0.7416007042869124,0.998907139248443,0.9220944677620158,0.637419177624884,0.9624080188761361,1.1020280491918673
2020-05-27,1.1016609297970845,1.3046482969863327,0.679197620364746,1.0555117260548295,0.7410828883006285,1.0025026424155716,0.9237959162472056,0.6363353583158873,0.9596633025297223,1.1018922895625454
2020-05-28,1.101698477278657,1.3054049304324036,0.6761819829614811,1.056251220299332,0.7407432099439802,1.0032135512062827,0.9222714092479161,0.6360009151522644,0.9587068423256049,1.1008378669243732
2020-05-29,1.1013493290627203,1.304319652818958,0.6764674226105777,1.0565483890643732,0.7404099759434243,1.0028050431351643,0.922757700907971,0.636588864884862,0.9589786329165763,1.09992809719622
2020-06-01,1.1007982365450826,1.3055580543004075,0.6762325239702792,1.0568957497649516,0.7389010595276458,1.002361496104027,0.9246217664484188,0.6348375061734133,0.9594992995338322,1.102918651753231
2020-06-02,1.1000345873631843,1.30535656467299,0.6764505860812037,1.058654519089043,0.7392728415271388,1.0037787758188537,0.9245698564504952,0.6329308356211233,0.9609197929012536,1.1042686810592701
2020-06-03,1.0964692693080647,1.309208710964901,0.6751008043983617,1.0615539882439566,0.7399897364904403,1.0077380480680813,0.928576855472501,0.6306542654316799,0.9630451212223168,1.1097540962257813
2020-06-04,1.0963575992415502,1.308735237179249,0.67557048292818,1.0625510076216407,0.7397449532517413,1.0070464158866743,0.9283074133887762,0.6309708124256109,0.9630355843086575,1.1095151078469248
2020-06-05,1.0955180422336874,1.3116552060155584,0.6715532406995953,1.0750241370075375,0.739692047975553,1.012366481879261,0.924730851594084,0.6286991539419688,0.9658826455682149,1.1083996244618592
2020-06-08,1.0933230141697212,1.3143697841600592,0.6696960835537203,1.077707387078513,0.7389143161438366,1.013297612810872,0.9275966756557089,0.6276526917765524,0.9619681415719202,1.110273069147681
2020-06-09,1.0900987926956154,1.315389175467436,0.6697157833228438,1.0786653702219098,0.7390953222772532,1.0145043970436693,0.9279967191233254,0.6239389680022929,0.9622742450242351,1.110107408511283
2020-06-10,1.0885654772663393,1.3172603993566974,0.6688806711750274,1.0812344760525388,0.7385317286139444,1.0150479898731037,0.9280962227383384,0.6228375443355697,0.9622360096722221,1.1103870114555077
2020-06-11,1.0809214688193822,1.3199723833919679,0.6732706269286175,1.093411969940336,0.7287139190125833,1.0271102400134842,0.917121101184107,0.6218099710050028,0.967783734706093,1.1063847751252491
2020-06-12,1.0802693742020157,1.3212589869542455,0.6736221482671173,1.094226891410431,0.7266966320317649,1.0272086058843977,0.9151110264297857,0.6200156059848049,0.9679307461716602,1.1088405712871605
2020-06-15,1.0802135152110783,1.3215773782947953,0.6727022483535009,1.0936288917315873,0.7269833614908856,1.0269121080911485,0.9152125086838896,0.6203333445257208,0.9678504645708622,1.1085501058572773
2020-06-16,1.0808468487509897,1.3188030202232823,0.6743811146039677,1.0941627951521422,0.7267246941536971,1.0324487102243751,0.9119500145508211,0.6209167974733775,0.9689673236785078,1.1093359306593198
2020-06-17,1.0799330110610144,1.319440540606019,0.6744871327389312,1.095167566053449,0.7283399006405608,1.0317130059400819,0.9129035224366843,0.6204415634655531,0.9686184172957125,1.110687917116027
2020-06-18,1.0801145532710477,1.3196718384584638,0.674491962085175,1.0953357393827579,0.7282433956147799,1.0317239935116451,0.912888930023186,0.620427891435016,0.9690626101577989,1.1104581774191735
2020-06-19,1.0805642764584173,1.3206428413093965,0.6736333008783586,1.0953003128472,0.7278096943374947,1.0303627045885437,0.9148217333618057,0.6200487388025531,0.9688351679111422,1.1119452944711583
2020-06-22,1.0814338170639437,1.3195201206450553,0.6732200161634924,1.095806744406532,0.7269280665999649,1.0293315058967203,0.9156534359457293,0.6204937483150303,0.9689960332628026,1.1117308977046216
2020-06-23,1.0819129627597441,1.3196754603347576,0.6731478869631046,1.0958028045776622,0.7270301852086223,1.029423752221409,0.9150285343521989,0.6210311308315375,0.9694055461887715,1.1109707802742554
2020-06-24,1.079385423361075,1.3198285601388025,0.6753584725273194,1.1000953092836196,0.7253762546733138,1.0313716135792421,0.9109605273883508,0.6188664688566634,0.9710640099532075,1.1085627001652663
2020-06-25,1.0796155836554202,1.3219328227624147,0.6743251987165377,1.1006786763038516,0.7255384798855105,1.0325732077945404,0.9087411515042133,0.6189386798131212,0.9713165345543866,1.1088186206185322
2020-06-26,1.0813219174105935,1.3268855805366733,0.6739759066827066,1.1023134197439752,0.7267675976539681,1.0311408112523746,0.9066533687203914,0.6208727714025394,0.9688904423992402,1.1066720512495434
2020-06-29,1.0827866887007067,1.3240606250621427,0.6745176859977021,1.1022412576003047,0.7283367397688706,1.0322181955367096,0.9061683369873272,0.6194436051250891,0.9697790454254491,1.1063095385939214
2020-06-30,1.080859355847952,1.3224648207483514,0.6749531390334497,1.101911567427927,0.7288536400085813,1.0318028676984223,0.906049628433598,0.6213291930058813,0.9680653245958899,1.1078467011913429
2020-07-01,1.0804524617711058,1.3219116680617573,0.6746764766278832,1.101097512269998,0.7286877166575643,1.0316362346457766,0.9065632484306027,0.6228742220776863,0.9683846824478093,1.1080210890551978
2020-07-02,1.0803308240970722,1.3225442915722136,0.6740841782433816,1.1011041649449629,0.7277118059247362,1.0325787450155346,0.9065664887267431,0.6231132852818178,0.9698067149589518,1.10775812410954
2020-07-06,1.0813161323327798,1.3234019424249703,0.674372166007978,1.0999368167906445,0.7267973405842088,1.032212127959257,0.9047664240290122,0.6294970485383803,0.9696672071827169,1.105254836365144
2020-07-07,1.0798528295977703,1.3247960627039044,0.6740250735961891,1.1016959346020008,0.726085037095638,1.032816501843617,0.9043599299132112,0.6311327092969976,0.9687355745653194,1.1050392120926873
2020-07-08,1.0806554070826047,1.3248382530147673,0.6738552748218629,1.1011152259339974,0.7261265601241211,1.0328112969797099,0.9056359397956696,0.6323710617289722,0.9673687114579154,1.1050653095870258
2020-07-09,1.080134256164779,1.325848239774189,0.6741050836803828,1.1024718906485733,0.7259642211361362,1.034093185406579,0.9056187056870286,0.6301416588300877,0.9670110505116125,1.1043352960262156
2020-07-10,1.0792600728696065,1.3294296630742615,0.673548064449632,1.1044163990763167,0.7262306156417514,1.0346352296103536,0.9073721760868019,0.6300649636853423,0.9676452737875548,1.1020680722144298
2020-07-13,1.0789863200134693,1.3268830613694562,0.6729385286813104,1.1033919051114414,0.7254965526063333,1.0310214203125252,0.9083030558196864,0.6322836090284619,0.966906429514878,1.1030310120981763
2020-07-14,1.0789645765975648,1.3255267543105556,0.6740163923971803,1.1057211301993721,0.7253176052603134,1.035025702059274,0.909634716220443,0.6303896673749173,0.969093481651212,1.1010166295158719
2020-07-15,1.0784820465033225,1.3263801057164726,0.6731937260269777,1.1057630457812326,0.72463499742769,1.0351242372330631,0.9078251134622815,0.6278075154912328,0.9697065864368479,1.1012757741157986
2020-07-16,1.0788001050091458,1.3260740832350133,0.6728457598350349,1.106041681363541,0.7247945276998069,1.0338641257944008,0.9074348137051195,0.6274924787939753,0.9695557155277582,1.102300721637803
2020-07-17,1.0785065584564237,1.3255713788410528,0.6728446241027856,1.1059371398916034,0.7249114558551928,1.0339713341089953,0.9077069312052889,0.6274495942340764,0.9696777597696431,1.1028105668094792
2020-07-20,1.0785462373200385,1.3241714895784027,0.6719615183029535,1.104458233779672,0.7242846920833008,1.0336527895310623,0.9063798457908377,0.6322306252683341,0.9686704287066122,1.1008328762478035
2020-07-21,1.0780228598729154,1.3243085181719674,0.6722525905092587,1.1049702163856032,0.7242517185738172,1.0339266911297724,0.9065320438736053,0.6318765233626367,0.9688475962443406,1.1011147534894477
2020-07-22,1.0778627387372997,1.32310776947225,0.6723316353548628,1.103781677879182,0.7254244105376337,1.0332526088903375,0.907868736197519,0.6311543595022961,0.9683368611490495,1.1004979270873296
2020-07-23,1.0820489990141278,1.3209048917512158,0.6716220706534662,1.101891194038237,0.7242543378657362,1.0339300810932468,0.9062156512647003,0.63463558684603,0.967654084798441,1.098793538916791
2020-07-24,1.0817042682572293,1.3207015307285463,0.6726745238817118,1.101843348158007,0.7243584919372237,1.0344995161823345,0.9056966196094807,0.6334557011791739,0.9673014174438693,1.0975924948324773
2020-07-27,1.082936194800267,1.3195664876479065,0.6724629780279424,1.1028366248421269,0.72347937184696,1.0363241185072414,0.9046700358486951,0.6353367343359836,0.9676713212577545,1.0982283925992837
2020-07-28,1.0838139332690895,1.3187317619634604,0.6727100816912506,1.1032049874855305,0.7226843518970165,1.0369837482284774,0.9040549382565324,0.6359749519905494,0.9680166385239443,1.0975145990903103
2020-07-29,1.0840852058635062,1.3196779178462668,0.6714280778728314,1.1032746849632105,0.7231563198808387,1.0372807234786503,0.9030583717899004,0.6359244034414752,0.9667122681946084,1.0995597545131484
2020-07-30,1.0866016286574183,1.3223566583485313,0.6705454804532607,1.1049867628123657,0.7209291465316895,1.0383131270023322,0.9026617602066078,0.6344996251602573,0.9653194958130077,1.099175693017707
2020-07-31,1.0912934561162881,1.3203615152542987,0.6702681011532642,1.1037679491339638,0.7199985830542474,1.0336830299751332,0.9036674960790976,0.6361981659116023,0.9659035364632736,1.0996702547021209
2020-08-03,1.0910336385850021,1.3202694901661856,0.6713474725509266,1.1036991850556221,0.7199293024724341,1.0320518264022727,0.9033820715752947,0.6338289228979224,0.9647120827981218,1.0991927494490263
2020-08-04,1.084895914962754,1.3228822082828984,0.6747313608424697,1.1083524223004084,0.7182302392581111,1.0339580125829808,0.9067206183475456,0.6298721584846979,0.9764343972176472,1.101591126670792
2020-08-05,1.084364246221772,1.3242883112606456,0.6753766423345477,1.108824742443241,0.7177521634548122,1.0360212426913589,0.9057877928188328,0.6303448926135293,0.9795066915818061,1.1006960493935665
2020-08-06,1.0856362486441942,1.323903091740101,0.6748540739203163,1.1083276269783273,0.717235887489112,1.0354574356202797,0.9052851230687602,0.6303530067457458,0.9788388473850906,1.1002991062360994
2020-08-07,1.085832049554119,1.325018021945686,0.6751098382838157,1.1070438577385817,0.7167700733364016,1.036937585515425,0.9063554251335528,0.6290603452156157,0.9803427607360977,1.1003878006801098
2020-08-10,1.0857406261480458,1.325751685204947,0.6754639953736263,1.1066848015048978,0.7167253782235203,1.0368319014916725,0.9067685244830517,0.6281167067876716,0.9803137166281412,1.1002600924061705
2020-08-11,1.0885550579395964,1.3222017262531651,0.6764729217154196,1.1063020099605476,0.7170552016563292,1.0347720190689982,0.9085386645891916,0.6287564241708029,0.9807598243192591,1.1033709019180418
2020-08-12,1.0874008598899363,1.3195863497384548,0.6773882164687539,1.1049833934829854,0.7178967712139561,1.0325881136432327,0.911595556464226,0.6292630096216293,0.9823995106473857,1.106268942086693
2020-08-13,1.086809628021662,1.3190389667462659,0.6765408196181146,1.1039117096035194,0.7200543965938425,1.0323274282800083,0.9178175535201372,0.624617088909433,0.9797254350555875,1.109775951431033
2020-08-14,1.0869835698552162,1.3190106712002707,0.6765223451651895,1.103939748908313,0.7199401266248198,1.032411368953294,0.9178499460308236,0.6246182088721685,0.9797248996993292,1.1096885226878201
2020-08-17,1.0862024925903873,1.3178270622417474,0.6770247482652701,1.103489400938102,0.7193876595715767,1.0328174538003656,0.919428530416773,0.624951217853243,0.9800580041701745,1.1101796381142133
2020-08-18,1.085954974981916,1.3182306095169374,0.6772704591741943,1.1028465342689568,0.7194686544333503,1.0332372627853248,0.9199253113390904,0.6251042426670618,0.9810289991199312,1.1096656104563376
2020-08-19,1.0862724908046733,1.3176958785227937,0.6764618998026565,1.1034217380296083,0.7191329019949304,1.0333146660185428,0.9204701295297171,0.6253910902233676,0.9807579068392048,1.1096499554512835
2020-08-20,1.0866708916362349,1.3178518509845107,0.6764748984039373,1.102857180239667,0.719496215852852,1.0331646096093225,0.9202768691755095,0.625209365337664,0.9807179272097278,1.109717715866562
2020-08-21,1.0877180159325783,1.3178953619604938,0.6766003454635231,1.102648137830993,0.7195574929957386,1.0332633394611188,0.9202292819183752,0.6248658791094723,0.9804167899772546,1.1098007337916294
2020-08-24,1.0824436263507518,1.3217156028726813,0.6738325069146184,1.104616333444136,0.7197761055183314,1.0328620935543131,0.9254924132866842,0.6207253553180719,0.9834464955037174,1.1088333733917364
2020-08-25,1.0816949101158595,1.3222415763232112,0.6737253592221386,1.104210408874931,0.7189962400074345,1.033449695586619,0.9255479643504292,0.6207242001176203,0.9841729262123873,1.1090376631239376
2020-08-26,1.0812560143983996,1.3197829226782478,0.6738753683960741,1.1015200653252462,0.7184295923430176,1.0327007152363685,0.924188744428148,0.6222462441623778,0.9842780176440872,1.107111618223225
2020-08-27,1.0813096493597816,1.3198792530586867,0.6745059344451113,1.1013513237796655,0.7183015196821357,1.0324607640529175,0.9248860421598538,0.6223937205235416,0.98450433987512,1.1070227277637583
2020-08-28,1.0806481230176077,1.318950315143372,0.6757909023085311,1.1024018542123322,0.7194341969214862,1.030902902793112,0.9259920954035256,0.6218243274392043,0.9845244937590947,1.1073130269821208
2020-08-31,1.0796897853667553,1.3195714212250012,0.6758017184802628,1.1027933844777351,0.719458037548918,1.0311357607440166,0.92595499338117,0.621414824447338,0.98493744930709,1.1074190382675309
2020-09-01,1.0806800948690936,1.3188740964417234,0.6752621302353555,1.102491821401885,0.7200810161888562,1.0315296535767666,0.927634216601645,0.6225294465236205,0.9859997848303287,1.1080476329797948
2020-09-02,1.0751884467101878,1.318431495604713,0.6764616274944008,1.09969743726491,0.720174922383147,1.0317465232804583,0.9324840759258268,0.622459267334123,0.9869625814451887,1.1100142559297612
2020-09-03,1.0895551487134278,1.3034245097884039,0.6791105300003216,1.0867208574664475,0.7186408606188645,1.0235057829727603,0.934130343621269,0.6297944898835907,0.9898622262196912,1.1092561477852894
2020-09-04,1.089017952880447,1.300781211485368,0.6792113073000101,1.0858662451261971,0.7183618517274954,1.0220977400315587,0.9345036203432067,0.6313013872855021,0.9901432376917102,1.1092300475704593
2020-09-08,1.099155641541344,1.300454845222607,0.6767092870985771,1.0835010571768062,0.7170258847010756,1.0146903620214813,0.9275153905811512,0.6385091432422383,0.987925246620356,1.1064220165250325
2020-09-09,1.1018069184256793,1.297754794753535,0.6772286629695368,1.079156298473484,0.7172167156469402,1.0160349057753588,0.9268980863697672,0.6424385598135866,0.990124257822285,1.1062452275653487
2020-09-10,1.1031555888435538,1.2959193124260873,0.6779528426623168,1.080120820315686,0.7165752571624828,1.0154011193373598,0.9274238322376893,0.6458882145448366,0.9897954064549138,1.1057603362263089
2020-09-11,1.1033215057006847,1.2958471921160797,0.6781034206834629,1.0801169737123342,0.7163737656037611,1.0156426506800253,0.9274273653694127,0.6457588079022129,0.9894475745220563,1.105466077690952
2020-09-14,1.104489962980769,1.2959232312600188,0.6775905394472731,1.0783899438498212,0.7156757799744777,1.014186612685814,0.9274025546498382,0.6441685180649209,0.9885152232172064,1.105790156624887
2020-09-15,1.1044280182581845,1.2943004993978175,0.6773154466687042,1.0785811769891789,0.714906608784357,1.012612455251914,0.9291841241209212,0.6440569771282327,0.9876211907622994,1.1063724109973743
2020-09-16,1.1057236728622617,1.2938929391160314,0.6773571341432241,1.0763403013439552,0.7149279127684229,1.0117749006776902,0.9312261432448933,0.6450977626096324,0.987528808024159,1.1060248257776104
2020-09-17,1.1064774718700472,1.293897010077408,0.6776089304810855,1.0754135999352623,0.7145798970175985,1.009623045303377,0.9309113547933275,0.6466041094114613,0.9864207571600755,1.1060167507687726
2020-09-18,1.1086859471004897,1.2924969212399853,0.6754115496967382,1.075547405461695,0.7139147510388149,1.0094530093496767,0.9308876986068928,0.6479059298723269,0.987175901564482,1.1064006703936753
2020-09-21,1.1037399745964454,1.294271476476104,0.678273059701766,1.076342820658014,0.7138696916856528,1.012707670518742,0.9304502343817269,0.6464205097351362,0.9895349453625789,1.1081370613867674
2020-09-22,1.1038889908161251,1.292214847787525,0.6770904838968,1.0734405531635776,0.7140379028852727,1.012848470142555,0.9301074044983265,0.6506048249358884,0.9884710632430774,1.1094968771760185
2020-09-23,1.107960975992837,1.2888200037148867,0.673683975481606,1.074110254908616,0.7137423338217408,1.0109640811754763,0.9308940943771148,0.6548861112989836,0.9879301561541904,1.1126789599545583
2020-09-24,1.1077599028891205,1.288798711932095,0.6740942091558915,1.0740998808401747,0.7142497762946302,1.011088898909678,0.9312808072999664,0.6544908965725506,0.9881179242722311,1.1124489752060833
2020-09-25,1.1099663125296788,1.2872251576265998,0.673114141450209,1.0734206306863214,0.7136792801554552,1.00956641082344,0.9315900079464912,0.655726492058547,0.98495676478053,1.113709197942898
2020-09-28,1.1103476734789504,1.2891884532095268,0.6730156956045693,1.0749146309511923,0.7127729120964695,1.009296662261915,0.9307186253633043,0.6570911143679482,0.9852895917107795,1.1145053894334442
2020-09-29,1.1099962118759077,1.289459363654959,0.6728048350987083,1.0764869314999461,0.7130807150207952,1.009461652639628,0.9306189320907114,0.6574649475447338,0.98498852752466,1.1149383945876112
2020-09-30,1.1118123055497104,1.2893119089345222,0.674678707993892,1.0753353246509663,0.7139978993066902,1.0074557558999875,0.9295511415247557,0.6577025708724071,0.9831659925574987,1.1151937685585251
2020-10-01,1.1105561504662602,1.2900709508893442,0.6786180278889399,1.0731917658854568,0.7122868272873876,1.0062228114036451,0.9306791521872338,0.6578467571290667,0.9809733868045698,1.1187911925701142
2020-10-02,1.1129305380413572,1.288658322113069,0.679442564450469,1.0719673605259785,0.7124514809435148,1.003874212023204,0.9306259861720889,0.6602487785304648,0.9807123924328353,1.1156536927155312
2020-10-05,1.113043984013601,1.2879881719555513,0.678571854682301,1.072718023573148,0.710907731348289,1.005404600191628,0.9315142278656218,0.6620419763144876,0.980604888453379,1.1149441672449
2020-10-06,1.1151774985960654,1.2870839865854837,0.6790424020412177,1.071460533978627,0.7091510548328805,1.00519871903,0.9287996001692548,0.6649791975428295,0.98133010616208,1.1138398893554178
2020-10-07,1.11496711832654,1.2863073561064782,0.6789872367297493,1.069686013479256,0.7077602849201576,1.0050937726837426,0.9301883847655603,0.6664122058014308,0.9818038141411605,1.1141364201039388
2020-10-08,1.1142546737933343,1.2872612739935092,0.6809471063792487,1.0723191903905642,0.7076712499419332,1.0051233496080392,0.9301041609944375,0.6657394365763992,0.9803631802940771,1.114653161089315
2020-10-09,1.1144297582759544,1.285819168119875,0.6817671485303702,1.0704523249562485,0.7080910838869727,1.0045075724962826,0.9305218912462092,0.6676351080993622,0.9797124103414037,1.1141721231161879
2020-10-12,1.1192102757900717,1.2844121912672097,0.6801302188829745,1.0678616928376876,0.7092785561811882,1.0022653792214635,0.931470596490393,0.6725511556445286,0.9772448361725798,1.1144557354887854
2020-10-13,1.1205387702802871,1.284970370767907,0.6812365351022407,1.0681448533679387,0.7089786330534924,1.0021042682451065,0.9319646529024365,0.6724438065204246,0.9778375780479645,1.115127299709936
2020-10-14,1.1214117533072068,1.2832431004615146,0.6803324654588024,1.0679485879772306,0.7112584706717707,1.000300221615654,0.9330506935977426,0.6731244277096743,0.9774441972129532,1.1145406880217184
2020-10-15,1.121401735507906,1.282907355517078,0.6809119000902711,1.0673711084744155,0.7113698993265227,0.9999760137467539,0.9334758391642464,0.6734222036731469,0.9781363193194073,1.1143539836543739
2020-10-16,1.1215249077515776,1.282862497202659,0.6807859429029985,1.067437590188731,0.7114139991865722,0.9996644844470303,0.9333092354919498,0.6735250267963339,0.978114250652342,1.1144292446261463
2020-10-19,1.1232354996792353,1.2824160403262368,0.6804784961954956,1.0673503275142426,0.7127144940295007,0.998433953085712,0.9344715990997619,0.6745129894795184,0.9777886448981152,1.1139019553023046
2020-10-20,1.123040238495785,1.2815356786161938,0.6805423198562996,1.0669160690668125,0.7122795666903519,0.998332577303059,0.9347656007002515,0.6739446377240971,0.9787205778514928,1.1137027357164309
2020-10-21,1.1231550949643734,1.2822943973888905,0.6810567119210458,1.0676462604553936,0.7131883429364168,0.9990694552659988,0.9356806429008111,0.6738011615206287,0.978364859427316,1.114089056277027
2020-10-22,1.1223246365528425,1.2834538551253756,0.6811645802062084,1.0693760055082175,0.7126771221572736,0.9992117906162017,0.9361434929337841,0.6735853769679427,0.9783883776747729,1.1137655720702908
2020-10-23,1.1220657606598956,1.2836075448525535,0.681321887196396,1.068969051027628,0.7126438772220705,0.9992408952094401,0.9360751688707034,0.6736204705219435,0.9784653562157224,1.1137720522282772
2020-10-26,1.1187349871744003,1.2834647748623964,0.6806012214578392,1.0691001463744016,0.7121872713808997,1.0004538523860056,0.9337067295684335,0.6721829940072023,0.9797936695915468,1.1153397896911164
2020-10-27,1.1181948737539456,1.2840044646878257,0.6806239720863597,1.069915542324082,0.7119942267033602,1.001560771360173,0.9344983911757645,0.6712691208762515,0.9799202902689166,1.1182550328526728
2020-10-28,1.1206921099014344,1.278359857647354,0.6836066660483505,1.0691315798348284,0.7145618565801732,1.004053524691948,0.9299242282088057,0.6761367682500888,0.9811890533384086,1.111374272321651
2020-10-29,1.122931526902746,1.2778023584831124,0.6813533441798866,1.0727700213219244,0.7134390486041272,1.005372721621896,0.9279596138025116,0.6765000080269878,0.9814149404146657,1.11253998668937
2020-10-30,1.1285233572104785,1.274983947680395,0.6803977284065436,1.0723297123212547,0.7128516708584208,1.001936529033836,0.9284373101100265,0.6817026715540534,0.9798509828739235,1.1123017133093986
2020-11-02,1.125614995206533,1.2748597412215683,0.6817268022475483,1.0737752915466103,0.7139305075974667,1.0016541020586123,0.931483071953041,0.6796115255722033,0.9829763597518754,1.1147560579007305
2020-11-03,1.1246222533789068,1.2761951958534345,0.6799784707070706,1.0680786009274346,0.7160023984410361,1.0026200249337234,0.9314510728859382,0.679619201485197,0.983742127726228,1.1154239041201486
2020-11-04,1.127165175257882,1.2657272518809468,0.6784408293843434,1.0637201101012366,0.712251180513923,0.9848901415439854,0.9208619331977688,0.6880272540920105,0.9806241357842713,1.1129822723954113
2020-11-05,1.1290061820178154,1.268511126957444,0.6767388508095048,1.0606143495076734,0.7119471454537318,0.9898898607362087,0.9209860407556674,0.6895230593156119,0.987335378977405,1.1095564659786408
2020-11-06,1.1289247043064523,1.2685621373567735,0.6765550820541019,1.0603307450402117,0.7120331940402372,0.9898600159353482,0.9212538014941902,0.6897056598438653,0.9872482750358654,1.109754148486033
2020-11-09,1.125683673751968,1.2798721580045875,0.6781656025753325,1.0715260314959916,0.7078354476465898,0.994189299547825,0.9200211585177479,0.6841194619266058,0.9888692952221987,1.1039055990275035
2020-11-10,1.1259403936177672,1.2798791288002218,0.6777192166179387,1.0710096476617113,0.7074716145199906,0.9940229859674452,0.9199330325579613,0.6845712481890329,0.9884899882168116,1.1039345681352446
2020-11-11,1.127128485138387,1.2785220715470869,0.6772525575183312,1.0701597007158514,0.7078983607748576,0.9926776519723569,0.9206444347725457,0.6861194779780238,0.9873830478492367,1.1047040902501368
2020-11-12,1.1264989689834115,1.2784029062947915,0.6763455420146836,1.0720665092218897,0.707250373919123,0.9919684364270425,0.9209350239600409,0.6864507476896025,0.988133952110251,1.1032007107104145
2020-11-13,1.1246664195680047,1.2772754711216674,0.6764905636488349,1.0733917502081791,0.7077879380346153,0.9921160104069652,0.9202141078580298,0.6858611353076924,0.9874750615242106,1.1025029967610753
2020-11-16,1.124012472903228,1.2786777986230369,0.6748847314323232,1.0775210591489555,0.7061353670246319,0.9915196303783567,0.9198873080065699,0.685929004783876,0.9859770320617236,1.1015800251516847
2020-11-17,1.12421233414439,1.2788582531944979,0.6752059190333426,1.0765052608874583,0.7062067185908383,0.9916252290764301,0.9204176976797849,0.6858159603005425,0.986373243662067,1.1009323503574313
2020-11-18,1.1241877561434799,1.278021569781866,0.6757901090012517,1.0788150372771066,0.7069465259933088,0.9899390580491697,0.920527642067085,0.6861881143991853,0.9858849049226075,1.1025849231683988
2020-11-19,1.1237961710169098,1.2779127610862342,0.6760908221983615,1.0792729640402585,0.7072000583703725,0.9895197874180592,0.92070926235587,0.6860202151212038,0.9859634821462924,1.1024723729554118
2020-11-20,1.1240366342183974,1.2779609555726665,0.6762345171934941,1.0800104848480216,0.7067077636889066,0.9896568199895696,0.9200035491662019,0.6860683111347995,0.9858446423093571,1.1016947329336781
2020-11-23,1.1225342652055117,1.2788285131259602,0.6755396592904679,1.0826048127270196,0.7063970958477536,0.9900054038546894,0.9193436872622411,0.6857797873462603,0.9857143853696135,1.1012097353560566
2020-11-24,1.121044114365615,1.2824329836629786,0.6743898301877309,1.089961327480417,0.7046694531926718,0.9888934477426595,0.9186650719414294,0.6844036868972365,0.9858190670192335,1.0982005184748411
2020-11-25,1.1210281731288483,1.282600034574113,0.6744098565127158,1.0904781208786472,0.7044548576218187,0.9891841515211076,0.9182040171852262,0.6838813086221137,0.9860905849593441,1.0979674523235992
2020-11-27,1.1208371007500137,1.2825258616655635,0.6743777763666529,1.0903496832631971,0.7046263441839317,0.9893859824668435,0.918214276528976,0.683675511030095,0.9862814999730373,1.098255832547767
2020-11-30,1.1197459780324512,1.2836260983316465,0.674054607854306,1.092281562175794,0.7046112969121108,0.9894606326931824,0.919240216847323,0.6836420381103504,0.9864599197477305,1.098078411637038
2020-12-01,1.1208803295671106,1.2845849424321287,0.6754711105451217,1.0935503307978984,0.7051139832993844,0.9879407954429981,0.9186505742773896,0.6836883234079637,0.9850963450179446,1.0965305565583723
2020-12-02,1.1200822407106164,1.2844913340945343,0.6756928596759444,1.0939489274307235,0.7054562973261227,0.9870436028947858,0.9192744515551656,0.6833651432180711,0.9857157771274082,1.0972962018993355
2020-12-03,1.1201233099227839,1.28399412088542,0.6750700806803472,1.0935215236190328,0.7051694931149789,0.987273011972643,0.9193298935971568,0.68398015184668,0.9860927006692743,1.0974611728186
2020-12-04,1.1189013228834914,1.2838732098566024,0.6752438024180167,1.0954874836368695,0.7048129973418465,0.9895416133184523,0.9179964368072648,0.6829972610181093,0.9866797261567603,1.0978949022769326
2020-12-07,1.1181014309722976,1.2836102563013836,0.6754345336654888,1.0952598933631124,0.7054369891125744,0.9898139506300883,0.9183831491450821,0.683180451122853,0.9867596056432386,1.098734706200944
2020-12-08,1.1176752185722103,1.283588779856893,0.6757899110634091,1.096045427805028,0.7057103968992865,0.9898885797112439,0.9184890333364397,0.683177845512315,0.9867407357030706,1.0986935106300195
2020-12-09,1.1187998631261349,1.2833981760462494,0.6745791737354568,1.0941648394672439,0.7061117011596558,0.9888454147705922,0.9180155985951343,0.6845144115695317,0.9855093680682717,1.0983756353532717
2020-12-10,1.11853410421513,1.2835594687509762,0.6745784244739536,1.093641560538005,0.7061976005421862,0.9888788639225633,0.9180570290871496,0.6845252209801844,0.9854199131052082,1.0985077656179387
2020-12-11,1.1192417424528842,1.282418164535764,0.6746961241283252,1.0928533001333043,0.7064989009013521,0.9881526792700556,0.918988339661239,0.6845409880652391,0.984725985197922,1.099694721388997
2020-12-14,1.1194110181256849,1.28254286630468,0.6756733317317701,1.0940397273961369,0.7066248823903748,0.9882291237072487,0.9190677636380347,0.6839219334433478,0.9848348650812496,1.0996811366132062
2020-12-15,1.122479939360812,1.2829172302462781,0.6759151400230764,1.0945020426270042,0.7065214669235419,0.9894530613865281,0.9195018502467265,0.6831917674885017,0.9853251846744556,1.101581163051216
2020-12-16,1.1224420453726258,1.282958826011848,0.6759124893380951,1.0946133249277137,0.7065372607124928,0.9893611001047378,0.9194358251673826,0.6834041379083297,0.9852489512370424,1.101533283991082
2020-12-17,1.122340138047058,1.2823488195326127,0.6768270145758905,1.0942782552185457,0.7065476773832643,0.9890831243664314,0.9195605975555156,0.6830299542118388,0.9860129656575252,1.1019145109883175
2020-12-18,1.1230242927166898,1.2826269412194629,0.6761630803802494,1.094992536195545,0.7061315554023878,0.9891908010817966,0.9198241279539217,0.6834213362454974,0.9857408570955685,1.102924188062924
2020-12-21,1.1227677917196657,1.2811295052117573,0.6763844868434956,1.0953112337903503,0.7064646789582446,0.988815790325293,0.9196400291558009,0.6836413233167313,0.9858733464359906,1.1029936114472847
2020-12-22,1.1220744100415567,1.2814133317060408,0.676395530227464,1.0956104656658259,0.7066027969776774,0.9892524351165919,0.91951436389154,0.6836542190543694,0.9858999107559251,1.102844639558298
2020-12-23,1.1220682151910373,1.281441799335373,0.6763680201798766,1.0955954210600487,0.7066251622754407,0.989190044773869,0.919573719959466,0.6836205878857448,0.9858919592282789,1.1028732771938654
2020-12-24,1.1216693016851218,1.2810763609888134,0.6765445655241823,1.0955297737906973,0.7069376980059824,0.9892665220060516,0.9196620877474586,0.68200766465816,0.9859441239902832,1.1030161190189465
2020-12-28,1.1232579101310889,1.28082533081649,0.6764660053818063,1.0952434265862654,0.7070288950142506,0.988210088744924,0.9195539145413592,0.6838213399376091,0.9862128055263637,1.1030621288008458
2020-12-29,1.124168076972184,1.2810519515465033,0.676315724658541,1.0955584031732288,0.7065410999726177,0.9884193293798167,0.919554538440354,0.6829594021135481,0.9863201768553855,1.10360581039556
2020-12-30,1.1240776395719456,1.2810157300543399,0.6763341565447885,1.0955415582639954,0.7064932699584361,0.9885389421934425,0.9195756373758105,0.682959043851881,0.9862941891803227,1.1036523196589902
2020-12-31,1.12254472354728,1.2811717333261288,0.6768505339612757,1.0943001878531762,0.7078874432554332,0.988067837135607,0.9214997842456625,0.6810018462255514,0.987484290879052,1.1048341996349185
2021-01-04,1.1236098968439399,1.2796144502214215,0.6758260328784784,1.0911411514379348,0.7076599091791164,0.9856409641788602,0.9256370516943307,0.6821437910115905,0.9866777685073237,1.1087210370682663
2021-01-05,1.123698115768753,1.2795626506673412,0.6762768612829781,1.0932667955513993,0.7077518241696619,0.985781811736078,0.9256266601959252,0.6820785043956161,0.9872995935011146,1.1085659612104166
2021-01-06,1.1218660915259606,1.2808320424373154,0.6767435039685477,1.0940436120586894,0.70787224037813,0.9874804177591598,0.9274424559065433,0.6808805621131538,0.9885312561229415,1.1072270824566337
2021-01-07,1.1234272548628343,1.2824448360474054,0.6760652948101027,1.0938962223161393,0.7054856942086978,0.98577343643477,0.9272207012733998,0.6808136345713466,0.9861511036655616,1.1070705944900265
2021-01-08,1.122872725158971,1.2824445502059887,0.6759158010968049,1.0940610243891287,0.7050179217489441,0.9860136997591872,0.9278550278128179,0.6809255314817819,0.9858755977891708,1.1077072608861827
2021-01-11,1.1240815718404167,1.2807856967587068,0.6758920531086047,1.0914954836295694,0.705249459183621,0.9856006713019603,0.9287463113140316,0.681802814004312,0.986273520597031,1.108770342319966
2021-01-12,1.1234767151529728,1.2807521502710881,0.6759399493267049,1.0912375188102685,0.705153023516845,0.9856955363055531,0.9285162197100774,0.6819139763356042,0.9859993807029163,1.1078016113514602
2021-01-13,1.1233585353232372,1.2810089974177599,0.6760340960217858,1.0912546197671442,0.7051395035086583,0.985547461127636,0.9289253201173034,0.6818036273538826,0.9858625125817969,1.107646476575061
2021-01-14,1.12390487987051,1.2807362104264575,0.6752513359833642,1.0895667225112375,0.705374530048568,0.9852312556811277,0.9283875358950892,0.6823002006778036,0.9862782808325102,1.1073118195490288
2021-01-15,1.1242867422138232,1.2817292464557348,0.674930617658449,1.0929145626442212,0.7058626042659475,0.9853393184050371,0.9287579512440005,0.682523211734691,0.9873175566980233,1.105033289173619
2021-01-19,1.1238272677902459,1.2807690455105947,0.6754459521139499,1.0938488606207932,0.7049625828584701,0.984893759818683,0.9288200645590255,0.6826923644321788,0.9870056749317047,1.1045455045164805
2021-01-20,1.1253993555176136,1.276996545233815,0.674194954485426,1.0935706981637603,0.7024865770855371,0.9819782426306811,0.929414310544764,0.6869090321394125,0.9844913735316022,1.1059850645134701
2021-01-21,1.1252608803171227,1.2770264130471474,0.6741779114131885,1.093664173477228,0.7024992767329395,0.9818717974461754,0.9294886667644247,0.6868392005014375,0.9845448323817194,1.1058970743105716
2021-01-22,1.1246882176289974,1.2771431781665965,0.6737526325730877,1.093982352250196,0.7026872610634197,0.9818500447422959,0.9292317402071951,0.6869885494773733,0.9846958426955542,1.1054936787659333
2021-01-25,1.1256567899150245,1.2756781843815392,0.6744172829543418,1.0940413588197269,0.7036698984426911,0.9804700323785247,0.9316834091132598,0.6862347137652526,0.985624923122496,1.1069844657154555
2021-01-26,1.1237245316389024,1.277410755374737,0.6757275086899318,1.09369620838775,0.7057005284343223,0.9778670592848515,0.9356190723258185,0.6847799611220884,0.9841042143727787,1.107064217582819
2021-01-27,1.1182882294155954,1.2758593773712312,0.6754616917334629,1.0904970445627036,0.7098313607850438,0.9805430246281204,0.9445566785851045,0.6872064665147143,0.9894469936729594,1.106936166524737
2021-01-28,1.114997051414231,1.2762798674452263,0.6756282286447733,1.090887861408755,0.710379701394755,0.9811976741662572,0.9459548695849893,0.6866899306500448,0.9907848235950436,1.1063721222616236
2021-01-29,1.1180574087930693,1.2737654645023988,0.6795075123682687,1.0914048805735368,0.7107273100370354,0.9796844900878087,0.9459730954604815,0.6863667803841823,0.9904738399416199,1.1032341247898332
2021-02-01,1.113608503489635,1.271693628012302,0.6780901271801303,1.0863952333288147,0.7103834412175879,0.976791285610043,0.9468223662747172,0.7031901710351415,0.9898891966414447,1.1019725182691684
2021-02-02,1.1130907923164823,1.2732246030877863,0.6758899725228178,1.0881401118296639,0.7092348179735075,0.9808386496960834,0.947639839435564,0.7036272070676707,0.987907521046689,1.1022913759318507
2021-02-03,1.1113511024026856,1.2737437785561951,0.6759519225451699,1.0914476979490115,0.7099468862769622,0.979306876733439,0.950368383234196,0.702370028793615,0.9873806082327986,1.1022528977077128
2021-02-04,1.1128791624970633,1.2742800610916005,0.6754099479451223,1.0891376982183552,0.7092534635583018,0.9769121905721709,0.9496711737081651,0.7033029623891981,0.9858129006048658,1.1032470203741969
2021-02-05,1.1125166032317482,1.2741871802039815,0.675839281988242,1.0902437877285562,0.7092864335915057,0.9770841334374691,0.9496995645141666,0.7033313458025228,0.9866226602899644,1.1031991110871653
2021-02-08,1.1115527680385864,1.2747562403665582,0.6753490990691334,1.0922050964552377,0.7086152452802302,0.9766149190551754,0.9496403465940396,0.7033458978341025,0.9858427962402823,1.103264748321732
2021-02-09,1.1119354041613974,1.275054256025659,0.6754812585554956,1.093320567640144,0.7088912367520448,0.9766977847142747,0.9495056550029618,0.7023964213591912,0.986017371975343,1.1027582202291741
2021-02-10,1.1120555010287163,1.2750409937637097,0.6754500923341425,1.0931587381761008,0.709033053778485,0.9766113267801096,0.9495013695849659,0.7024283925360375,0.9861168314311715,1.102650948615481
2021-02-11,1.1113202188376932,1.2753786350341207,0.6758950836289126,1.0927005554572602,0.7095058630858267,0.9757983406895019,0.950123059737642,0.7024355470870087,0.9862085376383097,1.1027064536738218
2021-02-12,1.1110132151711836,1.2756848082301424,0.6757702034568053,1.092939769321854,0.7095090783738423,0.9755853486341519,0.9500761494188853,0.7023352750712994,0.9864246828868638,1.1024770224917027
2021-02-16,1.1112396215461613,1.2754314330664498,0.6758825776270663,1.092616258330012,0.7094082610345115,0.975451959539921,0.9502774646194658,0.7024545333083267,0.986502344641617,1.102516501335461
2021-02-17,1.1108931134742868,1.2750961943422803,0.6756949694346983,1.0921713316381856,0.7091137469665334,0.9751899142309658,0.9508229287349823,0.7026796870154238,0.9867554269326029,1.1029480479267895
2021-02-18,1.1108721262446157,1.274451423128283,0.6756992525380674,1.0925246750010158,0.7085604639446003,0.9756915153241364,0.951606656935013,0.7022813744155626,0.986751175185496,1.1031026241178217
2021-02-19,1.1105382047385106,1.274218387457394,0.6759907420362884,1.0921906054528407,0.7094111890938246,0.9746800126050983,0.952769331608253,0.7025490450157096,0.986546749254846,1.1037981579398413
2021-02-22,1.1109774325961792,1.2729552832555846,0.6773375851784633,1.0888927765832013,0.7101293658243775,0.9724994815486527,0.9561375884000196,0.7018235863932836,0.9857011182402504,1.1049625646707457
2021-02-23,1.1075548331446345,1.2775649078189284,0.6779025694772156,1.0860067458429434,0.7093391496176455,0.9708548636355145,0.9616443938139412,0.6962221783239494,0.9849682414250217,1.1062565704559513
2021-02-24,1.105498974559696,1.2762371663735959,0.6815753309997414,1.0861763506589979,0.7105088537715328,0.9716809266314427,0.963908019145294,0.6948368019148673,0.9792241225128888,1.101176818839629
2021-02-25,1.108243267262754,1.2727525240825686,0.67756853040256,1.0832458727786285,0.7082031422799511,0.9673592565296408,0.9567576383669002,0.6986538312294965,0.9810494495612652,1.0991535715889476
2021-02-26,1.1009945947046966,1.2794871376257773,0.6780179449839118,1.0794530223258547,0.6998918217428026,0.9694495855764176,0.9556776651556445,0.6906806020626208,0.98201899729322,1.0996197176445683
2021-03-01,1.106640558602604,1.2752889084215542,0.6736649798148848,1.085139905123632,0.6982049359592274,0.9693453874703567,0.9573665848830897,0.6908837963537114,0.9821912074553065,1.093789470021373
2021-03-02,1.0917852652275717,1.2794885705829304,0.6694264298332083,1.0857977445705762,0.6885814221253245,0.9777431635825446,0.9501943883489372,0.6902802556281435,0.983889275055948,1.0943990096658123
2021-03-03,1.0926166003268867,1.274565950171798,0.6672264022215477,1.0785766240602133,0.6902338456106702,0.9770517101882764,0.957465214157942,0.6916620296128452,0.9889609483343937,1.1075866874831843
2021-03-04,1.093272031836432,1.2851365131088803,0.6576854178094058,1.0804456957120063,0.6809693786240372,0.9836197754676634,0.9490418709223636,0.6901384380149502,0.9841648035702834,1.1027762504428507
2021-03-05,1.0924119062906392,1.2794983125411936,0.6626715659275608,1.080724930726755,0.6841623194698773,0.9824919718863638,0.9482273896044296,0.6877087154517837,0.9805447551628916,1.0986858641906019
2021-03-08,1.0952854389912927,1.273369303355654,0.6638618076661591,1.0754934500403117,0.6853179159255958,0.9836188407329743,0.9479296270101067,0.6882832638943721,0.9754146494476073,1.0953113547039461
2021-03-09,1.1004579307505284,1.241451557023678,0.6712153511524402,1.0415729044979571,0.6878487871144788,0.9278545347940585,0.9765658525868385,0.6901676813962703,0.9695892945069688,1.0884896709021314
2021-03-10,1.091988323039012,1.2347445231205358,0.669056659356966,1.0496330441366137,0.6856914851628362,0.9397892522698117,1.0086141916959843,0.6827520689077532,0.9840816581863715,1.0943204851536323
2021-03-11,1.1012206474244202,1.2394554636045143,0.650119906579864,1.0567930376136847,0.6645765675251657,0.9329396416795336,1.0047352395433875,0.6809271077801603,1.0010130124396086,1.0774951799507062
2021-03-12,1.1067525074612194,1.2765209314912576,0.6643508828688963,1.0413442576985306,0.6390966499952707,0.9356788133667426,0.9639481252217773,0.6642888912005103,1.004577141948008,1.1357683458472525
2021-03-15,1.0899153486764233,1.2085103417023426,0.6542708443497612,1.1186368393521813,0.5722530010710134,0.9456047868929822,0.9950649908142587,0.6620470859257822,0.97875993545968,1.1219459588327159
2021-03-16,1.0911848509553908,1.200185103973283,0.698981437553747,1.187790417566905,0.6077791999576236,1.0335300901600386,1.0454476414629228,0.7053718371828396,1.003591534863697,1.0533657440400783
2021-03-17,1.1110054914518503,1.210109586357224,0.669563031840584,1.1916641134396975,0.5596673144416716,1.0258850810431042,1.0101907682128024,0.6815341297535114,1.0262742540456813,1.021844071201728
2021-03-18,1.143842691748842,1.1638909287475432,0.6873429153901833,1.1650338803280815,0.5764861813772629,1.0694436619592607,1.015156025838235,0.7286086203116313,1.0360633295980377,1.0266268031549324
2021-03-19,1.1446151722084892,1.1641050739994543,0.6900387651342009,1.1638300398294843,0.5791706045722369,1.06952149159367,1.0161773529846534,0.7269501400814086,1.0370211484578298,1.0299653907580832
2021-03-22,1.1351780151274287,1.1831472888587349,0.6700962911209133,1.1631238991743396,0.542169862059394,1.0479745149592454,0.9942225884872541,0.736726342112099,1.0572246608041238,1.0528564324203058
2021-03-23,1.1409795627304475,1.1731809216447806,0.6410086401829915,1.160768785216444,0.5222370989140617,1.0478552565483639,0.9750838748501269,0.7619887296011927,1.0692637404151455,1.070114534196717
2021-03-24,1.156604399259643,1.155712237123115,0.6174305906844293,1.1250872369591614,0.5077811563438255,1.0387593350769635,0.8947856237611587,0.8581181046124544,1.070411644492374,1.0476443165887108
2021-03-25,1.160131428780707,1.1516626584225298,0.6182671833979607,1.1171495768110273,0.5134922856260437,1.0355323566312737,0.8935538926976202,0.8641686288070081,1.0727078808765322,1.0455371868972376
2021-03-26,1.1817317574065824,1.153988974640646,0.5935498403964451,1.1567589268704268,0.474871735399885,1.0502814012784059,0.8360506032542239,0.8824571523774536,1.0933471424352643,1.0329520518468318
2021-03-29,1.1798201910064143,1.1297505064607216,0.5876263954275489,1.1497336367942048,0.5060263406771911,1.040989532654835,0.8600498107278856,0.8826992888250209,1.091274119368185,1.0744897473793595
2021-03-30,1.1891081842080762,1.1367527910849582,0.5459410274842156,1.1675601703369998,0.48870633753845866,1.023270150088408,0.837983560923265,0.8806921146705294,1.0777580237376654,1.0660925557542917
2021-03-31,1.196101254127367,1.1282792067814325,0.54351722100679,1.179002265789969,0.47449920287460734,1.0441026503397688,0.8354417858317015,0.8835930634166155,1.075959339254565,1.0606361221172116
2021-04-01,1.1936776212528233,1.112611766190026,0.5465835871269432,1.2255801948928278,0.48707950237182857,1.0466144127388493,0.7736367151912871,0.9043140349793117,1.0489894855181763,1.0190025287108144
2021-04-05,1.200841376171309,1.1037384564847401,0.5349775027224464,1.192139122511351,0.47250278279266184,1.0316586133284045,0.7644807827169056,0.9139007682950591,1.0512950766833384,1.0106657426150634
2021-04-06,1.201867886376946,1.098778313727731,0.5413777661172176,1.1877381603013697,0.4777843486790733,1.0313037884673737,0.7598012628844216,0.9167673711179678,1.0530412595627237,1.0059585996773126
2021-04-07,1.1982591602543249,1.1231763412933984,0.5345720997914926,1.2808105389859417,0.4955260878585543,1.0738338074107372,0.7514484184138588,0.947956856880681,1.0336651775529782,0.9701021313896022
2021-04-08,1.1981773331598768,1.1242081705082907,0.5328015908641219,1.2817256019168668,0.49186730784773675,1.074671337028989,0.7493259429241316,0.9487805970093615,1.0357509898643047,0.9701187870535518
2021-04-09,1.2140824432884663,1.122541399141607,0.5091965430079711,1.2620869657093747,0.486761786368918,1.0668145994013918,0.7520160540919258,0.9663237515823626,1.0328503724069047,0.9423947181567306
2021-04-12,1.218783746677331,1.0969597895502623,0.5165765071163473,1.2744437754591975,0.4903926692077423,1.0791362634317585,0.7383086061216643,0.9714181616099807,1.0332711987537095,0.9241977735789
2021-04-13,1.2296963122878237,1.0853354865124423,0.5142952332345255,1.2759626502250578,0.4949689801169031,1.0535615827395868,0.7294332510270564,0.9945334280851832,1.030812955123552,0.9088493207904199
2021-04-14,1.222064995274327,1.1374242882467802,0.48961486732250353,1.3083343238810419,0.4710734417606195,1.0615197778458352,0.7258172362388507,0.9790643032524757,1.0403856735222927,0.9063657401036712
2021-04-15,1.2347134062521172,1.1189024417453584,0.504004574512685,1.2913790772438045,0.48150380183826186,1.043995446485534,0.7234775100974669,1.0014690780679103,1.024376528602382,0.9043031540506936
2021-04-16,1.2342820953802032,1.1244061049737946,0.5032577009618598,1.2955788210987333,0.48145967165537196,1.0430067130276686,0.7242404558099909,0.9971405335530058,1.0239871023862377,0.9025582686498799
2021-04-19,1.2668171333004064,1.0809571892800807,0.5002224317156347,1.2440934622565893,0.4719383155292222,1.0377342970181191,0.713659609370202,1.0272935874154159,1.0226599027027499,0.9028160679105888
2021-04-20,1.2686418801938708,1.0746376509732665,0.4975629517373638,1.2330251878827356,0.45528316794684726,1.0428044162192438,0.69739241760109,1.0432249398323514,1.022761913910482,0.8942684346900145
2021-04-21,1.2733970759132074,1.0774492473320316,0.49905564020023263,1.2652316040336198,0.4590718543821564,1.0345300789631193,0.7001659900367763,1.0475668078990226,1.02343886122266,0.9248026327529525
2021-04-22,1.274414473683498,1.0956019587564643,0.49312909029167534,1.2656843305463055,0.4691893467418581,1.0486214395273978,0.6747003154195195,1.0551585578543474,1.029743300264606,0.943733599464792
2021-04-23,1.2750833066281504,1.0974938153908316,0.4934243400541959,1.2655631309619924,0.4668009285649253,1.0490654249099782,0.6707038592389142,1.0557312799052139,1.0291972435220726,0.9405564838563593
2021-04-26,1.2712126392118448,1.097910042352935,0.4973734679725908,1.2695848515236583,0.471019226145732,1.0513085833476699,0.6764780503820037,1.0595765498196108,1.0343183969518985,0.9354886852932554
2021-04-27,1.2789566463087503,1.0870446029745235,0.5019325191768897,1.2742682847592144,0.4782693269378576,1.0541339606451294,0.6744502451482678,1.0714022415609896,1.0335808021688968,0.9283987571187473
2021-04-28,1.2772210173759206,1.089099083898684,0.49911567228474607,1.2783037753323903,0.47766241348352706,1.0548734362745162,0.6716194547277335,1.0661668377318978,1.037989261187228,0.9241131092909615
2021-04-29,1.2770722147555373,1.0929656065973918,0.5169878760142482,1.2622343688272224,0.4871356653395063,1.0418865624142482,0.6989596577320517,1.0680292384538006,1.0523302214105297,0.9389173207453146
2021-04-30,1.2896698985841526,1.089387229090313,0.519580518973805,1.2645410754897042,0.48808707821529307,1.031930046070858,0.6929872659111778,1.0838662371921106,1.048434961918374,0.9359196236192606
2021-05-03,1.3084054945109262,1.0927361510143647,0.5231611053402211,1.2312292596221048,0.49313525847040746,1.0129086968791492,0.6939503530294621,1.0394174430658336,1.0574292972383836,0.9353791194949455
2021-05-04,1.3149375308012357,1.0887472263082127,0.5182332552172935,1.2243221954560688,0.494090387069746,1.0083699677901354,0.6954196350929389,1.042701416566116,1.0601959883014214,0.9346760670626212
2021-05-05,1.3142658405686662,1.0913479291787431,0.5174406205682353,1.2264220859533914,0.49488585532906626,1.0078835472026448,0.6976784158339286,1.045136630395641,1.0626372901650885,0.935616959328156
2021-05-06,1.3199039772834984,1.0902297806338908,0.5158603064920334,1.2235122181740867,0.4907344539460576,1.0033142520306857,0.689466271825151,1.0516920478402454,1.0614652703966354,0.9365873194419059
2021-05-07,1.320673840864308,1.0901681605901723,0.5189353649126549,1.2271891866467954,0.4945241299086775,1.0100947516052614,0.6897841931705496,1.0510368524148543,1.0551220532609857,0.9366805381273472
2021-05-10,1.3248441304515768,1.0876338852423348,0.5132852118540746,1.2098278716902284,0.47277773590860506,0.9912143896546757,0.6799640349587562,1.0648299360126112,1.047675037703772,0.9292870724883798
2021-05-11,1.324246153872314,1.0889952843349777,0.5145951673676895,1.2163954246680944,0.47285101269386653,0.9920719633652764,0.6808608946298952,1.058844939797728,1.0471003632258429,0.9298655159656501
2021-05-12,1.3328224553891597,1.0695280087975927,0.507529472181284,1.1989951029571373,0.47537679762812246,0.9733985040748109,0.706898104406633,1.0586242951604266,1.0428954512355488,0.9075219719263162
2021-05-13,1.340183875854487,1.0630207753361496,0.5144846463946909,1.1718345277470203,0.48053843822999665,0.9787064643105584,0.7226687721265281,1.0697054701331856,1.0393244308335141,0.906785528084054
2021-05-14,1.34310900601475,1.0532921285652561,0.512627299456602,1.1764898250003828,0.4804296043912607,0.9744107664443292,0.7206497991259293,1.072370761994303,1.0402412663710074,0.9038509308811872
2021-05-17,1.3447749329786862,1.0544019185210092,0.511001015559675,1.173955788711688,0.48017358997040177,0.9721541986810277,0.7242849791394503,1.0696515324970495,1.0390295084649974,0.9050933961507946
2021-05-18,1.363761732579545,1.0380192376385078,0.5248742301003432,1.1378323127738534,0.4835481070773748,0.9440651120521587,0.7099287178094822,1.0970781936667178,1.0198093561003718,0.8862295968294528
2021-05-19,1.3667016959848535,1.0348782063779172,0.5232073909673781,1.1332577189958084,0.4721220324853817,0.9385334258848173,0.7034632484146763,1.105037075697482,1.0203004016315105,0.8791982006100868
2021-05-20,1.3704612212115175,1.0246942228650173,0.5323606391166514,1.1218737912414327,0.4739947909448645,0.9249394662821497,0.7090225409541593,1.102162902555534,1.0124753317455102,0.8744834112069793
2021-05-21,1.3724174002997898,1.0220504999704791,0.5316233074983332,1.1188611361573544,0.47050575870355194,0.9216116479369505,0.7053161661925712,1.099493272961937,1.0109735539064877,0.8738270992803077
2021-05-24,1.372201228136012,1.0207036955747204,0.5315235028982064,1.1190583354674344,0.46878493578132163,0.9211926141399805,0.7010942690005939,1.1003911487684355,1.0110851381186567,0.8724736383589511
2021-05-25,1.3807864754821624,1.000822001384286,0.5336563820363929,1.11579140619954,0.472369565697247,0.9108631283423604,0.7044817560234542,1.1067006284684433,1.0115624777043157,0.8658700097032802
2021-05-26,1.388198809214441,0.9815289302758955,0.536132484348841,1.1202429793561783,0.46806681094909447,0.8983265198351802,0.696003350856204,1.1162929439737088,1.0182303296674293,0.8628097737542174
2021-05-27,1.388655722221816,0.9798308998049365,0.5379626289381116,1.117509350571574,0.4705427071342199,0.8966550244436274,0.7012074746994019,1.1162045981757691,1.0226161051259297,0.8647153628718682
2021-05-28,1.3897077285914994,0.9835554405586246,0.5367959312221096,1.1171156364704242,0.47099184882654294,0.898036077176897,0.6995688247366842,1.1148518943237231,1.0219257009548042,0.867011840853484
2021-06-01,1.3892733009376153,0.9822150791522035,0.5391558729153024,1.113769264452629,0.47109442975353266,0.8978683283665386,0.6998585202946352,1.114251676026397,1.0207542194155188,0.8642421248560971
2021-06-02,1.3909249272813338,0.9835682905154648,0.538500836274668,1.1107651033043464,0.4704035828687813,0.8945387367227794,0.7003182521735506,1.1162349781079324,1.0204746693643025,0.8615826466495666
2021-06-03,1.3979399662416017,0.9663162926592624,0.5402603177989578,1.098671137544184,0.4681990574561876,0.8870256178239528,0.6996814082236814,1.1232969217104052,1.013199628273256,0.8576491784999994
2021-06-04,1.398951197661888,0.9679415532007176,0.5371875572129681,1.0973934827519776,0.4642072010353745,0.8872636697622103,0.6937467641323999,1.121830906218542,1.0124031627194263,0.8507607263798513
2021-06-07,1.4062581980678899,0.9518830059745792,0.5464892686649356,1.0522258566375928,0.4575889790368763,0.8685949786784057,0.7007085323181826,1.1394878000948327,1.0018332395912168,0.8481408821369996
2021-06-08,1.4103748945461505,0.9490991178191235,0.5506593206504474,1.044505055293279,0.4578282072673154,0.8658258260129263,0.6948865748980975,1.1376795808160014,1.014759486128716,0.8436461240681821
2021-06-09,1.4230839010553085,0.9443344582971145,0.548774078609228,1.0390110334298457,0.45700112796327985,0.8618057972912685,0.6938617896112591,1.1492741274411191,1.0145299032685497,0.8441393998487459
2021-06-10,1.428836306352504,0.9335198444201137,0.5530928003904979,1.0276212714540396,0.4598697515565783,0.8542275142475693,0.6944814514064881,1.1567226879787125,1.0141172452049212,0.8450902859171936
2021-06-11,1.5170167341493375,0.862325483484196,0.5180967476329337,0.9595773288415741,0.4647572372441942,0.7728731194524995,0.7140624001507925,1.2408182209153613,0.9966110774146011,0.8265178446341143
2021-06-14,1.5225704338402308,0.8548685892409046,0.5170480076219082,0.9554823891672911,0.4702511609399592,0.7719577606096742,0.7210399186231494,1.2507886575500444,0.996111254429193,0.8134714809433076
2021-06-15,1.5230579193324594,0.8551860412637239,0.5206493411665422,0.9528368195101699,0.46891963722778934,0.7728433928490287,0.7203679976372802,1.2501727661858786,0.9964595613045778,0.81630652500051
2021-06-16,1.5213448769053215,0.8588278505307334,0.5107177697960298,0.949729296147984,0.46958819585920386,0.7485242304482146,0.7307782444131438,1.250552222084089,0.992229927421478,0.8109997951763518
2021-06-17,1.5212496296711628,0.8562611206210821,0.5101233593534905,0.9461041175900391,0.46893762814481826,0.7484450380668582,0.7307414277410653,1.251909182034004,0.9926712934986203,0.8104546492231162
2021-06-18,1.515460459072342,0.8648081350889051,0.5175686995139945,0.9542397611749833,0.4741870285407551,0.7449317002563,0.7352932626757896,1.2426747955268607,0.9958534116389508,0.8183454551435737
2021-06-21,1.5125890730806206,0.8647987044806401,0.5213801719613452,0.961584680530524,0.47474776212832587,0.7501332576128422,0.7309835688780798,1.2332177129427788,1.001487120993453,0.817146096974171
2021-06-22,1.5099064643968836,0.8674056385628107,0.5221165791470774,0.963135039450663,0.4771564708885122,0.7533470811133259,0.7267326903403004,1.233162686604833,1.0012138701746138,0.8152682783053508
2021-06-23,1.508100433116111,0.8659021787083317,0.5233734403506171,0.9622381484308726,0.4775224937272981,0.7532291228574522,0.7299308618814769,1.2313533332403759,1.0020933122520694,0.8178227929998612
2021-06-24,1.5305044090190854,0.8529354613297753,0.5148269645007625,0.9358514818497043,0.4784832365536374,0.7397785184360756,0.7421721815362117,1.2515326421711266,0.9968871023805993,0.820318597326128
2021-06-25,1.5312093845833903,0.8435959662810301,0.5178334505776593,0.9340817129062686,0.47657065081501865,0.7334546983539826,0.7505089347725208,1.2523936694091244,0.9950334004840633,0.8168090033973269
2021-06-28,1.538938794764779,0.804478319275976,0.5167786971985828,0.9192967505315203,0.4644113804574063,0.7308015131378734,0.7575731976501239,1.2622864416902582,1.0098754307228444,0.8184085210350219
2021-06-29,1.5379521768752182,0.8095209605723392,0.5160721495071351,0.9185716830469491,0.4565898024557609,0.7246988745049556,0.759794651997474,1.2751835594585192,1.005915337697901,0.8169468352720777
2021-06-30,1.5472377169460572,0.8108934736875149,0.5139820946121609,0.9221280676562651,0.45094766965721517,0.7262795325032289,0.7620260586331733,1.2689031319293604,1.0130551182753722,0.8102411714682912
2021-07-01,1.54780624061124,0.8138684977880639,0.5154845327532181,0.926167548574173,0.4507508837914951,0.7260518928275485,0.7599952998772924,1.2614633149741998,1.0119794514132692,0.8076787186096611
2021-07-02,1.5509542047134721,0.8118698170572725,0.5190590282318331,0.9232247041944754,0.4503935632836982,0.7243319408344532,0.7592013550054634,1.2653671965054478,1.0072233441806395,0.8083239479852711
2021-07-06,1.5468833435151583,0.8071007127040951,0.5160422850965675,0.9326007509548389,0.4507833561368472,0.726841432577054,0.7635418131603295,1.2333665260480133,1.008908612955523,0.8144920668002129
2021-07-07,1.555425432324946,0.7957363674696074,0.5190937116528928,0.9219699291313366,0.4565653278373377,0.7212350693367104,0.7674827686858405,1.2310762405193525,1.0155455285084467,0.8153421608061693
2021-07-08,1.550352145012475,0.7998964871551957,0.5184318994351934,0.9237187732098839,0.45436174945577124,0.7242868713440439,0.7597996343892284,1.2168904662003817,1.0260907642057053,0.8120503522184527
2021-07-09,1.5525119430289596,0.8038264400986314,0.5167140949065986,0.9154473570637586,0.4520400303204628,0.7261729828533157,0.7550510859972756,1.2221919714047433,1.0322318049341492,0.820066865055632
2021-07-12,1.5574312485074469,0.7865708209550885,0.51897806150919,0.9065693576406532,0.4492128654068235,0.7226217195102879,0.7458513029650018,1.224484658106083,1.0288678591383666,0.8321951042136795
2021-07-13,1.5593345965217955,0.7992086295103286,0.5306226285171307,0.9108501459588507,0.4517687912631531,0.737796968159893,0.7431599212578568,1.2173359954735854,1.034509713112486,0.8319749319141514
2021-07-14,1.5614923095703568,0.8025079812432948,0.5243518063188397,0.9000834774519278,0.45043081978799326,0.7177233136930812,0.7350502511969922,1.2292632382955568,1.0243249787012167,0.8392448748080614
2021-07-15,1.5639134158865953,0.7992340258214877,0.5273253213668597,0.900192514182616,0.45147731089156473,0.7165442542277906,0.738580421766669,1.2433293197318598,1.019314183358758,0.839068434219254
2021-07-16,1.563360229542371,0.8071639574079279,0.5281523541910705,0.9074861042670578,0.4470935849254531,0.7218427400410429,0.7388027353862966,1.246016941858155,1.02072607347127,0.8325380461008762
2021-07-19,1.5654296668064078,0.82432114198366,0.5273528071492771,0.9243769073959,0.4417588667261584,0.728206797583916,0.7370675855430433,1.2368816585692408,1.0213358642292372,0.8234749716874794
2021-07-20,1.564286959160483,0.8328030105620833,0.52909989854367,0.9323087847842325,0.4365067802024147,0.7431032090969082,0.7348786745496898,1.2077317297088477,1.0299427695369574,0.8257848522992327
2021-07-21,1.5590695044422973,0.8364679005194762,0.5296575938792937,0.9386816571736826,0.4343407845839964,0.7448421436102762,0.727785182740643,1.206354402604623,1.0311959812604055,0.8202648535668644
2021-07-22,1.5605337959283523,0.838513628022403,0.5299737708772405,0.9440107257462685,0.432965830138309,0.7439173572178627,0.7256744885199261,1.2105087572146993,1.031278905544612,0.8203439962584275
2021-07-23,1.5432387460704324,0.8414404841349618,0.5343265994300553,0.9474906537206084,0.44396142100977254,0.7444575974094991,0.7352091634358713,1.195364017736718,1.0414401591122469,0.8282930310675546
2021-07-26,1.5454882445583953,0.8407203212443131,0.5320761598663716,0.9483219533844298,0.4444691999415578,0.7482410223269678,0.735746499345671,1.200932799258147,1.0409809911899133,0.8332575824894626
2021-07-27,1.5442391262491195,0.84598263443979,0.5330112409403714,0.9482500594835006,0.44295330033499375,0.7461893757006157,0.7353645037290834,1.2025990054168711,1.0381249908815677,0.8264245319044794
2021-07-28,1.5427937198988964,0.8489663985320269,0.5335223105566838,0.9457301819465428,0.44914167775575764,0.7425376352120218,0.7400607261822891,1.199203198170122,1.0365649269968389,0.8316493105271965
2021-07-29,1.5425501035321403,0.8431534954797021,0.5375436809372696,0.9473544663034772,0.4506380849574124,0.7387646177832796,0.7421398753563325,1.1991206671713583,1.0413414829190648,0.8189894651200492
2021-07-30,1.543613156604131,0.8390013237574752,0.5375614866902078,0.9425900879258667,0.44984064835513343,0.740345541399055,0.7432432577106701,1.2218828803692934,1.0302289771024185,0.8159554647043712
2021-08-02,1.516827484550394,0.8427358296014723,0.5407224571374827,0.9432394461526837,0.45166665559738794,0.7513455052546398,0.7446355129249396,1.213055516132166,1.0316692140987367,0.8164547689731884
2021-08-03,1.5131076781017374,0.8471686656850919,0.5412984570246167,0.9448778517431218,0.4555742206604022,0.7580750519748832,0.7495157449079813,1.2199968652977566,1.0346805665970953,0.8199671199966913
2021-08-04,1.511736636492628,0.8502866911278485,0.5425437948451947,0.9472843768802195,0.4558620028314733,0.7630275641099965,0.7444788141710927,1.218596271858513,1.031658409159943,0.8202233049417661
2021-08-05,1.5113640493444207,0.8491429198891732,0.5412000974093335,0.9468135845728982,0.45667192177750254,0.759889896767348,0.7473374275126196,1.2152744288683819,1.027089693160999,0.8245022518121837
2021-08-06,1.5052121775335046,0.8511929957357398,0.5432903147397052,0.949694415536905,0.45842062876817896,0.7623620960453401,0.7492305598665288,1.2151641657657093,1.0301464304839159,0.8256444853277701
2021-08-09,1.5045242725109431,0.8518022505345512,0.5430883040230742,0.9505938233940081,0.4580037308958745,0.7622109266150682,0.7496100395295351,1.2146333156934266,1.0306965943921726,0.8253915995909662
2021-08-10,1.5037870318088329,0.8510763195169179,0.5434785619635863,0.9489638670040422,0.4577888386855678,0.758548659039224,0.750765835522636,1.215273977774675,1.0314925199321054,0.8265028487983588
2021-08-11,1.4967224050452055,0.8663615840573945,0.5422499758832227,0.9560733572635354,0.4566965217316685,0.7622202482163646,0.7449340800381662,1.21084327462356,1.03751726818215,0.8164335822482816
2021-08-12,1.4914084324370325,0.8787492151500522,0.536919657172446,0.9633015700696088,0.4507158439869339,0.7674165076376696,0.7374213888076254,1.2046793708050034,1.0364877001426158,0.8102681029772812
2021-08-13,1.494449157383689,0.8777826933616056,0.5355528210135619,0.959735458119926,0.4512995363176154,0.7653622871964095,0.7376350098580281,1.2050535716046191,1.0373261454669056,0.8104095082051369
2021-08-16,1.495099324849619,0.8771091942525514,0.5361252761220754,0.9588286159853158,0.45139835817091906,0.7645386833413708,0.737081207341728,1.2048446552721863,1.0374138604293575,0.8109057018473724
2021-08-17,1.493760285445549,0.8817366889531971,0.5312168683769584,0.9601299051043091,0.44944204220003214,0.7710201215026856,0.7346559941509057,1.2070680348148952,1.0346705043969986,0.8067066796437697
2021-08-18,1.4982490382561884,0.8830320438188273,0.5347407059199902,0.9664745568845086,0.45223762836885695,0.7764820346775951,0.7277030611249922,1.2041226269052603,1.0319364081961595,0.8089010237613159
2021-08-19,1.5002992335286298,0.8842139915089575,0.5358013620530813,0.9644576377517855,0.45151021380934,0.7762523081258897,0.7278519331215602,1.2018464969702691,1.033444603847006,0.8051982787263512
2021-08-20,1.498180906104677,0.8839561502475664,0.5354392702191412,0.9636346571823394,0.45000567736307195,0.7753919205526824,0.7326582006934215,1.1995786276789329,1.0345242458084865,0.805035372916058
2021-08-23,1.492745415712581,0.885796593844917,0.5317573057626125,0.9754540691534316,0.4468202703572995,0.7793004082571121,0.723565908815265,1.2040920198150207,1.031350988701601,0.8005371256771376
2021-08-24,1.4936197633358006,0.8786381520356067,0.5326702621996902,0.967936582750397,0.44528771855565,0.7737038504500457,0.7261094217023326,1.2058629580204878,1.0278994020486114,0.807515509409448
2021-08-25,1.4944982184911777,0.8794977161229002,0.5325681205918902,0.9718688958076542,0.44478393534945243,0.7749135028410522,0.7270748027871108,1.204728050594686,1.02772856394169,0.8077038723005139
2021-08-26,1.4936619012703038,0.8865841827250933,0.5349050585674571,0.9875308837922206,0.4481768550776377,0.7805746748923248,0.733478516584139,1.193500398235266,1.0270400730646905,0.8134267325856518
2021-08-27,1.4922192102919307,0.8854102425004452,0.5324120545153185,0.9912026152306959,0.4466704133197927,0.7802208043563029,0.7294543058420244,1.1941428422960998,1.02776638910272,0.8124685478218452
2021-08-30,1.4985768926798337,0.8831323034320505,0.5325145103313584,0.9847241156327129,0.44673518084179353,0.7797701290630157,0.7305861725777613,1.1982859252836897,1.0266743159218223,0.8145872865636546
2021-08-31,1.504699501877587,0.8799208694891368,0.532714864530352,0.9834358990928885,0.4467661795786138,0.7788278106393484,0.730458748775655,1.1990902431408654,1.0249850783177532,0.8130720834238848
2021-09-01,1.496059344874948,0.8824234095338626,0.5373673041532739,0.9899779059146406,0.4476624932185703,0.7736690514449469,0.7337126087247696,1.1972442366925347,1.0189362219531692,0.8152706291471972
2021-09-02,1.5242338345236364,0.8822929395531223,0.533357065878298,1.0060308069288253,0.4410493015858078,0.7689101467495139,0.7160574489485511,1.20189988648628,1.018754412365307,0.8042406005090099
2021-09-03,1.478894478530703,0.9291018731138947,0.5172697627525807,1.06266864663804,0.44041264732002616,0.7856225841834152,0.7137985801601477,1.196328355099701,1.0162067929181,0.8028525228086346
2021-09-07,1.480192897310664,0.9415831581090538,0.5192456031709247,1.0665118739602013,0.4415776911876342,0.7942503792471596,0.7122986990768088,1.1883406391879607,1.0127241496963744,0.803422392516319
2021-09-08,1.4437397922575304,0.9282534337552737,0.5272166534149332,1.076211048559031,0.4373311619221583,0.8294936532142166,0.7416355991713174,1.172864923691284,1.0278231022421174,0.8059267991401365
2021-09-09,1.4328718313647988,0.935793463106523,0.527413137161445,1.1020813047578868,0.4305685403484849,0.8199431329510112,0.741762985046813,1.1600091694470795,1.013002341580649,0.8079341896630378
2021-09-10,1.4359791660357009,0.9432150884465298,0.5194654143199033,1.0932700977085166,0.4258492574061899,0.813710829129716,0.7378433711196832,1.1503786836211447,1.0151692949593483,0.8130460292652604
2021-09-13,1.4355776110385556,0.9443070157097185,0.5191964894944109,1.0943931073370596,0.42676360540095043,0.8147770075354797,0.7376473271847184,1.1494609273711494,1.015984918632767,0.8126068430823343
2021-09-14,1.4286255560483585,0.9484037449770792,0.5219335279301046,1.1103753210279272,0.42748897270878494,0.8277234228842019,0.7334591514775818,1.1584675996611777,1.0207252950367829,0.807649111252596
2021-09-15,1.4276754622514367,0.9554710355003739,0.5214918135413832,1.122948019047147,0.4257982959859938,0.8390597279695992,0.7214132294399596,1.1553539051460895,1.0221806167632106,0.8063889239662257
2021-09-16,1.4208022101329452,0.9577489083899349,0.5212871117037781,1.138280605525026,0.425285997564099,0.8464447987860492,0.7077498806208377,1.1489273194573495,1.0217776697555334,0.8070421149936507
2021-09-17,1.4216755890194597,0.952852619274935,0.5183406054267988,1.1436931535318586,0.4234966987678242,0.8649857354318862,0.7207389916679184,1.1408832570038843,1.03055195135611,0.8118455363194936
2021-09-20,1.409002025316728,0.971333231965194,0.5277589907847439,1.148517275697187,0.4284084727516109,0.8930090236055624,0.7080027893966514,1.14812763565839,1.0320552575952437,0.8024711949849527
2021-09-21,1.439416367027535,0.9577542950909033,0.5132961237481326,1.143410208680973,0.428418046398197,0.8696469376062844,0.7113199757968525,1.1587543841649528,1.0184919664832488,0.788839624897535
2021-09-22,1.440487655658008,0.972336012865817,0.515194653986578,1.1692341858024113,0.42587659918431753,0.8678832595573875,0.7086433136335626,1.1369576749883232,1.021473319960598,0.780269451081474
2021-09-23,1.4247418812994939,0.9919834597360992,0.5331473054504474,1.1730151039575798,0.42316300528722356,0.8795186426509805,0.6988677488242835,1.117745907883349,1.0263853118714061,0.7413795059960999
2021-09-24,1.4241533906945756,0.9925120355810504,0.53311167547646,1.1736612526577568,0.4228135075895894,0.8793047568363324,0.6975870004925816,1.117393991336378,1.0261196906184757,0.7414802550353566
2021-09-27,1.4133997409956496,0.9935969250296298,0.5356430121056791,1.1751425936261894,0.42647364262789866,0.8825583318443136,0.6988175020433002,1.1115181199614923,1.0451092674924738,0.7344670676129064
2021-09-28,1.4058439590822058,0.9691012154625446,0.5245679778932848,1.1380534083294573,0.4278931811294803,0.8614242141085946,0.7061231546868376,1.1080974873601912,1.0537520036592853,0.7136587586007399
2021-09-29,1.4058667648948941,0.9673911495179135,0.5254254149254297,1.1300546405208807,0.4271521262957797,0.8616075355894651,0.7064678949248022,1.1070265832985065,1.054433396827453,0.713457271884496
2021-09-30,1.3989496423907015,0.9696694853110489,0.5285805926289722,1.1375715691508466,0.4306825073301649,0.8736743539416502,0.7087641715717607,1.1034228140002713,1.0595142753871376,0.7118372997106271
2021-10-01,1.3944896004015623,0.9741727717274137,0.5247237145199699,1.1587747506105417,0.42729387934521285,0.8794903364556733,0.7057862458243609,1.092575676429934,1.0675802896057005,0.7090404836221892
2021-10-04,1.3886533749106003,0.97638429369203,0.524146760730959,1.1421625112914797,0.42512472145668856,0.8926401921860403,0.6982750274950532,1.0921046952333828,1.069663085023504,0.7149904089692949
2021-10-05,1.383012125410446,0.9767520692839682,0.5187211255229315,1.1337498229979608,0.4233247077519074,0.8795261004741748,0.6850455768811473,1.087188096786445,1.0753221603355874,0.712872774212127
2021-10-06,1.3760164536002257,0.9778159215246229,0.5139177163154522,1.1326942241074618,0.43152712831880263,0.8777678995494959,0.7025243468522353,1.0766672181462908,1.075413234492321,0.7165531456798083
2021-10-07,1.3810791029847806,0.9773959864225689,0.5138411107973316,1.145474778252076,0.4328645542566294,0.8775761615598746,0.6888527624439947,1.06685401810484,1.0663624349312768,0.7193977904459388
2021-10-08,1.385458417891455,0.9728592768886914,0.513032278036204,1.1255753539017372,0.4319965669388617,0.8759532598685519,0.6870027973506996,1.070604261834983,1.0727398131743884,0.7186452291979851
2021-10-11,1.3791783650231875,0.9861342118002726,0.509246908319245,1.1384507366392047,0.4265262240610558,0.8756093713143774,0.6972846656650677,1.0634162410329215,1.0716054618623823,0.7177778639915611
2021-10-12,1.344918926752141,0.9917983647230839,0.5140298867221448,1.1593817230854273,0.42291432347511043,0.8707398884600925,0.696190519420674,1.0362137051551263,1.084415718280992,0.7120689862955039
2021-10-13,1.337022446842215,0.983743126035077,0.507225170544687,1.1559235446897191,0.4234757619284408,0.8707597709100089,0.6943411624683495,1.0403700203377204,1.0816994814941723,0.7087544210456925
2021-10-14,1.3393019643476363,0.9813040458540283,0.5053559347119563,1.1520008880713446,0.4280981622960977,0.8888730234640309,0.6988607123773151,1.0234771662621456,1.0889915133205545,0.7013896557096932
2021-10-15,1.3384046584107552,0.9871657395233631,0.5059125449955753,1.1529326278650376,0.427906735614323,0.8963873837067085,0.6971726846238107,1.0320367203530323,1.0825831581985754,0.703943409953035
2021-10-18,1.3387152151339035,0.9863792864649045,0.5050708511941993,1.1515653997981632,0.4261342272494012,0.8965616115333502,0.6970256885961412,1.0321663542491069,1.0827129718964519,0.7058143551958107
2021-10-19,1.3374821742255445,0.9857922153651678,0.4953058033260452,1.1504390902095614,0.41158860340514103,0.9066535373692858,0.6919813496744761,1.0271936102399308,1.086585230970217,0.7012160496050117
2021-10-20,1.3358817783377945,0.9870325698991702,0.4951288942830632,1.1501407341764138,0.4114925156426474,0.907427152281016,0.6945307356577844,1.0257986379421267,1.0843875809901775,0.704889219475341
2021-10-21,1.3352728578598902,0.984135001359903,0.4941254790596498,1.1449346531964637,0.41190409919796445,0.9047660738541852,0.6924826970395414,1.0248810782674576,1.0826584965489296,0.7042759181008922
2021-10-22,1.3393469201876496,0.9759718534063455,0.49262723305118833,1.1343139970156286,0.4124835001906033,0.9028732525523421,0.6887865121132681,1.0298220152702053,1.0804746654115387,0.7057272324965523
2021-10-25,1.339407381165384,0.9732587465285918,0.49267025654431595,1.1400810425487626,0.4114866657596758,0.9040046817837005,0.6878017626523552,1.0273228709578432,1.08093981348641,0.7062964564638352
2021-10-26,1.367810045230414,0.9645482493986736,0.493367618554039,1.1359707623680455,0.4124397758383144,0.886627228609415,0.7011923973336719,1.0511417558145266,1.0732319856617025,0.6903617067010976
2021-10-27,1.3706340196713063,0.9665044668270535,0.49577612524164355,1.1403489434056404,0.4162767569545614,0.8841490321355288,0.7026971461197943,1.0541050996948125,1.0670221717336814,0.6922830087701939
2021-10-28,1.3825375669038737,0.9796003840780116,0.45469488035481465,1.1358714915207235,0.37745300101210044,0.8747165462905733,0.7246773315258683,1.0588612857803226,1.05866205445301,0.7143717898931243
2021-10-29,1.3681491656277032,0.9834794815258209,0.4637729251499379,1.117013569617479,0.3807077510954278,0.8664893671103917,0.7335476617762576,1.0556936032696629,1.0582944839934807,0.7021594182567922
2021-11-01,1.335513180150844,0.9999199679233445,0.46781861764361565,1.1184165221573132,0.38182229565081033,0.8881457577561043,0.7321994646101824,1.0213395793277267,1.0710089388395112,0.7004328239799753
2021-11-02,1.3473629759066732,0.993531605922353,0.4660093040271015,1.097722265447617,0.37917144596660185,0.8693708793453845,0.7196657424848119,1.0357480061570095,1.0560733316831636,0.6902494942074335
2021-11-03,1.3564165370981627,0.9778458143423711,0.47421410768468747,1.130230596537726,0.36701850375604883,0.84984130072024,0.7182604330285419,1.0438921145539126,1.0492498782933812,0.6776838377811633
2021-11-04,1.3394498613928643,1.0460734651723582,0.47890179729053894,1.1735758841625363,0.38329167309362133,0.9747931253928855,0.7856471883823442,0.9929739343694223,1.074660072448548,0.679990245804682
2021-11-05,1.3273117146492281,1.0212791445561507,0.4857858226419387,1.2060836085004907,0.3777096136815582,0.9377429081637338,0.7813325033474191,0.9866903560704203,1.0251648786157253,0.6941376836039967
2021-11-08,1.3274101218552643,1.0198241632335652,0.48761450447006577,1.204628648424057,0.37848081386897814,0.9358791243959625,0.7828834370494581,0.9866579675489047,1.0250922746425897,0.6930106856856162
2021-11-09,1.3497681737189045,0.9349163257551287,0.47289442817720895,1.1227724246500026,0.40581403849184766,0.9075264524552813,0.7888556481222573,1.0208710338536695,1.0108843514594765,0.7334422466441999
2021-11-10,1.3544194687566762,0.9306771955633744,0.4664007428755718,1.1339143433425474,0.4004287763202841,0.9138278816547817,0.7840638208485852,1.0262293423248559,1.012497593478064,0.7295040629254599
2021-11-11,1.34552031218177,0.9406473609968021,0.46966449800113874,1.1428477036321325,0.39616755025995504,0.9237762066068739,0.77758982346062,1.014784049691619,1.0200608361342571,0.7232565429564638
2021-11-12,1.356190773930279,0.9331048548548693,0.4791381639211384,1.1176484102700432,0.39900980107852,0.9278814163642783,0.7775321955945931,1.0197516372445459,1.013168454204879,0.7295998632868057
2021-11-15,1.3710196429060764,0.9393053925779707,0.47620959187940065,1.1108525822267938,0.39030075371937223,0.9262016130968972,0.7796362227456681,1.0255138830986112,1.0189831236331122,0.7305429341621281
2021-11-16,1.3762820030996936,0.9251099293196994,0.4742752183730315,1.0804942153235564,0.4021713461724131,0.9249569622196651,0.7794905000949661,1.0323194348083873,1.030730009836121,0.7375461421882678
2021-11-17,1.3709262645029434,0.9234828208218498,0.469964777363233,1.0897371238645654,0.4013116151208049,0.9261725264342681,0.7723349665002053,1.0337016182048244,1.0279404248648296,0.7404709028704206
2021-11-18,1.3788906172248903,0.9239079912925043,0.4620294878170804,1.0640971566200979,0.3918795836575764,0.9382251868416709,0.7701707894516329,1.0421686265932921,1.0310677109019066,0.7233952300287307
2021-11-19,1.3755826211463509,0.9263259159242022,0.46206182123557615,1.0721553620958941,0.3926416884281699,0.9392949218649889,0.770841702966289,1.0427673656879917,1.0288546485031325,0.7272563215139373
2021-11-22,1.3725519274030025,0.917702158789339,0.46436106472411653,1.0639510037819357,0.39085360158928717,0.9369377184252083,0.7792622783737622,1.0511064461828488,1.0317215044382944,0.7292075058922868
2021-11-23,1.3842933029041606,0.9113020565671677,0.4685882176092954,1.0465473469940063,0.39314504624402413,0.934388843971789,0.7846111128708086,1.0529449415028829,1.0334665656544664,0.7333691261560098
2021-11-24,1.3957769484984166,0.8774800225535245,0.47637019377119694,0.9950981848676571,0.40282020745685626,0.937925743149682,0.7923189491679254,1.0636327872770637,1.0333318990155875,0.7559844938641161
2021-11-26,1.3974332960785656,0.8929458887857276,0.46940794211119663,1.0121118477241944,0.4015462558819413,0.9661949356331139,0.7872902578968358,1.0621941333420015,1.026810673483936,0.7787085099563037
2021-11-29,1.4001048842988684,0.880252900372443,0.4669939147898548,1.0065948091457249,0.405952082686009,0.9443173196559072,0.804485577798609,1.0643556849625622,1.0148251116983598,0.7867728538838051
2021-11-30,1.334295648787914,0.8697661325856061,0.4892057535910117,1.0028529603522458,0.4361455767517935,0.9362779929371962,0.8061584499834258,1.0561661844725336,1.0005520478272518,0.7891487129426098
2021-12-01,1.313452982413967,0.8629250704453579,0.4637142557665563,0.9967195402159579,0.42218546481096986,0.9432522414160817,0.7892659775923299,1.0569787998358287,0.9915289612141625,0.7828115972320031
2021-12-02,1.2920318947007012,0.8690096456624475,0.45246913117596915,1.0028816366266038,0.42256292395053935,0.9556522951975285,0.7870989217011344,1.043356244324913,0.9993080266765065,0.7893477561029679
2021-12-03,1.2925373751966347,0.8751306084776165,0.44202384213468077,1.0029376374659853,0.40909182820116885,0.9481439447291213,0.7859831879911603,1.0456417183158273,0.9986846340687591,0.7846947128304754
2021-12-06,1.3055689894548819,0.875433743896496,0.4515655011189527,0.9883450247519999,0.4175986826528843,0.9348551265762922,0.797652484695672,1.053472536454771,0.99522884966078,0.7819006901105
2021-12-07,1.318359454015825,0.8705830787767047,0.4417214148687079,0.9723463917953089,0.4038970728504929,0.9278098974570721,0.7964814994769472,1.0618929416478167,0.990492986452863,0.7799496461379881
2021-12-08,1.3206552145103625,0.8688810459689058,0.44051619946094694,0.9689245973998336,0.40414357687685976,0.92745371253728,0.7956433938387377,1.061112128786652,0.9916501169221618,0.7806852585495777
2021-12-09,1.3115154328366443,0.8659799030409643,0.4417215439118965,0.9757177559928463,0.39484113259638653,0.9321677847462804,0.7984886802294805,1.0548727058627414,0.998294890891532,0.7844734233379279
2021-12-10,1.3214990978590258,0.8584050731282987,0.4374408193902888,0.9777633568210998,0.399221343378546,0.9250479397975194,0.7958940995421934,1.0439526071188163,0.9961438851222448,0.7859778927367236
2021-12-13,1.3263186468828028,0.8604797030034205,0.42446412066348654,0.9857980859851585,0.3892668604836859,0.9269542307194387,0.7824306947896029,1.0481921081755936,0.9895168509347422,0.7721322513773946
2021-12-14,1.3255968020466744,0.8509819800629638,0.40938649329561183,0.9724000589003181,0.38486080994770777,0.9213375516905803,0.7891572956629496,1.0512532272380575,0.9842817713326093,0.7764174292064924
2021-12-15,1.3078773696168569,0.8262911839393337,0.4042399996285713,0.9480930475721764,0.38182074775149105,0.9050023666447138,0.791504380432498,1.0667658842774856,0.9856744623839694,0.7740013679065549
2021-12-16,1.324593432382231,0.8129892418359376,0.3961807777085247,0.9421026884673104,0.371509421926426,0.8902822827517421,0.7864455657336435,1.0749369752365547,0.9835368094520598,0.7682764938736647
2021-12-17,1.3200337471066845,0.8270887310846053,0.4053534564187528,0.9542430691439253,0.38319902204485506,0.9018109783175627,0.7895840085783934,1.0643923304877483,0.9834015750693023,0.7702821139589708
2021-12-20,1.3120492038756453,0.8331157438489792,0.4060187812306665,0.953657634187862,0.38012064107712407,0.9192533120586247,0.7899727071176823,1.0660782699705782,0.9850104288663218,0.7576517901241167
2021-12-21,1.3126210791790718,0.843353775103913,0.3931566646312932,0.9540272544809596,0.3696375473181823,0.917611078813082,0.7817839430344788,1.069511017454217,0.9721763333117028,0.7370825123981556
2021-12-22,1.3192465785363467,0.8381552891224829,0.3930258812068227,0.9497580153811216,0.37157284036856153,0.91998371879738,0.7804659589163138,1.0664784210496336,0.9704762683424817,0.7379408617564973
2021-12-23,1.3177281650241848,0.8379726793276991,0.39273293133406206,0.9479644989081045,0.3722115285594778,0.9245753557099806,0.7784948991882187,1.064604436864382,0.9721179887474601,0.7348610378068999
2021-12-27,1.3208221155735662,0.8345121168766587,0.3945802038682707,0.9493138909356815,0.3755635606739473,0.9153361050605846,0.7745925163048292,1.049060784676982,0.9709031773068798,0.7442679345286322
2021-12-28,1.3104278767360675,0.8345106423176031,0.3935657361468456,0.952355846419202,0.3734383142281985,0.9215523778923126,0.7738304146882895,1.0361580121758662,0.968654638351111,0.7434820738291562
2021-12-29,1.3084380368734283,0.8342684443560608,0.39502216995525363,0.9501835001015472,0.3733223845857846,0.9201805070053126,0.773722044760167,1.0387602218858276,0.968644330961697,0.7427368854947393
2021-12-30,1.3092396469858183,0.833839400645452,0.3935233415518937,0.9510193929170451,0.37529378860421014,0.9205810261604594,0.7711115823722856,1.0388123429227727,0.9686115461349055,0.742004674182191
2021-12-31,1.314389611919611,0.8310541962862107,0.39298299751713683,0.954479136600423,0.3718559960571571,0.9176769094672617,0.7658114760563149,1.0451504807080239,0.9667812486165306,0.7407137301174131
2022-01-03,1.3146056948251086,0.8383756139267284,0.39314345024748715,0.9829172843850796,0.3655270341073628,0.9298257362392204,0.7333053673917835,1.045256209514978,0.9540814115698271,0.7070605015988242
2022-01-04,1.3147292146239515,0.8348901255174925,0.39020128762844214,0.9648152780128854,0.36398558236894235,0.9237826326588399,0.7336249773135602,1.0455940030177562,0.9490981568931499,0.7112989883413119
2022-01-05,1.3275045680131359,0.8263230511039985,0.37149030821821366,0.9240783967073946,0.3485849194892533,0.879575658564837,0.7170594058061399,1.05134186180533,0.9146474871838496,0.7293973164610542
2022-01-06,1.3175240593110475,0.8084854180861553,0.3736577062397326,0.9273291894945654,0.36177561456671464,0.8874257837220272,0.721509032704546,1.0579100834103758,0.930882869010375,0.7280466579649333
2022-01-07,1.3153761344360666,0.8057655981098253,0.37052067539895295,0.9229637092055542,0.36243167175623375,0.8848271925961578,0.7131924890522463,1.057343469822371,0.9331015671504598,0.7306569098889761
2022-01-10,1.3086958674506717,0.814189290308933,0.37030145694307554,0.9390721993211092,0.362146729837447,0.887810398524743,0.7107222626503088,1.0518701897815832,0.9312350593807213,0.7240537465860994
2022-01-11,1.3108768084063072,0.8113650890548709,0.36320608073896987,0.9553239847076767,0.35453360892840297,0.8806971961504753,0.7105633429571109,1.0592076729674333,0.9283211082836308,0.7200120130036691
2022-01-12,1.3096694894761927,0.8118162991871816,0.3623145483925065,0.9539134060684294,0.3545979117992867,0.882518516186747,0.7087488397080505,1.0578084242885701,0.9294821193705721,0.7194558958331102
2022-01-13,1.3073621929075927,0.8052811440375858,0.3681938181916759,0.9603234515605893,0.35191014822423716,0.8563504321802962,0.7046477839196574,1.0631885239401873,0.9351599437996172,0.712830849569157
2022-01-14,1.3052294828425577,0.799727706955572,0.3684232747508369,0.9404988124558162,0.34932958134275327,0.8525851718493627,0.7044620329985427,1.0635833307906322,0.9282823108804724,0.7252934065637389
2022-01-18,1.302158173825302,0.8340580551454345,0.36059787229124046,0.8998462665584679,0.36902975526219167,0.8330472424543743,0.7137997994173527,1.0643387527323949,0.9365132673401717,0.7087737315404719
2022-01-19,1.2963444446433916,0.8585361055522253,0.36600583251504465,0.8949826175333834,0.3609779790205982,0.8625329279149961,0.6954523424265064,1.0437062984067564,0.9442789536580247,0.695392151148734
2022-01-20,1.2944890408249765,0.857729148529571,0.3685457735473998,0.887310023036893,0.35519077541143795,0.8713779126089902,0.6826462169768123,1.0554702130228533,0.9383535228825063,0.6888159846191773
2022-01-21,1.2857984081737672,0.8580674783104235,0.36593849675017076,0.8844363926648949,0.3430947870165812,0.8665981261716593,0.6818216430043131,1.0973237611800313,0.9374861503683947,0.6688307881781473
2022-01-24,1.2808627695418886,0.8603105288690754,0.3621076456509327,0.8876980574975445,0.33931317603832384,0.87104339277657,0.6756312379235395,1.0991128843527713,0.9366764039420821,0.6649355787196011
2022-01-25,1.2782523097520733,0.8450518316320643,0.3419612966633707,0.8581722381538804,0.3452765077901368,0.8638879529975051,0.7259972752664929,1.1125104239017907,0.9360206598868603,0.6608319048183849
2022-01-26,1.3161562016060886,0.8335808032654118,0.33173781222622833,0.8727661871137318,0.3053118752626885,0.8437718740059235,0.6697288025408613,1.115532801615971,0.896993180377272,0.6469014724433887
2022-01-27,1.3398584194866163,0.833299218035519,0.3242632497535591,0.8645725624405747,0.29671988401473776,0.8394091807437546,0.6570381239061995,1.115501292859824,0.8833016489055315,0.6565631387699739
2022-01-28,1.3767130027441268,0.8233786354624125,0.28954700987860543,0.8233065407360549,0.2843855356557042,0.7505843850673146,0.6295421633596391,1.1370254528230332,0.8691547018443313,0.7027873127775945
2022-01-31,1.3816606546200418,0.8263902140491457,0.2931590384798205,0.8262287869736237,0.2772263932771251,0.7395815088585066,0.6969783156897588,1.1339337752283083,0.8587326551617784,0.6875465290866947
2022-02-01,1.3877471804750223,0.8159371038537968,0.2994638287239948,0.8442198574218688,0.27927813564229775,0.7204265931531082,0.6870579940721114,1.1380395779443804,0.863360093377619,0.6792912524933395
2022-02-02,1.3848284540518256,0.808002272920453,0.30352235862517907,0.8374682846425343,0.2864118013374425,0.7162108285945775,0.687328559699088,1.131712528834527,0.8606129946653694,0.6879664399296328
2022-02-03,1.3555511210732285,0.7841347224594565,0.2903839581578243,0.8233071554501175,0.26672909227189556,0.7250942549433149,0.7024105681650207,1.2031462002803872,0.8849491170964006,0.6771892785601591
2022-02-04,1.3548849500629747,0.7905245565758569,0.28581142296507067,0.8220572272332665,0.26177135353933534,0.7206788348597402,0.7015246694239406,1.2352506848378226,0.8673574063066448,0.6714939583569977
2022-02-07,1.3582075205737476,0.7854013296868971,0.28614805830142487,0.805663407662195,0.2657363506287234,0.7115988009070858,0.7044176028065459,1.2399455054274648,0.8703698663344485,0.6743847309443342
2022-02-08,1.3606162693301909,0.7902965358411286,0.2869896906907723,0.7897238547059464,0.26303227379207383,0.7127121187751613,0.70151137512184,1.2449313021085247,0.869831278512794,0.6692946693166361
2022-02-09,1.3514934772143359,0.7847097034726225,0.28387027860908,0.7766472104843514,0.25757742867545536,0.7130188354371662,0.7064251655096633,1.2305154791609465,0.873259976482095,0.6819988584321445
2022-02-10,1.351144522734773,0.7749896730308231,0.291165305250364,0.7753796660326804,0.26902508030328076,0.7024151114964751,0.7087794188038573,1.2215338533178968,0.8422194643306053,0.7155403136033764
2022-02-11,1.3470021307205822,0.771157905190537,0.2955116166937863,0.7345108782501282,0.27201929210052195,0.6990029891221955,0.7037612208923179,1.2339594668028064,0.8744080138344399,0.718450280509865
2022-02-14,1.344711947402034,0.7739789295745844,0.2976307508342292,0.7393640654144141,0.27140605942526097,0.7011545601303626,0.7019024496832734,1.2298671470279097,0.8741113660191616,0.718970945752476
2022-02-15,1.3451144089210678,0.7760150558225265,0.3022220020222606,0.7196200329681296,0.2679465192822287,0.7064568932939044,0.6950888144934027,1.2225036810849084,0.8853438339951233,0.7103816607950928
2022-02-16,1.3442368197465313,0.777786820517977,0.302675794887234,0.7160241107329067,0.2703059954663987,0.7042717757432794,0.6961934655198511,1.2257685216379168,0.8870042148513027,0.7106453172512084
2022-02-17,1.3372794451162695,0.7871492775093412,0.3004325047877624,0.7035796316976163,0.2500557799928878,0.7418753865900629,0.6736219193615549,1.2179719532514925,0.8849901913527095,0.7030777946252048
2022-02-18,1.3290617092469315,0.7895897399644847,0.3044763001879009,0.7235333165519479,0.24817718592963123,0.7639731238860938,0.6642561039939426,1.2148056378959113,0.8806230895849507,0.7030426520446584
2022-02-22,1.3318396584787346,0.7858990789844502,0.31048089669177115,0.7261220014947347,0.2536732531569751,0.7611475763399772,0.6634563429440828,1.2161826877256086,0.8912814437980489,0.7006052044663947
2022-02-23,1.344510193386879,0.7869883617135288,0.2992857680428486,0.6999240589001491,0.26324093843054935,0.7682398418973796,0.6814013749554239,1.2413313686140452,0.8983648964162134,0.7119502219724767
2022-02-24,1.3382712729522124,0.765477577125239,0.2925662075552595,0.6809551411822925,0.23629502290459234,0.7736480310728215,0.738880761170752,1.259443761477034,0.8629800958802636,0.71460686783179
2022-02-25,1.3212909362460614,0.7669483118844316,0.3327601386076356,0.686127718428398,0.2696567110145731,0.7638728805427062,0.7446759424974039,1.2516777934471373,0.8862849081122514,0.7291809272803293
2022-02-28,1.2946670488073344,0.7673998869608677,0.33706597909256053,0.6616167781673153,0.2733959805597159,0.7623172217346732,0.723018811079195,1.2656030079816887,0.8785539170910773,0.7496437893114394
2022-03-01,1.2835716756797204,0.7893732535121756,0.3360606683059064,0.645935192202805,0.2832783604314074,0.767846569475307,0.7229513479574109,1.2596486262484763,0.9044826623243741,0.7424186371684697
2022-03-02,1.2743209788845709,0.816026480857001,0.3324135826423342,0.6595865151212452,0.27840240134781946,0.8086190094230606,0.6911624595084256,1.2360731683250894,0.904141540050591,0.725444114103408
2022-03-03,1.2735708947642492,0.8139965895309852,0.31627578428271474,0.6899245781364326,0.27333589211018267,0.804808174082584,0.6798322341550959,1.2477890384109553,0.911030968439737,0.7232410291168699
2022-03-04,1.2918209668169205,0.8357139830509053,0.2997737146850712,0.64914785286399,0.2460853104705289,0.7807570701332247,0.6908840651953498,1.265467093678725,0.9256897853737109,0.7152926635786738
2022-03-07,1.261484548777355,0.8604788907900391,0.2662169800939358,0.5701180665208105,0.26161075984694504,0.7412198888338666,0.5900276428312891,1.289886237679016,0.9486081250165324,0.701808882190325
2022-03-08,1.2477487558813614,0.8730823915753276,0.27478333283273426,0.5834714280364062,0.2851643651799295,0.7351865243420292,0.5742234507451885,1.2764180772017368,0.931226440910218,0.6963423930072185
2022-03-09,1.2551048762212622,0.8907574795550273,0.26846432191985314,0.4872463076375227,0.29000481814274087,0.7069899519888757,0.5310766964261934,1.2689451916600967,0.9957847001682115,0.7047873512676925
2022-03-10,1.2589197525849942,0.8990382270811664,0.2693893012763498,0.4868176726243022,0.2990621693352767,0.7103702773107308,0.5312774616339087,1.252587276694143,1.003018483640524,0.6987618742797923
2022-03-11,1.2645362242784262,0.9050691334683908,0.26844944435184104,0.4867499669764383,0.3041961518968458,0.6938701144030958,0.5335482941984788,1.2478545308694229,1.0007662342550119,0.7071451377926109
2022-03-14,1.2664735709863666,0.9016619994438929,0.2618366695416071,0.5081094428271185,0.29862548387083027,0.6898536471189635,0.5339619662399734,1.2566079339704408,0.9934374752773277,0.6998376727070752
2022-03-15,1.2696627105841163,0.8999558716659967,0.28203829384016466,0.43789510396554876,0.32749779136791857,0.6786468449769669,0.5558960005249977,1.2693520763853836,1.0032364255658568,0.7024813320760819
2022-03-16,1.270912456994735,0.92436013200853,0.2665939401349382,0.4227450538733211,0.31669211796960817,0.6584136458218608,0.5533928034134273,1.2791159907657952,1.0170270940840056,0.7060204830137781
2022-03-17,1.2545141458356257,0.9469728105859682,0.27290468951560576,0.4069479614547839,0.32029970645341943,0.6665417768074248,0.5384273823200261,1.274871356532135,1.024803903243031,0.7213156607968328
2022-03-18,1.2571504622727252,0.9407979094240726,0.2653200115153975,0.4014367740077812,0.3175233841442732,0.6597349129876112,0.5327987414405689,1.281310860946719,1.022663929312995,0.7266629920300336
2022-03-21,1.2511697824900627,0.9506312715137636,0.26487620607789175,0.4037917863977464,0.31317485071060525,0.6594808087965046,0.5308127748682859,1.2803045245353235,1.023604018999091,0.7193794615978807
2022-03-22,1.2548754012507919,0.95525962051424,0.2612019142399864,0.3944709142465886,0.3226114689475854,0.6427700530813029,0.5475379749039307,1.2907093578386681,1.0195540736074464,0.721073231792443
2022-03-23,1.2376425476905133,0.963442505181317,0.264708572539541,0.3891217597281291,0.3249377250215301,0.6442639590339273,0.5420866141551804,1.284094379476733,1.0247993443411951,0.7191034897004909
2022-03-24,1.2408452935570904,0.9575731990336444,0.2656404428070087,0.38784498069039663,0.3218308847819821,0.6365800258454088,0.544401486787185,1.277921556413085,1.0356142720236716,0.7064537393523725
2022-03-25,1.2521050048792888,0.9574619310096096,0.25732770479020284,0.3775815476789613,0.31720326864372905,0.6274712700004308,0.5451624006343405,1.2920070734007587,1.0261885283980037,0.7004234564141402
2022-03-28,1.2508020079604423,0.9525067092037487,0.2586696750634579,0.3674982925152847,0.31946954143853346,0.6244755177854846,0.5463023197715788,1.2975452961064167,1.027585196463112,0.7041968095259243
2022-03-29,1.250766237750877,0.9505856991720492,0.2556268694914065,0.3592893260346689,0.3200221921609233,0.6212635863494075,0.5426957724554943,1.289938889102381,1.0264287169193773,0.713313239822797
2022-03-30,1.2488564546543957,0.9522173170263825,0.2526513496398578,0.3561795078162568,0.32194363222402533,0.6179677829126353,0.5362529247594586,1.2917692656291455,1.0252127517799203,0.7149148762275555
2022-03-31,1.2525737664144494,0.9631108633745719,0.26596080435650366,0.3525948824715698,0.3325884132317481,0.6131830584336915,0.539431117092939,1.287875026620102,1.0323867570705245,0.7126590878435142
2022-04-01,1.2487521551471497,0.9667535259725011,0.26682278582765234,0.36712531336812737,0.32747859704370813,0.613917163447507,0.5374159973313101,1.286185206836236,1.0325115934988813,0.723814202598995
2022-04-04,1.2532959665921097,0.9655078848271383,0.2626409379870093,0.36539571825505546,0.32418933118840676,0.6131296516227103,0.5361356920643661,1.2927948844260904,1.027998844599744,0.7176773602847594
2022-04-05,1.2551886144341464,0.9640906919990927,0.2571086580058309,0.3666618111724422,0.32000836232994745,0.6212170127439152,0.5276876198278923,1.29731167810341,1.0204586576595875,0.7043068992077995
2022-04-06,1.2561450609257194,0.9661032782924106,0.2452873935912843,0.3631408205557827,0.3120259549377474,0.6182809139890252,0.5243762442473318,1.305873337645571,1.025781536986237,0.6940783564953669
2022-04-07,1.2521903896305848,0.9647377757886889,0.24882086242969537,0.36771597370443465,0.31702293332045145,0.6187162055041715,0.5257935932770321,1.2998522277976614,1.0262727426642093,0.6910568540933754
2022-04-08,1.2531059167083827,0.9617496001929356,0.24858410006906634,0.36476135872052357,0.31602049797362536,0.6177705686904978,0.5271064215999772,1.302250818468634,1.0260838100424856,0.6912117436577259
2022-04-11,1.2543637663790075,0.9535357496023715,0.25726081839314724,0.3876908442859768,0.31734454365448006,0.6142271035077366,0.5318692240022789,1.3011498608861582,1.0147665214595203,0.6960961778494898
2022-04-12,1.2492743285296246,0.9519676328106131,0.25778573329514953,0.38987197598135415,0.3185978423328384,0.6166010987959285,0.5335504918973757,1.298015700394254,1.015790763836617,0.6946544594299903
2022-04-13,1.2481064063064295,0.9334476047741764,0.2583801369323157,0.39942978944683843,0.3141579126085899,0.6201493166990194,0.5252453732949582,1.3064433187375208,1.0188499149225854,0.6819130121394699
2022-04-14,1.2577008281362274,0.9311889778557538,0.25777549404848626,0.3927916666613459,0.31573369611477625,0.5919157759536157,0.5256090435089806,1.3106657199955816,1.0130646849306262,0.6861181974087948
2022-04-18,1.260440339594975,0.9311316750604677,0.258943796968182,0.39189597426710876,0.31506482028134836,0.5914725001639602,0.5230717085224402,1.3103601418351882,1.0131025635049584,0.6859685029131646
2022-04-19,1.2543231050651449,0.9308457931808846,0.28429185553112574,0.373715986444261,0.32446191051461043,0.5864952360617821,0.522180600255051,1.3196747064419976,1.0023590088461802,0.7128493198326313
2022-04-20,1.2580387111725961,0.9304656726949391,0.2850647182153717,0.37083715084839275,0.3273686325630656,0.5797949850733851,0.5367708006277976,1.3221288704521141,0.9965932505435589,0.715447402356124
2022-04-21,1.2491756242409278,0.9212636733666889,0.28191512813380604,0.3707215104788308,0.3220663706368758,0.5770816882934828,0.5783167905254747,1.3319762601162488,0.9902211502003655,0.7186952964159374
2022-04-22,1.240276520813921,0.9199965115646896,0.2856639975454705,0.3871067505979641,0.326664989283797,0.6339151277518089,0.5971145785622084,1.3210432487312915,1.0119610733673123,0.7146924833486751
2022-04-25,1.2400315812099567,0.9187405591662712,0.2915505866903782,0.37832477335804104,0.32938784272227756,0.6334633213928007,0.5969685845906593,1.320917083357885,1.014400760018274,0.7119814016012832
2022-04-26,1.2436038559077291,0.9223851825653744,0.2909849407621617,0.3679513453679461,0.33934736396649284,0.6467944419290821,0.584758236644438,1.3301087153574789,1.020284459215672,0.7050693189065622
2022-04-27,1.2430035237350503,0.9214916387789122,0.28944910369857274,0.3711229193124517,0.33902798078771407,0.6484647867625101,0.584251758838679,1.3297084273297914,1.020673316035268,0.7058746819336474
2022-04-28,1.2590409379080292,0.9116519286858482,0.28618871742259644,0.38730588798422916,0.35343279079141166,0.6325229289562293,0.5736348834189959,1.3450157097759137,1.0214609329707733,0.7173805517428175
2022-04-29,1.2457536582929518,0.909013772641685,0.2931687100173339,0.39376197247271977,0.3635047961759243,0.6151090566246484,0.5933522144363781,1.4729265639066746,0.9836399075433018,0.7866709799052473
2022-05-02,1.244074509898262,0.9105102645983211,0.289099074854504,0.39321821437184545,0.35895530331148107,0.616071163679663,0.5904459235385068,1.4744791963934372,0.9825452267854812,0.7767154390987776
2022-05-03,1.2374465418469611,0.918986994438493,0.29274737106371584,0.3980295222638076,0.3555784090313263,0.6238020878669989,0.5899471289515125,1.4701574605079208,0.9785291520698102,0.775004165614805
2022-05-04,1.2408332595739695,0.9256979368739547,0.2945611184149898,0.4257368193874433,0.35140801416768475,0.6490383533397619,0.6067574586898952,1.438362939553653,0.974118017746126,0.7483709499516658
2022-05-05,1.2559327685466057,0.9108621677281681,0.3054989532336528,0.42697608719989255,0.3571759349269987,0.6598118305625958,0.601188040521296,1.4674865309278444,0.9662120048455614,0.7743347672077731
2022-05-06,1.255017852933644,0.9106421917526771,0.30516311488605014,0.4214245062988315,0.3557727676979446,0.6571308905896118,0.5981250285102488,1.4720927635167302,0.9674370539892336,0.7781246394451252
2022-05-09,1.243627698589643,0.8979714842838274,0.2936822721224518,0.49635885499617544,0.35449784859538797,0.6812260563152986,0.6072573025433231,1.4712926497282472,0.9695233070417966,0.8208537832123042
2022-05-10,1.245344962035443,0.8933882993733512,0.291726716276925,0.4881418831912412,0.3531654031046811,0.6775633199877127,0.6049159399216699,1.4782424949039628,0.9690825022459741,0.8145556328569339
2022-05-11,1.2641466523587668,0.8978182701621945,0.29366797380627707,0.48318956086846127,0.35552274717141513,0.6697613657516962,0.5820458937203439,1.4896656380352442,0.961895870562572,0.811311626256262
2022-05-12,1.264565128574886,0.8911189511837972,0.2904757917551545,0.49157031117969496,0.35097479768409584,0.668565575469096,0.5796253153870318,1.4948228024842711,0.9611070791268802,0.8114225492108237
2022-05-13,1.2652291485381622,0.8801344327351316,0.28143479223424733,0.4966641437292848,0.35429884381626914,0.6613600506513396,0.5846540133839911,1.5142771583165844,0.9642157533322961,0.8255415859403796
2022-05-16,1.265520905970189,0.8810689717470928,0.28052630121895133,0.49542439577666864,0.3527572221091427,0.660154248187976,0.5824838900918828,1.5176058160636408,0.9635630335914274,0.8281908496222176
2022-05-17,1.264505524733296,0.8905831444656255,0.2799440674713827,0.4884830510373815,0.3432781472738042,0.6661592140128365,0.5957353364837631,1.5262125376384585,0.9700867155427539,0.8237747626627806
2022-05-18,1.2726119702577456,0.8647038686380739,0.2896076063612905,0.48392744499880874,0.4068171110485595,0.6615419742710034,0.5838078375092834,1.5380506655917163,0.9549271455029936,0.8472638233610493
2022-05-19,1.2735601835757475,0.8697935376943631,0.2901294951572427,0.48614532272534505,0.4087582572403239,0.6669131591878059,0.5790554352069917,1.5393674302473253,0.9548709746735232,0.8433872599984688
2022-05-20,1.2732957457913796,0.869963187016046,0.2902832861359587,0.4861909316478185,0.4087601005960601,0.6666863240287542,0.5792031029092651,1.5391843197836943,0.9550368154475367,0.8434130899503405
2022-05-23,1.2826677581710908,0.8984153937868267,0.2988018403224981,0.4911296183811907,0.41920188581841217,0.6781157221484393,0.5874749749079804,1.5230043286821624,0.9543656196160787,0.8387511380282937
2022-05-24,1.2851269456368688,0.8923356506462921,0.2953723025831644,0.48785134158429877,0.41418453158790297,0.6744121967988098,0.5784361110537645,1.5282625577536657,0.9525763531164714,0.8380719559584335
2022-05-25,1.281784058396741,0.8921463021939195,0.29185474391608873,0.49128566064557294,0.4081037651125535,0.6778551669676718,0.5771556726049205,1.532030969919744,0.9457532515325672,0.8359117876321799
2022-05-26,1.2804557073745608,0.8916420963374093,0.2874882592197164,0.48625699535907124,0.40914730633756524,0.6799491625103683,0.5721465598756932,1.5393386326167895,0.9424805323948952,0.8376622599787784
2022-05-27,1.28688610973763,0.886143965164867,0.288602914445327,0.4828924880105288,0.41270271409520454,0.6821418383039846,0.5896788353532885,1.5391171191816375,0.9464782910621661,0.8517896325332291
2022-05-31,1.2864836320835762,0.8837037041953192,0.2896750840742998,0.48642425256423705,0.4131817102968354,0.6825387170148144,0.5932489107959071,1.5285425073133185,0.9484155204836231,0.8507663041226631
2022-06-01,1.2845220435608842,0.8860793411020316,0.2914692156963484,0.48148480803972543,0.41593423633578575,0.6793980153464755,0.590558187189035,1.5227607693191751,0.950755545345342,0.851671484097668
2022-06-02,1.2792685616985866,0.886845551264157,0.2864437496573163,0.47468819625793224,0.41946678307142954,0.6792101525877523,0.60109465396634,1.5241631447534416,0.9662509495488765,0.8594130231517141
2022-06-03,1.2865757398481081,0.8876854509410049,0.2872678494501772,0.4653460025885175,0.4216557946522983,0.6685167062365011,0.597112488907624,1.525733757193594,0.9617045118459158,0.8611466917283037
2022-06-06,1.2866185575408158,0.8871020174670797,0.2869728024115949,0.4645597900696215,0.42119280398211767,0.6682530912599761,0.5987176324539922,1.5272156831940005,0.9617631904263719,0.861126581809297
2022-06-07,1.2878771397714226,0.8856609502430195,0.2892472489703525,0.47560576631237167,0.42316443258713804,0.6708524381354305,0.5954828312431989,1.5190569485124692,0.9591357124319279,0.8626661206331248
2022-06-08,1.28551792198109,0.886945031612988,0.29104941388361993,0.47127840803239285,0.42587787297684343,0.6635160769627834,0.5990886260443589,1.5187375138012134,0.9626040038402179,0.8720685082610435
2022-06-09,1.2919300515213736,0.8890921319091766,0.2995680707658119,0.48067514925829696,0.431041005751395,0.6770904139744529,0.5981540001017832,1.519802227349569,0.9689594840940099,0.8698774110802175
2022-06-10,1.2930694101123459,0.9053809289960649,0.2990577928449802,0.48704599779925933,0.424648076736415,0.6940346410181121,0.5995982341193623,1.528937346548143,0.9664040624144143,0.8834546432599578
2022-06-13,1.2800535253802485,0.9001436766234936,0.2978378480755946,0.5185496936835705,0.4361564000272463,0.707324335837415,0.6246122513779515,1.52230741752061,0.9602543735202855,0.9263789438408042
2022-06-14,1.2788470366988625,0.9007788614674671,0.2989906287814499,0.5198589898301901,0.4389053611120635,0.707328187982114,0.6257435979260415,1.5230688298234916,0.9618108954182757,0.923385260277594
2022-06-15,1.2804765448120539,0.9021997878564164,0.3015348855461489,0.5102938724389193,0.43045091122721757,0.700653888450862,0.6375057639128383,1.5383904914536382,0.9618254557508662,0.9359476097707577
2022-06-16,1.2794407827039789,0.8912834608166756,0.2930516613537635,0.5295534955399145,0.41352103878454854,0.7280305882242764,0.658466828248711,1.5265877688255294,0.9649476552293541,0.9347395163252933
2022-06-17,1.2820075424635793,0.8864794123209626,0.28723194916571126,0.5182508969419647,0.40969559835987474,0.7293236783898539,0.6551846872874227,1.535046358845536,0.9628760713799007,0.9293264585026956
2022-06-21,1.2841807137251287,0.8868824368659536,0.2933798636416627,0.5391763635980844,0.42207909744795397,0.7261936362721713,0.6603856167153063,1.5376665426101166,0.9621106817750248,0.9215287960366142
2022-06-22,1.28347183466384,0.8877977592242318,0.29347575395167397,0.5381006956383596,0.42200926470194094,0.7278939556096939,0.6606880073977316,1.5363640752732388,0.9619257647457589,0.922275413146674
2022-06-23,1.2856825426787284,0.8830021778652832,0.29828389401515343,0.5285263633896224,0.42794245070118014,0.7134469865081429,0.6674699879292791,1.5411801667010945,0.957636002843528,0.9260307539654005
2022-06-24,1.274959040198294,0.8849854888758383,0.301779101788414,0.5301812980596596,0.42887839271830164,0.7231359649545169,0.6608754377469486,1.5365994697536305,0.9517334974000042,0.9331153593062964
2022-06-27,1.2754275553836458,0.8846022633748203,0.3015052906022791,0.5285851547717139,0.42822146813985046,0.7236712402361881,0.6599100449584038,1.5398841663230884,0.953575318289562,0.9341064617036888
2022-06-28,1.277302738683035,0.8776772624124631,0.31336324007826405,0.5120512409130884,0.4322755474010272,0.7167687674490942,0.6618737194095032,1.549105368198274,0.9481322236984564,0.9304721582294216
2022-06-29,1.2769947008089069,0.8777252693495164,0.31337450760071356,0.5125742344756853,0.43231681790820164,0.7170659670274654,0.6621892325957829,1.5489168916709306,0.9481720952302636,0.9305614725605622
2022-06-30,1.2785251466077496,0.8805695418010684,0.3121384930906032,0.5178510569096835,0.42911085046979364,0.7207180551296002,0.6575153319527649,1.5513009590373645,0.9496460028319733,0.9309090212852782
2022-07-01,1.2798065274743953,0.8808657017624163,0.313449256907394,0.5222504378153735,0.43223583656650033,0.7190475722986104,0.6653099061808622,1.5571084381003732,0.9446142660123545,0.9338777050111404
2022-07-05,1.2787416556237814,0.8820360308368551,0.3099188058020335,0.522021588924616,0.4314850499861794,0.7178000271035581,0.6652496582605395,1.5564191723213379,0.9428255863558318,0.9341257883664712
2022-07-06,1.2798423232007905,0.88055260859062,0.30960574385468104,0.5186540183077314,0.43223560974293246,0.7160185640310708,0.6660069373047429,1.5587446737664277,0.9434194285695624,0.9343111963673985
2022-07-07,1.2802155713466334,0.8855951416595426,0.3073658301242116,0.5291085546461315,0.4288302934292191,0.7295636807083479,0.6658293007254015,1.5567259127375432,0.9362437588626464,0.9319814230946772
2022-07-08,1.2803615652272577,0.883724796109394,0.3074333657174056,0.5287038348230267,0.4295477790324766,0.7284781357956981,0.6663408265701295,1.56173290200551,0.9339110703627336,0.9333388734316959
2022-07-11,1.281190066896099,0.8776791254978373,0.3064491105739168,0.5259828517242885,0.42779654163713043,0.7274625866881922,0.6658446345739725,1.5715220547502933,0.9250334545448962,0.9277303996444014
2022-07-12,1.2780939280599266,0.8743019541305547,0.30938756551426255,0.5288013874963726,0.429160476773956,0.7262592968131341,0.666852674060809,1.5735668756008636,0.9262338327968153,0.9262889463786251
2022-07-13,1.2787390012586686,0.8739443591559887,0.3094919728600277,0.5279783007668909,0.42832890604640717,0.7252917805544956,0.6661159391543519,1.5712746658736105,0.9248860127198977,0.925169784651792
2022-07-14,1.2762725902429057,0.8761813807358071,0.309119810260604,0.5303690148901129,0.4282158900674048,0.7273402751952351,0.6657386017849799,1.570753674635009,0.9259600423386729,0.9263091204323479
2022-07-15,1.2694019272828612,0.8911902131032724,0.31227628987061207,0.531920526848124,0.42387205398891203,0.7306441631162544,0.6515401785443579,1.5688215727342394,0.932032686275318,0.9299092323353703
2022-07-18,1.2706327430269995,0.8888649787382256,0.31643841034453346,0.5231285106285831,0.4279331893217092,0.7273414988807718,0.6569751844459353,1.5650485052161678,0.9304034564172987,0.9331158210424383
2022-07-19,1.261476079661831,0.8825306319931191,0.2990311321955996,0.518007767489847,0.4252600685017493,0.739869568513677,0.655984230003383,1.5701218771643515,0.9322070046237684,0.9533164376921937
2022-07-20,1.2599359672909927,0.8795664537153022,0.29609003458473654,0.5185388849081705,0.4268702412140568,0.7346691856228623,0.6572588592005325,1.5809651475136743,0.9278235924505669,0.9537962523782859
2022-07-21,1.2638717543507887,0.8761951922122178,0.29541983601676564,0.507070908890943,0.4275181927905063,0.7327325550555073,0.6620615797556759,1.5829457053462659,0.9277806764880971,0.9571289060368173
2022-07-22,1.262848136673822,0.876103091897273,0.29368386959067017,0.5090753616443459,0.4233842592877134,0.7346296300535666,0.6567653924336355,1.5827420550652513,0.9270017708375551,0.9530351760450915
2022-07-25,1.2628836585635674,0.8789166002678082,0.291799999327866,0.512521106451762,0.42106864837603714,0.7367472647708586,0.6552588671684383,1.5849546903242986,0.9266599317988995,0.9543410826879382
2022-07-26,1.261543104867705,0.8799480804171378,0.289014462346396,0.5111320388867292,0.4191598552915404,0.7348813377314761,0.657432873869399,1.5935917184619965,0.9254624963157714,0.9514022653295421
2022-07-27,1.2608073891211893,0.8761743770276001,0.28274739695188067,0.5137606031565164,0.41850498516895934,0.7366028788608674,0.651321795298984,1.600669460576637,0.9187864632160959,0.9354186191164142
2022-07-28,1.257084977856222,0.8720516651837126,0.28336283475217816,0.5146623369159077,0.4218380451235767,0.7381009492741538,0.6642615365499933,1.5983516563917897,0.92203049084291,0.9436620234884153
2022-07-29,1.2621550489796143,0.8690456724416011,0.2826477331898194,0.5265327004781324,0.3978209942272691,0.7534509069307906,0.6604770322828145,1.6282423354434825,0.9227917746659133,0.939489689981531
2022-08-01,1.2633236236121288,0.8691717265705688,0.2830231688492442,0.5254032879125244,0.39860108302531694,0.7514967036730488,0.6597064204631113,1.619307232772318,0.9269953267841522,0.9408570726921682
2022-08-02,1.2635567158446912,0.8705442268240584,0.2837013394838415,0.5258820275944768,0.39920512461400576,0.7597067668004175,0.6589384042012871,1.6191735050573173,0.9264805274255992,0.9420700963706932
2022-08-03,1.2699666629946051,0.8686336683356659,0.28359914660976304,0.5087173234785859,0.40230974657893503,0.7518438199002221,0.6579219995634333,1.6253465243321097,0.9237257947047975,0.940015207559966
2022-08-04,1.2702343329901524,0.8681515100587724,0.2833566801152372,0.5069581037458095,0.4013736150476979,0.7500953112873978,0.6584928689998052,1.6254038652640153,0.924981937561598,0.9397889236450586
2022-08-05,1.2714036172477112,0.8657286985297753,0.2834849419746375,0.5063132646520969,0.40167485233198646,0.7484128305051824,0.6580163440718365,1.6262709226646466,0.9262328412939141,0.9386808604397272
2022-08-08,1.271819709938226,0.8647510840069714,0.2838052872129981,0.5058190448307627,0.4019608815058342,0.7481264620330553,0.6581701459941994,1.6270234457153818,0.9262296339283422,0.9390475538029585
2022-08-09,1.2713406987946922,0.8634161827881621,0.2837789464137957,0.5037702070503352,0.4021586658450476,0.747748676159195,0.6563597569039754,1.6274656794464035,0.9258348322514252,0.9374717405072642
2022-08-10,1.2705764005358915,0.8674074895567594,0.28207407357962727,0.5015378001668365,0.40241948050534576,0.7518273339288877,0.6538170504131811,1.6280451515988812,0.930568010270865,0.9329988971673066
2022-08-11,1.2706733183643453,0.8667585472548684,0.28240465254529606,0.5011187069456812,0.40247597834596954,0.7503696488681418,0.6531555960164283,1.6286139037465288,0.9302842755306046,0.9331948881440162
2022-08-12,1.2685866625066053,0.8676045587219835,0.2751445908132188,0.5008043632579846,0.40341962497553635,0.7520408678163629,0.6525754399159376,1.6258881048871816,0.93146330376547,0.9350721085198178
2022-08-15,1.268688828499056,0.8680833979508848,0.2752633270897947,0.49924823919446293,0.4042882616194312,0.751694603109731,0.6526693026550571,1.6252701888591907,0.9309967523655116,0.9349421938057886
2022-08-16,1.2679030027610128,0.8689885577956552,0.27509575765170885,0.49986521949440343,0.40428695016331107,0.7523643531774037,0.6521210662957608,1.6258085403895033,0.9306874868673845,0.933790682264952
2022-08-17,1.2652833261712209,0.8683698158034595,0.2765886562476479,0.4973421017183132,0.4053320145814805,0.7504557846252458,0.6527258336534081,1.6259965713652818,0.932263865688425,0.9338535330481216
2022-08-18,1.2617102367948383,0.8681188148936139,0.27385798022782004,0.49378106562246,0.40370656708299324,0.7484765407152304,0.6556751795330666,1.6271304350700249,0.9334336259681498,0.9328786414085727
2022-08-19,1.2616335996608543,0.8723258391658695,0.267880543031456,0.49469932481338114,0.401971007966609,0.7491123629844284,0.6550437975029846,1.6296238183696632,0.9360594009420825,0.9349174609914851
2022-08-22,1.2603085773344054,0.8715955585422962,0.2662450945366609,0.49245990762025477,0.3997730191099456,0.7517560985309859,0.6519627942317426,1.6320978564824464,0.9390709442290758,0.9367419397861613
2022-08-23,1.260610901966879,0.8706972425464323,0.26799118858007787,0.4834156111759714,0.40252186161322573,0.7474175854990021,0.6579641817520632,1.6303867326317532,0.9415954386712754,0.9406225612181083
2022-08-24,1.2605504976881512,0.87050934590848,0.26822452514894707,0.4833420098034712,0.4024720151813763,0.745503201972623,0.6585720080407158,1.6297429122733993,0.9412386529157755,0.9427807130160765
2022-08-25,1.2599927874456653,0.8734626599913478,0.2704672258367507,0.4819710587948577,0.40045808312507486,0.749565281983416,0.6576821876652071,1.63111160944705,0.9413589125490779,0.9426526739329808
2022-08-26,1.2572060697878584,0.8767724583495271,0.27617818060648,0.4794482498551349,0.4083507006284431,0.7555829035969295,0.6524997775702839,1.6272400894304335,0.9452631972979503,0.9449759183347003
2022-08-29,1.2591479159806789,0.8759105535959746,0.278011144645559,0.47346598840528586,0.40959492407172116,0.7548172204248518,0.6553129402654775,1.6275781970063627,0.9433315024560397,0.946066613515239
2022-08-30,1.2571306393201478,0.8753665988951678,0.27781028768090604,0.48389307021407113,0.4109284991872556,0.7600424635838858,0.6570813718354171,1.6236042920240217,0.9433778888100093,0.945276658900007
2022-08-31,1.257262017250719,0.8750717824480838,0.2785392531285327,0.4847310000172804,0.4130794080858515,0.7610439630132293,0.6575973310547081,1.6243453461900104,0.9431874681269792,0.9457875213992984
2022-09-01,1.2572103226440843,0.8754644521027252,0.28029592176185636,0.4833269688618377,0.4137275475152318,0.7601759021743432,0.6582048803135285,1.6245847391885897,0.9423168064092216,0.9450172594312252
2022-09-02,1.257212509422131,0.8745263342892653,0.28285400574592945,0.4769492287860751,0.41696575437586175,0.759128395498761,0.6589777605232056,1.6217137847319796,0.9407312951330095,0.9470931217775199
2022-09-06,1.2575227672313032,0.8741726011135101,0.28253477954995426,0.47761322547095886,0.4177712540706007,0.7589801207919374,0.6566229246154219,1.6220463812743033,0.9406844800015061,0.9454629854424206
2022-09-07,1.2526276314802258,0.8758034010632609,0.28164478234904167,0.46867888563917953,0.4206539379919481,0.7530551635838699,0.6646783450583507,1.6217921446923986,0.9475104655492643,0.947220248036963
2022-09-08,1.249554449661449,0.8785655155614516,0.282539551489119,0.46880275054167525,0.4205491906097453,0.7541172780077711,0.6642655725817452,1.6207044327659201,0.9452220149413905,0.9479169874305569
2022-09-09,1.24908902841419,0.876623163137672,0.2796413263249468,0.47114430955578934,0.4233010657301402,0.7617840967059895,0.6586570983238728,1.6210354730032073,0.9446933234221232,0.9452082686498972
2022-09-12,1.2509719613386736,0.8766969938569117,0.27801157234354157,0.47180909923688774,0.42479592318956166,0.7640960552537535,0.6582360808387173,1.6240915297788163,0.948489779336823,0.9435717039781691
2022-09-13,1.2559692392976562,0.8724120828881481,0.2915991427883489,0.4759412676828547,0.42660858306645766,0.772381640458553,0.6528012851285983,1.6246057198335047,0.9384184473414465,0.9430839671641413
2022-09-14,1.2559554865555809,0.8706939283311242,0.2926141005520407,0.47589444169662093,0.42673632757085683,0.7706480225303318,0.6530183998018418,1.6261109793979631,0.9384446382923232,0.9411376560124395
2022-09-15,1.2582995507293238,0.8646682226704853,0.291116192889818,0.4769957356575537,0.4285936893348237,0.7694670352592521,0.6602918101832638,1.6270744048195191,0.938988362687239,0.9486439890479512
2022-09-16,1.2586918251221373,0.8646990668563642,0.2886190670398973,0.4791007932988355,0.42714444685704006,0.7708903915518953,0.6616074528138549,1.6286547505943854,0.9377281049687245,0.9508872110127775
2022-09-19,1.2596523282840943,0.8663601363840051,0.2869358353487625,0.47628450314891735,0.4273093294333005,0.7700794452511949,0.6603291214151944,1.6297977060157485,0.936972306519805,0.9468165010018162
2022-09-20,1.2524896846688338,0.8633576180726447,0.2877214285862302,0.470032178381748,0.42601555667173213,0.7620919646816764,0.6658258104237152,1.6290140967847508,0.934917732742275,0.9510484012815212
2022-09-21,1.2524717033639525,0.8682250116071198,0.2897876580419572,0.47389985397388645,0.42811471047954136,0.7696560791321408,0.6692082596680622,1.62961377468842,0.9357196197517413,0.9529132556002733
2022-09-22,1.2511000452968009,0.8663555040127423,0.2878249072575546,0.46964365422470267,0.4271036705657836,0.7699001604467601,0.6707980803633941,1.6299491919272795,0.9371324780389472,0.9515827667854658
2022-09-23,1.251788120324534,0.8609106848404872,0.2845551757388715,0.4796505506115574,0.4265616018991581,0.7735196251059453,0.6757898883036111,1.6330340676535435,0.9372013764308987,0.9512094995566702
2022-09-26,1.2489714107827652,0.8628682304138552,0.28548704155261323,0.4831205664006377,0.42574819303792033,0.7739340839551959,0.6783506305566681,1.626964313555043,0.9391124321527212,0.9581097263993504
2022-09-27,1.2483493525752394,0.8642628175837583,0.2853336389716886,0.4837394192829437,0.4260866079908021,0.7747157053821064,0.6773586123421739,1.6270042875866404,0.9388952613818126,0.958160361934569
2022-09-28,1.2320457071989452,0.8715887877321906,0.28777623784118744,0.5019195339741797,0.4227909902403178,0.7900181413596071,0.6756008402251269,1.6296764775862274,0.9362755027089353,0.9630940166195622
2022-09-29,1.2423807670948326,0.8705839289380493,0.2898064116837645,0.4993562858261049,0.4293595164561374,0.7882777473120125,0.6818745848172892,1.626804952597014,0.9309702455958232,0.9654768918916093
2022-09-30,1.2472006894515433,0.8705232716634697,0.2878771861270729,0.4991740256914065,0.43073912582997104,0.7831787146665804,0.6871973590599451,1.6275118587808763,0.9247981155969048,0.960619979864673
2022-10-03,1.247667131539683,0.8726246105518083,0.2855307948778397,0.5127596469214182,0.436039665703999,0.7950815010068687,0.6964538840570355,1.623280347495719,0.9230407809573998,0.9626386628383157
2022-10-04,1.236755109699335,0.8888328366742727,0.28795362810099606,0.5288334554204726,0.4353069907491199,0.8115707448315064,0.6978136891000556,1.6184806673712973,0.9295141689074538,0.9578508163314324
2022-10-05,1.2365824344311231,0.887371439404961,0.28832177138931364,0.529656154310349,0.4356923405530865,0.8145074729679468,0.6996950652046776,1.6200443271587512,0.9296620664424236,0.9609427857196875
2022-10-06,1.2355206895945876,0.8894942292652042,0.29168353519463464,0.5253074304608932,0.43796332285691136,0.8130873967229642,0.7037331922257508,1.6171971053911038,0.9323369493946388,0.9650324091451715
2022-10-07,1.2375985166285357,0.8861886128092169,0.29212251773877185,0.5250801346340719,0.4400624636503424,0.8022309842890923,0.7101454635258034,1.61872461776785,0.9288660204689728,0.9576362816620602
2022-10-10,1.236074162442452,0.8865092751853373,0.29163392950530326,0.5285114171069735,0.44009556454886506,0.8005295490902171,0.7092679367549081,1.6180847106963383,0.9284520844891344,0.9585393475588615
2022-10-11,1.2373051974410956,0.8874298788310763,0.2894045939011978,0.5283275710962418,0.4401973137135506,0.7984173172796513,0.7067464612829005,1.6181310247418446,0.9283168367277246,0.9569044155981846
2022-10-12,1.2371430920960953,0.8861733324520296,0.2888565039943324,0.5279148501804201,0.4400184793710044,0.7979013102636716,0.7095118742969189,1.6176441979368228,0.9282306614756826,0.9578085806619882
2022-10-13,1.238078394993122,0.9058886020377034,0.29197792138511536,0.5381909528182105,0.4418741946322549,0.7979321043187346,0.701003107807622,1.5933175542371247,0.935316360610572,0.955065884079788
2022-10-14,1.2405564325349705,0.8879732004388953,0.29088336787172125,0.5445007687364404,0.4402064583615664,0.7968940203218703,0.7005486653309398,1.6067546388943152,0.9336352439674065,0.958819591147691
2022-10-17,1.2385049193168103,0.8959508908136786,0.2925937899413769,0.542603377568544,0.44369561478225267,0.7903499476678078,0.7049004364578647,1.615049913153309,0.9324916887612368,0.9754497261310251
2022-10-18,1.2366449996065598,0.8999161475764194,0.291562292547596,0.5413315046081292,0.44564724098738934,0.7922643135181968,0.7082819907684947,1.6156006872070565,0.9333560235394117,0.9728713920439095
2022-10-19,1.2348917872440675,0.9005325534923538,0.28903731911455377,0.536365391264076,0.4466127193940708,0.7897752865952613,0.7088737555290632,1.6176255694608903,0.9327670755248981,0.9782645409487484
2022-10-20,1.2342751261594078,0.8989672924461676,0.2885813258293628,0.5358911316121872,0.4477938825590989,0.790926390553429,0.7121867630995944,1.6167973400874593,0.9328167400422274,0.974087717634576
2022-10-21,1.233011353485242,0.9145648022973604,0.2956174396894273,0.5389314694985783,0.4492126592576513,0.8112850901141717,0.7111601966729957,1.615305731157875,0.9325260472969037,0.9656694263748594
2022-10-24,1.2327782616096101,0.9124779668059528,0.2978665290072545,0.5384151702730736,0.449438404407041,0.810174464992544,0.7145994395939528,1.6115165210691353,0.9214036058181876,0.9636657351491448
2022-10-25,1.232975267292543,0.9096119147588564,0.29558709386973814,0.5310737528332017,0.45094017764146843,0.8113366687946825,0.7226204137320685,1.606461598287148,0.9277428691942613,0.973793334656533
2022-10-26,1.2344346991618254,0.907069873064032,0.2937795847058079,0.5284252745359375,0.4489743839467022,0.8098929169238499,0.7218160807050112,1.6096510169413876,0.9239218670318111,0.9706267939850032
2022-10-27,1.2371671505723691,0.904682550793477,0.29265341567643327,0.5257801170846722,0.44820329624284344,0.8000123322713966,0.7213935450315623,1.6140297473955438,0.9248834317876501,0.9679299730555457
2022-10-28,1.255814560015142,0.898610001586835,0.2977334301007581,0.5332038562294906,0.45459267531051245,0.7999892158521104,0.7334034126332134,1.562941388591378,0.9301885051874542,0.96309821842354
2022-10-31,1.2578027572385309,0.8980823938928241,0.298258722103501,0.5330009437912374,0.4546672566886689,0.8012224232227558,0.7359853453831252,1.563703765784453,0.93121474796205,0.9653817119691298
2022-11-01,1.2591360511203895,0.896658566728082,0.2985778966112624,0.5317144534388718,0.4546136368380519,0.8002275642116503,0.7355510446422945,1.5678360222174474,0.9303504383686573,0.9665976824414877
2022-11-02,1.2621476038886272,0.890427152053241,0.3013114586886523,0.5377876339282974,0.45545871093489176,0.7994810910373651,0.7302573725838204,1.5721600366274768,0.9249493401195787,0.9620079573119451
2022-11-03,1.267633143955426,0.8890094710099176,0.30127715611748057,0.5375006397433401,0.45536907978015934,0.797230261797918,0.7277274722248727,1.572952044088595,0.9216989048723636,0.9580974693318104
2022-11-04,1.2631946683652264,0.8946574265802457,0.3016299936339093,0.5374204363392178,0.4585288559106415,0.8048320187339564,0.7279133768945709,1.570479311166041,0.9278691578307381,0.9539328911154566
2022-11-07,1.2616347813791664,0.8944263651759456,0.3033591082883326,0.5377302777970592,0.46029712636472336,0.8031496817266124,0.7223329521838184,1.5662531824290216,0.9290781133119573,0.9555000874139055
2022-11-08,1.2614400907099232,0.8937598613907256,0.30378850913684186,0.5371697508355553,0.46047408284308194,0.8018947745954939,0.7236496477660829,1.5649428905181648,0.928381551255903,0.955503862079477
2022-11-09,1.2646326051598398,0.8914586531469626,0.3045932206278093,0.5511923954467487,0.45816238296294676,0.8021087385564918,0.718888390971946,1.5698486011979134,0.9220540575767494,0.9516025077474785
2022-11-10,1.2810223184096028,0.8842722685890699,0.3005520267218011,0.5305143541880503,0.4684178332517685,0.7861157332874504,0.743022319356653,1.6033883311256463,0.9149006260662002,0.9873430218854059
2022-11-11,1.282159398814452,0.8831955213218075,0.29510941698349236,0.5344773597788337,0.4674483702171913,0.7874680001146777,0.7419721446760371,1.6083609663158531,0.9143986589718275,0.9826794822366028
2022-11-14,1.2814414263033334,0.8849996873668916,0.2911849977235416,0.5357374569364791,0.4672139661251539,0.7870564106413307,0.7433056937796861,1.6088704340692508,0.9128789752096905,0.9870146080667782
2022-11-15,1.2814179630641647,0.8826501954492154,0.2912291491949061,0.535523228704376,0.46590349361593697,0.7845676649364132,0.7445179332143543,1.6074603372479532,0.9118299454852309,0.9859454752501807
2022-11-16,1.2811776374444852,0.8822815272983081,0.2906759861434219,0.5363820121222788,0.46448596062081043,0.7863000873156355,0.7420249386315887,1.608533186417584,0.9109994236677497,0.9843709468631328
2022-11-17,1.281093144176603,0.8822502731294036,0.2904323899886888,0.5359549074664631,0.4647285691655967,0.7862550120196962,0.7433778646281739,1.6095827866532122,0.9112719732851342,0.9850652174842026
2022-11-18,1.2791788977164082,0.8835697930384998,0.29142472824165677,0.5357542124336131,0.46571016611385646,0.7869977087154577,0.7442995578679672,1.6057279341041566,0.9124337720531329,0.9866040315502029
2022-11-21,1.2804576125316134,0.8835613064125091,0.2911326453970521,0.5357554337794825,0.46484870765263836,0.7866380801783626,0.7439876251859504,1.606314184854885,0.9124208617040312,0.9861505599648703
2022-11-22,1.2799261973946714,0.8853600385050577,0.29057966574523036,0.5408088737229284,0.4656456674975895,0.7895244425578145,0.7424909116453955,1.6023056042538324,0.9128948685822877,0.9850565848241055
2022-11-23,1.279693500894503,0.88509322741297,0.2902295208205418,0.5387120525398991,0.46553776091114163,0.788251361897253,0.7436526856540323,1.6024814745986002,0.9132412586743273,0.9838376026059488
2022-11-25,1.2796700876069569,0.8855815223466457,0.2904345061618049,0.5386331162811184,0.4658676733069581,0.7879714788500649,0.7436099769995289,1.6025854881918415,0.9138434716039535,0.9833231069271348
2022-11-28,1.2802892261678678,0.882726992839475,0.2891148497201186,0.535147136120819,0.4651722314486677,0.779779984404533,0.7470587472967627,1.600584727263102,0.9152914873412556,0.9875526312403661
2022-11-29,1.279624956410393,0.8862055535980371,0.2895164353029537,0.5361285646893743,0.4643546750536032,0.7857336561180035,0.7426497826053635,1.601720665459384,0.9186173137948827,0.9846630328267537
2022-11-30,1.3020036434187063,0.8783382482738238,0.28399263695611676,0.522639274509966,0.46319115993198745,0.7749032141422924,0.7420796968305052,1.6049774532310763,0.9128694132345158,0.9880754630276518
2022-12-01,1.3043302696825512,0.8793737348115874,0.28720659692791917,0.5231907365725428,0.466682697939682,0.7745657811146243,0.7461424525226252,1.6055094573697632,0.9148853240897801,0.9917641262228579
2022-12-02,1.310685871288106,0.8773061877494748,0.29000183289405707,0.5196799598024968,0.4668162650561872,0.7706212172580836,0.7465819033480325,1.61160326895196,0.9129402698319595,0.9906739690405573
2022-12-05,1.3059238191235736,0.8795757503504681,0.29110501637125985,0.5254222784406621,0.4704486732585016,0.7728504246776804,0.7427149164262675,1.612637698905816,0.9105335098955764,0.9935554035477416
2022-12-06,1.3063733484693947,0.875740818597106,0.29003986286985317,0.5305165656839791,0.46662056848888006,0.7733734298753688,0.7393847986365483,1.6154010702137034,0.9091002220536066,0.989022414878974
2022-12-07,1.3036619569652836,0.8768442279643323,0.2913843737052088,0.5315369814968434,0.47114577722993783,0.7737584286286011,0.7399335040680329,1.6167844328338468,0.9099356319543848,0.989596623313977
2022-12-08,1.3027575225656747,0.8783026807653556,0.2907115617085776,0.5317219964052856,0.4714156873673381,0.7742828206561096,0.7400983656749939,1.6184984399603588,0.9099651295666048,0.9906479160996942
2022-12-09,1.3027450685620134,0.8787227280938031,0.29278013616460863,0.5330157697850373,0.47238155952587463,0.7760962921553154,0.7412891655829443,1.618763955603679,0.9104153308449399,0.990544615609253
2022-12-12,1.299424394254267,0.8816613237193159,0.29562791914665537,0.5369099916730767,0.47156381430250216,0.7815438262846146,0.7452362776393453,1.6218823478592512,0.9105198115669526,0.9906794893169548
2022-12-13,1.2977194274084558,0.8800779975831764,0.2992655471304404,0.5345294667248872,0.47356110865030554,0.7812571299716927,0.7487195881906774,1.6234168581191812,0.9132880713018094,0.9970939634016851
2022-12-14,1.2986697445077775,0.8817598643342338,0.3003688399592122,0.5351880017926773,0.47376181160080827,0.7821249887601823,0.7468104687783331,1.62455371773365,0.9137874890481793,0.9952478950149581
2022-12-15,1.3027004382572274,0.8894287974557589,0.3028988809575472,0.5395147975574358,0.4749144627843973,0.7841410218550475,0.7424748873010082,1.621508778247327,0.9169034778343371,0.9926371980174457
2022-12-16,1.298842241684025,0.8920088784439206,0.3060797390622319,0.5407200959150329,0.4773241512086961,0.7844035623934363,0.7457953973564029,1.6177699295352663,0.9162789153937178,1.001023183267584
2022-12-19,1.300582447063238,0.8877197443765875,0.3017950449431011,0.5366165745319859,0.4738081204163895,0.7811047219476868,0.7448451108674129,1.624412296765885,0.9147577950570094,0.9995420309574666
2022-12-20,1.3017526558551495,0.8863353242955684,0.30182048492602587,0.5348056177236186,0.4752180097015281,0.7773215339336177,0.7442726706861127,1.6249295789211768,0.9147116254592528,1.001995065589237
2022-12-21,1.304257510578472,0.8863975653203492,0.30641972188466293,0.5320425919058059,0.47867818850530575,0.781542172630772,0.7473615938604856,1.6262497484687797,0.9136237084355189,1.0090735672874025
2022-12-22,1.3050862984531792,0.8870942842804337,0.3062681784858179,0.5358289643755361,0.4756603482403797,0.7815016037996254,0.7493931252863274,1.6307800394460699,0.9118737087246118,1.0070190843352953
2022-12-23,1.3044616854382778,0.8872785093532172,0.3063437881565171,0.5388091881797061,0.47542230563954585,0.7802564419776525,0.7507168813222821,1.6328732441918514,0.9111568303815486,1.0078411880437148
2022-12-27,1.3037235538680327,0.8886009691907423,0.30539008837813797,0.5370875933983205,0.4735945546041259,0.7822645565301243,0.7517203460581421,1.6415239381761386,0.9112649922177738,1.004683731330323
2022-12-28,1.3066482853974255,0.8854970060696638,0.30565437417320823,0.53964725678457,0.47510294208257325,0.7837648796406975,0.7520292947791481,1.6403318341888793,0.9110838970039336,1.0071523314132045
2022-12-29,1.3084475178481538,0.8824353160849066,0.3051484491944583,0.5385747044098952,0.47341002716290287,0.7800371850607619,0.7512334813936833,1.6411297123900284,0.9094490636017069,1.0113587120361551
2022-12-30,1.3081588927444117,0.8822274382073938,0.3054897771258186,0.5380325172903542,0.47332237612668127,0.7799158261703056,0.7517549268159525,1.6411253172234912,0.9097078674585027,1.0118069318134548
2023-01-03,1.3100048969780294,0.8816417271161944,0.3047391035730557,0.5402208607661545,0.47341269122323715,0.780103319020918,0.7516939530228676,1.639248424374761,0.9111611505182318,1.0117349206800297
2023-01-04,1.3080057037510262,0.8800806492050164,0.3058281670461453,0.5356480835008165,0.47439918481238696,0.7811712331810785,0.7548524097535855,1.6349595649316844,0.9129931493550356,1.01938004034792
2023-01-05,1.3071431294467573,0.8780843977217097,0.3066844785543614,0.5306560876767338,0.4757448440169121,0.780364731375058,0.7574918165636317,1.6357014942129031,0.9177462438302498,1.0238119271537394
2023-01-06,1.3096156659758342,0.877188632151973,0.31073867328204335,0.535881911853515,0.4851619424337108,0.7938857057680707,0.7564835017310844,1.6398249354904024,0.9301827700612729,1.0278158958470285
2023-01-09,1.3095277867245902,0.8772525139519397,0.31082917729019505,0.5360595808940989,0.4851756075868723,0.7939670168481956,0.7562722090837952,1.639737285267023,0.9300046430754031,1.0278077158346302
2023-01-10,1.3092971270690537,0.8783734562283646,0.31101318291760977,0.537611669001536,0.48465169061710445,0.7958075027218395,0.7567965519093856,1.6422676434262375,0.9290221422764438,1.0261064146404313
2023-01-11,1.310317458582861,0.8775104298071139,0.30957516002440405,0.5379787534774405,0.481156870263588,0.7932430998230149,0.7553354202384461,1.6508284305775538,0.9314967206697871,1.0326949810971326
2023-01-12,1.3091818381225777,0.8784243783265103,0.3114517519143665,0.5329902307507376,0.4833640637138285,0.7968257923554527,0.7554506564820419,1.6490318539714008,0.9321389772074836,1.0347164856011175
2023-01-13,1.3096249545992638,0.8798873821721813,0.3116470813184493,0.5329942813954769,0.48370081102354195,0.797045235270275,0.754773618327322,1.651158143877789,0.9323497155060091,1.0343401355836903
2023-01-17,1.3092232740228915,0.8828900077386562,0.3113489101435263,0.5326055575448441,0.4842682851154162,0.8044758025207056,0.756247082654115,1.6516217820892933,0.9302049199815428,1.0377071618597695
2023-01-18,1.3052411620614373,0.8886690121685548,0.31426288984983797,0.5360623754386381,0.4890817162636399,0.8048531653622507,0.7597656722825569,1.6462460013891373,0.9314623662373137,1.0309971018646409
2023-01-19,1.3054942113658776,0.8816284310597092,0.31450691174819717,0.5424923077429078,0.4880947983340974,0.8125378641472519,0.7578207764624427,1.65027370651794,0.9286675383281825,1.0385535959655867
2023-01-20,1.3023572379820598,0.8757181239953342,0.3108107035345896,0.5448547848587487,0.49230317925667405,0.8086423305237598,0.7534328253084643,1.6528269682579932,0.9285724060449086,1.0380123827718428
2023-01-23,1.3047249545358344,0.8770234344291417,0.3085578722066465,0.5430127739832824,0.4903134801899862,0.8061979477254811,0.7570538379376008,1.6475463760691516,0.9262561102941826,1.0437122800160856
2023-01-24,1.3083900480360195,0.8765693615909402,0.3096008650957125,0.5407129110051375,0.49451622122721883,0.8067725099175066,0.7578605390932461,1.638811041273376,0.9260819207217842,1.0526921289869955
2023-01-25,1.3088509335673064,0.8767625222921239,0.31027525841547166,0.5404585281886218,0.4950094310584201,0.8068970543136383,0.7584640653844245,1.6383062136557986,0.9262471198686856,1.053567596837209
2023-01-26,1.3098209509825913,0.88038197643465,0.31540349124467104,0.5534489501784832,0.4922797278438709,0.8094130690709531,0.7411505742101199,1.636753027554608,0.9265511160199299,1.0585157677093844
2023-01-27,1.3103039670385965,0.8806095242716311,0.3152873706799496,0.5522345915508217,0.491885164983814,0.809672030278098,0.7398813383375293,1.637830651563663,0.9254783657395629,1.0587427458568657
2023-01-30,1.3113525676324425,0.878859582383366,0.3239080081361522,0.5562637157867478,0.4905492291864186,0.8095789472822221,0.7395818569635254,1.6379678554656063,0.9238066898629671,1.0578812761291392
2023-01-31,1.292685772900956,0.8824373904628318,0.32525874652108083,0.5648820300949308,0.49254998879701284,0.8282505823527394,0.7431902581490017,1.642088768324111,0.9297508840280653,1.0493603581733684
2023-02-01,1.2910790060699837,0.881322733070218,0.3273750102706643,0.5626393740859315,0.49580498741416756,0.8293998966410806,0.7197125943446128,1.6398773770121167,0.9300257110075741,1.0524709709185571
2023-02-02,1.2969632236232878,0.875390726450658,0.32836640868989525,0.5447245378395432,0.49308097010914975,0.8196945322212176,0.7236814093461656,1.6527581349409788,0.9269163315350507,1.0590570339029832
2023-02-03,1.2912005669292335,0.8738964580212812,0.32744238175120377,0.5444446215252919,0.48934119926397834,0.818216802628586,0.7246968180158552,1.6677302917455838,0.9309071023074443,1.058376117849502
2023-02-06,1.2983947737051227,0.8781066329218761,0.3313665880840078,0.5443885346965337,0.4989867611177438,0.8152089278316464,0.7198003586348599,1.6522708879944346,0.9262497564212875,1.0663198991200489
2023-02-07,1.299762176650997,0.8762343695299645,0.33121861806731084,0.5472100182423923,0.4971031071276004,0.8124960864327162,0.7194030232410368,1.6353602144338673,0.9381071268087916,1.0635297048909451
2023-02-08,1.3004191048846276,0.8761448222495137,0.3301720481106258,0.5487939658762332,0.497666279881994,0.8121664809365979,0.7204706642003412,1.6360823864044192,0.9377759234938535,1.0616401765722583
2023-02-09,1.2986060494661036,0.8756316772198617,0.33179844715499407,0.5526954709561298,0.4995490792392707,0.8128204636083419,0.7245144580748463,1.6350738505168743,0.9376161448407117,1.0644759499463372
2023-02-10,1.3013627970948938,0.877990139452397,0.3332382303031402,0.5581994853702632,0.5022839592057897,0.8136318571738337,0.7239699617392478,1.640991838789307,0.9364630022589675,1.0612139974095
2023-02-13,1.302092178804735,0.881724445600125,0.3313128379658803,0.555155757603156,0.5019723663761632,0.8152181521204692,0.723639761738983,1.6467102863704068,0.9451570663541891,1.052758461023361
2023-02-14,1.3035370871719854,0.8828902484943505,0.3300672488952847,0.5662910798469092,0.5033495518593436,0.8169888577198047,0.7258710908923944,1.6454721035582938,0.9357502266970147,1.0546690607395175
2023-02-15,1.3044475798349517,0.882584234583015,0.32847485182713293,0.5650033496076091,0.5034960187746206,0.8173921586342967,0.7264606353222473,1.6472672548543428,0.9352707026479872,1.0542869907666674
2023-02-16,1.3019525666797305,0.8828537435764452,0.32765484912332865,0.5709518734308495,0.5069641028130176,0.8161184236538213,0.7307988761488609,1.6533396252057864,0.9352111336980176,1.0582129269279639
2023-02-17,1.302195182558511,0.8825950218784998,0.32668041368167433,0.5726905700551853,0.5057750463033825,0.81585625093513,0.7304823298838407,1.6533182001042563,0.9353016302380794,1.0584543963824724
2023-02-21,1.304693543712327,0.8812350338319174,0.32994834941454043,0.5729006040486175,0.5106481965665576,0.8104201177453546,0.7428769748482983,1.6559768106883725,0.9268100857094481,1.0615951331895774
2023-02-22,1.3045558155696524,0.8827060703490514,0.32896248622583124,0.5721784252350158,0.511050221948013,0.8095272430796241,0.7414818494514192,1.6555129831001443,0.9286489134548204,1.0619729825778825
2023-02-23,1.303374215007649,0.8842446505150097,0.32695076864533784,0.5712388335976862,0.5092948758426098,0.8095382012277539,0.7403865995840453,1.6551425790883705,0.9248032562756532,1.0639586805809138
2023-02-24,1.3035376026894376,0.879323366860864,0.3304982838829723,0.5745557595871642,0.5083959375748366,0.806322388685202,0.7367887480311271,1.6548090430046203,0.9167860097620345,1.068490074380519
2023-02-27,1.3045724115875437,0.8908241842907628,0.3368389941793468,0.5805114961721779,0.5175734083534923,0.8135270364458927,0.7275609002778707,1.6489570319463462,0.92549812192765,1.0683784549272075
2023-02-28,1.311248152611603,0.8889082665429078,0.32037561714038765,0.5759219172331304,0.5053062460675981,0.8163671592022274,0.7254625276061724,1.6564698058258747,0.9162279534322809,1.0631443890355947
2023-03-01,1.3120850468817933,0.8875807235243834,0.32033290400510306,0.5753941076218143,0.5045463933766663,0.8132127497777647,0.7273221239268818,1.6576520358524833,0.9150913533185391,1.0636729730765915
2023-03-02,1.3135842371839135,0.8784135573876842,0.3203230982569949,0.5796896368551966,0.5039848831438932,0.8101496405105147,0.7313783595589598,1.658979621033784,0.9082227019178379,1.070921513683721
2023-03-03,1.3190185877987628,0.8781691925828853,0.3195756308992914,0.5785443742314219,0.5058468326974472,0.7968946249347554,0.7386695343656016,1.668442823553619,0.9093924526275651,1.0737519081158249
2023-03-06,1.319696925407311,0.8777924199441778,0.32119793030586247,0.5793187617634036,0.5063607005968326,0.7980679817188769,0.7405354430596148,1.6666907400263908,0.9086432889970891,1.0754542759140113
2023-03-07,1.3170582605028092,0.8793355594325017,0.3236113437487207,0.5882348743860657,0.5109243257142252,0.8048156493610663,0.7431311626735047,1.659844176169257,0.9061325070564291,1.08043787725476
2023-03-08,1.3251912713895206,0.8720337197391717,0.33728150587833655,0.6155655627199081,0.5111691773036932,0.8198759708585731,0.7815415219669135,1.6564984303231518,0.8998613123991471,1.0910138396645281
2023-03-09,1.3217650420669456,0.8848035670055686,0.33666248212666344,0.6161770828327078,0.5058851764891616,0.834888869024776,0.7762448218277469,1.652198033936405,0.9040994165014731,1.0936432697149987
2023-03-10,1.3201100686175804,0.8668609131948575,0.3368892066875921,0.6528420229919295,0.5025144283471954,0.8583463184162905,0.7949881903143396,1.6584782185831772,0.8784619489574969,1.1007054787017865
2023-03-13,1.3181882056013676,0.8666501598327582,0.33689447252381927,0.6554432146793836,0.5006451589107023,0.8594675497186824,0.7949665590546976,1.6623907687350574,0.8770343683452279,1.1010224944089038
2023-03-14,1.3140523220330582,0.8672105588168536,0.3375857289762639,0.6533122750474633,0.5005742119896736,0.8619841215770371,0.7960418013166304,1.6655632018238509,0.8793566627388625,1.097745450841095
2023-03-15,1.3103555296418026,0.8745432090580791,0.33908996782199713,0.6549511058438452,0.5005205888686682,0.8671303538958887,0.7944470277795113,1.6606505886320069,0.8858153918241901,1.0988446831566694
2023-03-16,1.3083656668289538,0.8762685491741175,0.3289960998163383,0.6776636853291452,0.49000982905421203,0.8698893263162274,0.7861811138389788,1.6628020377531645,0.8834023007357706,1.097390268160461
2023-03-17,1.3070301905815473,0.8715344231618415,0.3371784666894448,0.6874595898379328,0.4949678059123644,0.8806121518980602,0.7906758501283612,1.6601432330221548,0.8800102054951511,1.1042682761639788
2023-03-20,1.3100224671198344,0.8715722456519095,0.3362031090481843,0.6866600919172444,0.49753105058760244,0.8799186676860745,0.7919490426625089,1.6539268028437835,0.8818165228882815,1.1052768004726476
2023-03-21,1.3075175707417657,0.8777196440073564,0.33847216290902615,0.6980825379497491,0.4955678055777015,0.8853258803825717,0.7903817225219997,1.654590441665196,0.8814338200367955,1.0989536067802825
2023-03-22,1.3039786304160355,0.8811915598130123,0.3422405835750605,0.701977050497264,0.49338749329956144,0.8877512587774338,0.791423303568292,1.6518587110811886,0.8792523199335055,1.104084173992358
2023-03-23,1.3029441483775637,0.8784321425353666,0.3440209304779874,0.7040831040093221,0.4927655331042386,0.8907014530881181,0.790182693296257,1.6509270449803053,0.880790709318496,1.1068854600778484
2023-03-24,1.3081563507630096,0.8741607737442121,0.3451104277599944,0.7085952410181621,0.4944420380949821,0.8905934628398053,0.7938308792545683,1.6520086199711652,0.8800183959733803,1.110113903028626
2023-03-27,1.3066697850696498,0.8768556610007924,0.3451092048289831,0.7116786561278118,0.49574425231389185,0.8943035267668287,0.7930660436280512,1.6577871618637583,0.8742869931100964,1.1166990806092434
2023-03-28,1.3070673662709136,0.87634339874897,0.34446406288667686,0.7096772068212915,0.49474688034917824,0.8940555028454423,0.7932356251187089,1.657961963506447,0.8745836957299903,1.116324355944113
2023-03-29,1.307952928952612,0.8754135327638624,0.34542831566425947,0.7160689839101388,0.493157352563308,0.8958800108443102,0.7932574901686804,1.6581392016167082,0.8720846000630906,1.1179711875172467
2023-03-30,1.3075520678685955,0.8765666987996515,0.34636268972689216,0.7197104216190993,0.49233626183620255,0.8996389027679087,0.7952455194538579,1.66331256177748,0.8720262874995501,1.1159405884478935
2023-03-31,1.3066805887988269,0.8764135699501726,0.34925231479115176,0.7189595702769241,0.4922077346994425,0.9026436798661731,0.7954525346571023,1.6597474417931628,0.8716407576358239,1.1184538608318997
2023-04-03,1.3074950609238294,0.8713613607833988,0.34796784731081637,0.7216142374713219,0.49167810674210893,0.9061571913251716,0.7957296169183526,1.6607130908682037,0.8701232277336549,1.1180656086962255
2023-04-04,1.3075579409055003,0.8730151674096234,0.346338429584426,0.7222222848689406,0.48998144591411136,0.9125037146764063,0.7939599915024176,1.6581580457130614,0.8693217137413226,1.1154391135324562
2023-04-05,1.3059000144065795,0.8733489316720544,0.3463849165269304,0.7226673398771873,0.4913477728947736,0.9136811436398788,0.7944547018646342,1.6564395979252393,0.871410590339615,1.1192023902838009
2023-04-06,1.305263524665583,0.8727891564564504,0.34855665139855485,0.7216123052238919,0.4937943340775915,0.9095359660411428,0.7989301790108776,1.655908935680392,0.8738310120226092,1.125976034480765
2023-04-10,1.3037966921374973,0.8718291403794622,0.3536070526982171,0.7243112084905978,0.49690562673186534,0.9117953220782347,0.8004277170307008,1.6532347976470922,0.8715936978591108,1.1321848015614355
2023-04-11,1.3041291642864454,0.8724553433134126,0.3539387668986275,0.7233010011473193,0.4959751610553734,0.9123601874937758,0.800133234052412,1.6542385685970449,0.8711666011472348,1.1331719052769522
2023-04-12,1.3036981684606004,0.8730979094291252,0.3541141675393626,0.7241968410599089,0.49602168914246403,0.9124636177013293,0.7992620548827016,1.6545265295138896,0.8707721181094942,1.1328051283014482
2023-04-13,1.306596373770827,0.8744030130259051,0.35433894541358163,0.7151111359295645,0.4969172397611257,0.9138114601111682,0.7961255928206716,1.663186409584775,0.8731082334500816,1.128149501613773
2023-04-14,1.3075142142097063,0.8710227953905068,0.3544721769905305,0.7163174274623598,0.49699386024763426,0.9137544149458351,0.7961344704513577,1.6632368490462708,0.8728460796071031,1.1288266824183493
2023-04-17,1.3069393047620796,0.8804483585395364,0.35424164018004073,0.7143517169332287,0.4974887962344045,0.9147270655073533,0.7991785855036314,1.6601403514987334,0.8717687601336431,1.133413927564711
2023-04-18,1.3037868943716613,0.8807509935726852,0.35382393594609995,0.7188785812855395,0.49760093032349156,0.9268723238672261,0.7992754903654015,1.6592412891773485,0.8735335654934603,1.1335838527159003
2023-04-19,1.3037825621679842,0.8807490002611611,0.3538195402062569,0.7188805521515919,0.497602625912872,0.9268724915759948,0.7992723942927242,1.6592253679112292,0.873533984176817,1.1335747130800424
2023-04-20,1.305884609255515,0.8787830792235916,0.34512461754311524,0.7262538624173981,0.49474460130938996,0.929155945134344,0.8026110548769101,1.655759122235857,0.876450398838463,1.127460192028775
2023-04-21,1.305656496523782,0.8787352835363368,0.3450453962972914,0.7262787327221641,0.49557271961628924,0.9291401998589651,0.8026288243292309,1.6561939210135945,0.8765099040921427,1.1276259397989423
2023-04-24,1.3094983187254228,0.8799713609757249,0.34584674634804524,0.726172305270054,0.4973742547024086,0.9301371849148384,0.7877994203539465,1.652756061476293,0.8782154887590864,1.129340250245692
2023-04-25,1.3104645785177358,0.8799125554459493,0.34134764784674454,0.725749350233282,0.49780119554479274,0.9111714479111276,0.7846878278340085,1.6654718235661967,0.8636392621199968,1.1405708787908144
2023-04-26,1.3102668673147808,0.88168541505806,0.3397634507072643,0.7308186092822103,0.49792500102361703,0.9121852595244097,0.7884246488076044,1.6628908327014644,0.8629750365820373,1.1424432450807538
2023-04-27,1.310644026571019,0.8770718340224314,0.3397770832923977,0.7396576563918436,0.49721850731651235,0.8997825595369209,0.7999430982923508,1.6691312984610907,0.8515679348638937,1.1553110827205357
2023-04-28,1.310255651499487,0.8778244512094558,0.34064063280433116,0.7394217712933694,0.4966241099297755,0.9012106182446552,0.800713681972087,1.6613359134330494,0.851595585974966,1.1574552485879024
2023-05-01,1.3043174073241244,0.8808600875278537,0.34093478182326525,0.7346786908822355,0.4902491949503988,0.9156934998279387,0.8090191938649051,1.6586333048456783,0.8492868784140967,1.1556500270789007
2023-05-02,1.3097681496817082,0.8816306421928941,0.33527361734265426,0.7444518360639722,0.48937031102487577,0.9328994399685541,0.8061682600440061,1.5926771556287056,0.8629038449697426,1.129944415771715
2023-05-03,1.3101154968853561,0.8834927246790737,0.33811328370098986,0.7457692279371398,0.490943236465479,0.9315040672404126,0.8088902710499393,1.5917908001868488,0.8648312916735925,1.132523878884125
2023-05-04,1.3099624725696568,0.8830383483888078,0.3387203017514222,0.7461481302146087,0.4927138163820378,0.9338746231306626,0.8070656092176846,1.5904986503881344,0.8653739007275069,1.1314020807493501
2023-05-05,1.3174146051624638,0.8803109220573765,0.33718259411354595,0.739907981173684,0.49501861461903307,0.9272950910891854,0.7965153663651706,1.6061000357576867,0.8651116163312508,1.1513910693854106
2023-05-08,1.3105518395152795,0.8845614717016165,0.3321687942134751,0.7474288136991861,0.4943182433214076,0.9294403339320374,0.8048957409036825,1.5926537453479428,0.8652522822762201,1.1465279217402622
2023-05-09,1.3123513634796846,0.8850261517975054,0.33275990944277667,0.7493395177805615,0.49660474847166225,0.9295372985445982,0.8067129426845362,1.5906102889060607,0.8642063106808197,1.1445794453633704
2023-05-10,1.3184024406978427,0.893338498222663,0.3441437725619063,0.7098191002538735,0.5056948908280917,0.9226458682478398,0.8087431753595152,1.5921350757729709,0.8646377772857223,1.1296436580498181
2023-05-11,1.3176660150058215,0.8947737958264792,0.34437105480442687,0.7103871081498284,0.5058853656695721,0.9241222678243837,0.8097542336623479,1.5914377616861086,0.8651131882480458,1.1330690620078732
2023-05-12,1.3069839906229352,0.8980934390822779,0.34460839454677583,0.7215384521040628,0.503398970513138,0.9333490969867823,0.8143685349551023,1.5898933336056564,0.870751275768345,1.13504167927779
2023-05-15,1.3057666449412226,0.8983764240276766,0.34448016869429166,0.7216176355967209,0.5032151614759781,0.9333506896181173,0.8131704768313436,1.5906265584065151,0.8704408049352639,1.1349953536528097
2023-05-16,1.304600647142169,0.9053099001656674,0.351231345907392,0.7186290125939975,0.5037319256837594,0.9435073276372865,0.8161652044329736,1.5765563190396108,0.8692596071160624,1.1341726597440422
2023-05-17,1.3009436299918682,0.9097819178935818,0.35047827589042574,0.7241305788053195,0.5021631709995813,0.9480900254235775,0.8126466039608566,1.575265839184623,0.8663311709809456,1.1321054489695956
2023-05-18,1.301730263850052,0.9033179286029813,0.3503233201612065,0.7255330481852865,0.5035679442816356,0.944741956396267,0.8059104555007693,1.5728800027128917,0.86107705667566,1.136602420505712
2023-05-19,1.2975741847313442,0.9204722193878285,0.34656862849650877,0.7369301173060638,0.46514739453728887,0.9573005118203073,0.8227597247237265,1.5659358640278787,0.866973871225645,1.131941745684373
2023-05-22,1.295185744442485,0.9191606164111521,0.34571902044028346,0.7382462184008504,0.46250994094702025,0.9572929964176663,0.8223518434421737,1.567490568636046,0.8679549593373145,1.1329988787912946
2023-05-23,1.2955204405568947,0.9193212543733349,0.34476046981101044,0.7327371979997264,0.4640273191244783,0.9563302144914376,0.8214799465094612,1.5629805351176675,0.8744090259271267,1.131145751195552
2023-05-24,1.2873507501897012,0.9014847802775678,0.33841735382061644,0.7267706816435778,0.45898228891572207,0.951796344144549,0.8189139842809456,1.5706604380893012,0.8729118671202273,1.1393349173827032
2023-05-25,1.2845977437397826,0.904310956067943,0.33787180059055816,0.7240244724934022,0.4609938515894397,0.9532216013611822,0.8220438892425911,1.5614633911597653,0.8736052922820191,1.140029388088793
2023-05-26,1.2860857584262293,0.903918139095043,0.3392265135235904,0.7166549344527379,0.46359229766539506,0.9503110781855411,0.8241662622767847,1.566043449800048,0.8747451621677628,1.1450567173025528
2023-05-30,1.2874149277471822,0.9043283031332325,0.34236726857038957,0.7217088372278322,0.4638898452335414,0.9509749757122238,0.8300889789162714,1.5620541242019566,0.8763805276904663,1.1466528782820038
2023-05-31,1.2818171811129664,0.910262609517429,0.34067405739471335,0.7285307847816644,0.46195456185813005,0.9552950216588578,0.8180215784684719,1.56340426361868,0.8722173073079944,1.138819368817991
2023-06-01,1.2826820822438993,0.9131026205798981,0.33843192174161674,0.7276274542599498,0.46282887841902814,0.9567945776147692,0.812240677797208,1.5716857288583554,0.8707406149070934,1.134211180710335
2023-06-02,1.2793224055900436,0.9136066656691686,0.34085997243376326,0.7357735795376981,0.4643880556447052,0.9822042448314457,0.8145568630502088,1.5722794669047837,0.8693856852851809,1.1341782899618622
2023-06-05,1.2827693837165213,0.914500194850645,0.34414460103527855,0.7426039623553095,0.46361946957830874,0.9860823753393524,0.807905201207891,1.570683448563629,0.8563748403413731,1.1306559022300107
2023-06-06,1.2755093352024882,0.9147332717397881,0.3448118531721652,0.7528938851315743,0.46256181071045566,0.9979917397570245,0.8136309510614096,1.5711336658246073,0.8596059844516422,1.1322822878979675
2023-06-07,1.2758174150611141,0.9139688060923861,0.3445071157249459,0.7509087290666561,0.46256816702036685,0.9939333125524811,0.8111218314808714,1.5735622117982173,0.8580988200232744,1.1302782913147604
2023-06-08,1.2757358076138499,0.9145889515610184,0.34398966836328926,0.7414255312583157,0.4622466815932943,0.9911476198117946,0.8145631564439304,1.5820651251203777,0.8589809121521738,1.1252040278849658
2023-06-09,1.2777684227227395,0.9129616962592331,0.34349191838405396,0.7462137670302703,0.4603482734698785,0.99686244726348,0.8125055150481509,1.5824447352237443,0.8557349201569407,1.1180866251043673
2023-06-12,1.274861877803047,0.9112451319124173,0.3361890216450138,0.7405076086482119,0.4537417439520504,0.9956898868790948,0.813489395686504,1.5824405835604316,0.8489909187994472,1.1163341630821078
2023-06-13,1.271403507877052,0.8972728584828014,0.3391373552483995,0.74191941214177,0.4595420592952217,0.9929642625347096,0.817304427099871,1.5737418028226076,0.8527019037443229,1.111963130808396
2023-06-14,1.2815116055660656,0.9017152356744478,0.34250546891191985,0.7249431043183602,0.4508077392999454,0.9925745098022744,0.8034191504517139,1.5799413229710875,0.8545368917888493,1.08068296226313
2023-06-15,1.2812842375604108,0.9001744424480694,0.3436872977260786,0.7249182971545105,0.4498824494471922,0.9944198063198101,0.8033722476751599,1.575234873608132,0.8512897423263546,1.0804172860608217
2023-06-16,1.281189863115965,0.9003593302698496,0.3411148670299676,0.7335857744585522,0.45475993069072373,1.001448172429745,0.7919735748085909,1.5657517015032716,0.8506819044599248,1.0680137512527117
2023-06-20,1.2815305937992176,0.9104399274902598,0.3510720095082094,0.72511809461286,0.4733757827931275,0.9843323584588021,0.7770096988518506,1.5760205837675771,0.8466896310114086,1.0746564581527998
2023-06-21,1.2811382427935207,0.9102343832964395,0.35114900403475297,0.7251675902764098,0.47201833775512303,0.9839104558802791,0.774327918254971,1.5750471370625,0.8452054272430729,1.0745211447035241
2023-06-22,1.2815002073573438,0.9071926568230204,0.34402878179764723,0.6971647547607596,0.4606322792234433,0.9854720447469654,0.7683059839137011,1.587382651808111,0.8411819592210711,1.0778956146266772
2023-06-23,1.2797344345339474,0.9066742818722184,0.3443910927716227,0.6960931279246636,0.46285192114138884,0.9845161264929043,0.7711241729528768,1.5863203846469363,0.8410530150107448,1.0806800552425848
2023-06-26,1.2780152871034753,0.910553464944931,0.3410901456496478,0.7020176623664237,0.4570791173609452,0.9963426127683315,0.7641676400764948,1.583472178502874,0.8437994501360022,1.0742548025767904
2023-06-27,1.290093175265011,0.9062069941404574,0.33572169794321916,0.7020419118005781,0.4579436671542311,0.991849031556639,0.7701248634568445,1.5925376727307943,0.8485839668503975,1.071887875953545
2023-06-28,1.2902270373390188,0.905795679398168,0.33581089735355574,0.7042014595753266,0.45737754914165835,0.9929584819710232,0.7703602622158564,1.5904586193286945,0.8467375140891671,1.070485240233271
2023-06-29,1.2872662999671058,0.9160843346949409,0.32467421024300336,0.7280169977871823,0.4527977644543667,1.0036543950187402,0.7677030730584835,1.5780477846404943,0.8511798579789882,1.077130303950634
2023-06-30,1.289782204133668,0.916620389818635,0.326244329960934,0.7254240172139964,0.45624104554371764,1.0011894266661794,0.7706601864119837,1.5785320545400654,0.8490537470892541,1.0758673609111227
2023-07-03,1.287816085599221,0.9127011664859538,0.32765818529186364,0.7198071287580032,0.460089673959582,0.9967671089645684,0.777314970878722,1.575712701585479,0.8473121960870189,1.0770078377923404
2023-07-05,1.287585920483926,0.9124282112790096,0.3255873990049945,0.7163594272251812,0.4571341016769437,1.001171635232155,0.7679463585585852,1.5714194872353346,0.8538391662714471,1.0742997940621517
2023-07-06,1.2843360177740037,0.9133505663364555,0.3268252076599657,0.7247260222459033,0.45697731207584247,1.0043257214440322,0.7728699653267981,1.5711750119019499,0.855624890719312,1.0738376022018357
2023-07-07,1.284237705237181,0.9132701612753787,0.3280516230758136,0.7261087849891339,0.45821329429238145,1.0033949279225414,0.7735595005882265,1.5695393799005373,0.8546834569169943,1.0745472118884212
2023-07-10,1.2818930298724185,0.9091343778712401,0.329380416267173,0.7187423376998628,0.4609598757014895,0.9921564814055792,0.773556692389431,1.570688413250751,0.8608330289766277,1.0769441461929972
2023-07-11,1.2801193460738245,0.910475890962644,0.3281645252856276,0.7198975472439104,0.45936026043450395,0.9933207220876742,0.7738971905617533,1.5709253143109383,0.8593872573590473,1.0774664548813282
2023-07-12,1.279810676024734,0.9089228135761785,0.3287273758753495,0.7205081294980499,0.4637380950104908,0.9882770801143362,0.7810759577607834,1.566921506981648,0.868578325278858,1.0837395019618496
2023-07-13,1.2831920855072148,0.9104915092578301,0.32643574634652384,0.713324766739617,0.4618826481234699,0.9895010313678232,0.7802110757796306,1.56757574074316,0.8671073994315346,1.08559318342649
2023-07-14,1.2834989262471779,0.9093495175253645,0.3260219524451456,0.7159264554889944,0.46270513513497735,0.9895198774502224,0.7815952658152286,1.56981886812824,0.867945318420452,1.0857561357652543
2023-07-17,1.286891623268458,0.9076857672701124,0.32582736366022375,0.7141846245666876,0.461835011047552,0.9876379570574585,0.7809473752208691,1.5693240884638298,0.866469733848502,1.0837623781633667
2023-07-18,1.2918827156689252,0.8928201520971466,0.32104188839778813,0.7111038591273852,0.4667203103492777,0.9904324098380868,0.7948202304833969,1.5683171528570998,0.8600976943886929,1.075157981944977
2023-07-19,1.2895345560384532,0.8919608867523076,0.31619450302849605,0.7172314838255107,0.4649504168228056,0.9922251112515833,0.792849281259155,1.5727174176181626,0.8606335911847951,1.073272675950921
2023-07-20,1.2968568759543624,0.8888708839993502,0.3202908683645839,0.7089056459675585,0.46843851147806814,0.9824471312119318,0.7880424135633753,1.581888986163025,0.8507727509831833,1.0546910149981712
2023-07-21,1.2960994016858602,0.8898971777207165,0.3213025518725557,0.7079223841083185,0.4712956749911852,0.9832160508722901,0.7895848303400099,1.577482929284401,0.8529397301528892,1.0560751667534776
2023-07-24,1.2954560033042735,0.892089751208936,0.32156309832188745,0.7153978013988562,0.4724086937839417,0.9847069458271794,0.7889112487102233,1.576051880270275,0.8513982519701511,1.0571978596234726
2023-07-25,1.2965088392512947,0.8921250186501146,0.32413126976279244,0.7148995112618469,0.4780517271177992,0.983702624588778,0.795761833027518,1.5752477821956208,0.8527293592913132,1.0625857465994502
2023-07-26,1.296603839342398,0.8919642488360883,0.32405114025044884,0.7143688601752072,0.4779021089910098,0.9837303669206898,0.7958930652653461,1.575662515464977,0.8527670932163095,1.0620959451832388
2023-07-27,1.298288419925311,0.8910817015120717,0.3262206741261057,0.7142505548409127,0.48220186286459843,0.9851156580791913,0.7965498336717456,1.5619337731885028,0.8550186627117945,1.0718704036534945
2023-07-28,1.2984310793023635,0.8960113499096017,0.33477100467238147,0.7072705424697779,0.49068325443581357,0.9878319610270258,0.8035901064720696,1.556564761174498,0.8625331675752962,1.0877869577263133
2023-07-31,1.3026394389921767,0.9013211789136787,0.3331574150491583,0.7070720640323479,0.48711885066530347,0.9879117344963121,0.7894726213680933,1.5594239001276005,0.8589188317794152,1.0790929054130318
2023-08-01,1.2972171111727329,0.9052428100627007,0.3333832846069628,0.6932444770136406,0.5144015625974456,0.9636408970131722,0.795001092071328,1.5279421980998775,0.8576302684262579,1.0846001570922905
2023-08-02,1.2960710071572006,0.9044114339413057,0.3287616154468695,0.6924185953900394,0.5134733151319216,0.9588182170096111,0.792811079888115,1.5306168794988984,0.8577746381204822,1.0791316017524961
2023-08-03,1.2962465305487514,0.9016278968653115,0.32762848057338473,0.6907641517392787,0.5124556257837526,0.9498362801494893,0.7968383202892552,1.5300830150453433,0.857704782857267,1.0778180769733599
2023-08-04,1.2952551378574635,0.9034847028203091,0.3268402058460134,0.7091303439001916,0.5084066159382709,0.960989370835589,0.7991860688228369,1.5077422096763717,0.861017986581736,1.0815761754400186
2023-08-07,1.2880609412108128,0.9019855796948245,0.3315583036228631,0.705529900367974,0.5097719382794357,0.9632234692524371,0.7963576718267876,1.50987197710019,0.8638093348413989,1.0837315734188073
2023-08-08,1.286657910729415,0.904096880017605,0.33112944919731,0.7054100568193238,0.5094386335544759,0.9628350333153812,0.7957613912779982,1.510578626591192,0.8645207801077305,1.0845494466322987
2023-08-09,1.2865764990611255,0.9052992293309287,0.33057240313433706,0.7011422575238793,0.5091925071910987,0.9605656200680445,0.7935424298482402,1.5110878940615027,0.864495790453199,1.0842712771006542
2023-08-10,1.2873364826536264,0.9068569661461592,0.3307601815510846,0.703820653259134,0.5091654240332318,0.961067460253362,0.7962609148577404,1.510451448736448,0.8647114631145136,1.0866230389968963
2023-08-11,1.2880129202652992,0.9030956923787605,0.3329244300864905,0.7070270036167965,0.5098986745939065,0.9589414488749531,0.7995569969477374,1.5083842390816478,0.85872185076088,1.0930294195085604
2023-08-14,1.2882279291906693,0.9028440509335135,0.33165831426094755,0.7071705679380768,0.507970608383222,0.957908872730845,0.7981228739153412,1.5091509779196242,0.8576540516159056,1.092062598210941
2023-08-15,1.2874290547846061,0.9083692556908658,0.33989839510565106,0.7156155713882828,0.5079190560349658,0.9650113091109483,0.8011957582131862,1.5128465214448288,0.8555406515668207,1.0878153841666596
2023-08-16,1.2862244974311068,0.9081828116285556,0.339742173510662,0.7207761541097953,0.5082199268516204,0.9671240585325651,0.7984370540762956,1.5154441093561761,0.8554249894112832,1.0869187734403754
2023-08-17,1.2874773406999744,0.9087994001933867,0.3366233373682475,0.7158321823287775,0.5085854589709328,0.9649432690824202,0.7972392241979598,1.5141217929194746,0.8550786134980699,1.0885807839730164
2023-08-18,1.2912971693882453,0.9082091776046491,0.3371969821432341,0.7183414646687515,0.5083381100728641,0.964465850089667,0.7978614946205719,1.5125942008735602,0.8543373895482423,1.090668916576687
2023-08-21,1.2914098480880862,0.9081636910341265,0.33127282898452404,0.713523339913816,0.5064994193380606,0.9619213798309553,0.7948669787844653,1.5128594693166002,0.8543049635989023,1.0876409963387577
2023-08-22,1.290977222385221,0.9045403292008302,0.33932233634984016,0.7159408643462464,0.508711610173408,0.9634580187324704,0.7960903458357697,1.5093370484296174,0.850149400959508,1.0850780901380725
2023-08-23,1.296300466822515,0.9044908476212398,0.3377201143404183,0.7193699438764295,0.5150736452079591,0.9627484658890414,0.7986452773134902,1.5046422856359425,0.8418839089768556,1.086858211856005
2023-08-24,1.2999131942857842,0.8996625417828381,0.33391711694343745,0.7218558522286596,0.5128636385991107,0.9656984327512246,0.7975939198077958,1.5078474519455634,0.8377572717369727,1.0839969105644993
2023-08-25,1.3008041965896393,0.8982147763143761,0.3365072123314355,0.7239460114696905,0.5138775538377199,0.9680534054700631,0.7982979423501527,1.5082344005772101,0.8388833039697151,1.0826991945161624
2023-08-28,1.3023411030983676,0.8935034618796983,0.33217115596248165,0.7267765666165507,0.5169198635965949,0.9643611555766528,0.7987808015712831,1.504444325563218,0.8376639563035254,1.084415950511178
2023-08-29,1.3098821537156073,0.8874702137775089,0.32406674344197195,0.7367664020981664,0.507479085871236,0.9620544944452907,0.8076523758733777,1.5043612013694383,0.8278129607964733,1.0852165614616098
2023-08-30,1.310209379281087,0.8872084836097004,0.32238652186098643,0.7433731755429026,0.5071495469634133,0.9633219790902776,0.8067472099928628,1.504569308826722,0.8294012802282504,1.0851662514905085
2023-08-31,1.309651783458807,0.8912073508998001,0.3232174559864429,0.732533678935968,0.5051349816734934,0.9579949493356145,0.805098022287917,1.505998376080508,0.8287844539663604,1.0856169830829763
2023-09-01,1.3097286617509403,0.891320287216315,0.32188011934152727,0.7326698261308173,0.5020062593666081,0.9570622997508575,0.8051391883472324,1.5051138819557843,0.8288075759850324,1.085617659365338
2023-09-05,1.3087136819601703,0.8922309807644848,0.31966760927712407,0.7338698114344461,0.5028988654661871,0.9603173846061753,0.804947649579739,1.5047474868885269,0.8321430839951175,1.0882310224642662
2023-09-06,1.3150284854505412,0.8919899855771998,0.3188084917571226,0.7396427216266649,0.49827423049231107,0.9580657671728264,0.8039673805409172,1.5102864547017962,0.8309814551136435,1.0851331801752868
2023-09-07,1.3175532992571628,0.8931939420678686,0.3177700080673546,0.7394087808078841,0.4956831700940599,0.9586998974082513,0.8069163158865543,1.5068890458484183,0.8297198739805264,1.085712740348217
2023-09-08,1.3258535050345388,0.8920771377242523,0.31798167464239296,0.7523048947466989,0.4923805191054205,0.9686411325597082,0.7964151834299412,1.5073161386852456,0.8208720747793813,1.0836608148449047
2023-09-11,1.3289271446804558,0.8884469880830848,0.3189287388501472,0.748321908570849,0.49438586514169586,0.9660445422756454,0.7983323708642348,1.513525712881945,0.8233848163862131,1.0812075530602234
2023-09-12,1.3314937293603284,0.8894209158373115,0.3188028738170494,0.7398529363593644,0.4938700423053916,0.9569097629985399,0.8035675515082066,1.5127273581200489,0.8245669587002271,1.08142740908392
2023-09-13,1.3233577728491737,0.888827905315768,0.3200528613001025,0.7386388106650503,0.4931670119032202,0.9550897703052416,0.8029170348623325,1.5107981797719217,0.8190984382118071,1.0833675025430054
2023-09-14,1.3207362103671332,0.8961172170489524,0.30133691049027145,0.7529288605421882,0.4953993141205935,0.9558856477044699,0.825682606854145,1.4997061839593926,0.8263046451777124,1.0992431557706608
2023-09-15,1.3152102932896377,0.8936552168908389,0.30381207560226015,0.7537786214216741,0.49648754880641904,0.9569204407968988,0.8249436125881108,1.5037408879402738,0.8244347671351476,1.0972095206798165
2023-09-18,1.3136956167750193,0.9032428252060929,0.30622851968196596,0.745524550243593,0.49557090442535046,0.956052299823569,0.8164174471181406,1.5035281030853402,0.8227085626053948,1.0864201304408674
2023-09-19,1.3124633475006415,0.9030215200103199,0.31082111825557607,0.7425046235102919,0.4981779952628254,0.9535673807756182,0.8151986881819753,1.501985508458752,0.8237924855428231,1.083477373893897
2023-09-20,1.3116354261555978,0.9013307577730801,0.3104427357952085,0.7443159969754976,0.49821974007379377,0.9509204476813768,0.8092858973522221,1.5030831312656876,0.8308768904683073,1.0850274949681813
2023-09-21,1.3163439256151115,0.8938654135861658,0.31020278872357265,0.745597565453125,0.499365178833098,0.9510451082758795,0.8037259086602137,1.5127538575581918,0.8315471635539029,1.102769258037416
2023-09-22,1.3169389813735466,0.8862965905058611,0.3079928035989327,0.7429533637585717,0.4969463732548959,0.9393982039235818,0.7992894342903051,1.5103509896291691,0.8287591845342762,1.101497524894693
2023-09-25,1.3186159388724135,0.8849686772283368,0.3138355824452049,0.7441869065209148,0.4982404943389795,0.9387650985502195,0.7994879764817375,1.5123358737272221,0.828549289108475,1.103018061224388
2023-09-26,1.325176214099109,0.8815390465229752,0.32064357435968216,0.7136357343787272,0.5014051365330718,0.9280393297571472,0.8107137556139339,1.5192037214943996,0.827355170882571,1.1142700930927794
2023-09-27,1.3312402000600072,0.8765980522053953,0.3198990984467199,0.7078795896290168,0.5038156731708308,0.9271824405582775,0.8094435419543249,1.5295070213635293,0.8234575950344001,1.1036179242739648
2023-09-28,1.3310836582063454,0.876973135274065,0.31902640678326327,0.7078731949497759,0.49963453004270436,0.9281101308170175,0.8007907572285917,1.5277533576055153,0.8235506763743924,1.102458686111526
2023-09-29,1.3553031778050963,0.8774710854294253,0.3180139206672579,0.695701281426555,0.5063693652547742,0.9210551279488676,0.7986986516988418,1.5250412846737644,0.8195645734785609,1.1055281186993153
2023-10-02,1.3396617553639945,0.878240589538371,0.31512835767585995,0.7049202850202875,0.495692217120536,0.9262794627226011,0.7927598366772735,1.5286373756974876,0.826967732579597,1.1038963011972442
2023-10-03,1.3289675941653767,0.874554379957207,0.3111086513812103,0.6965629906947721,0.4849780141654288,0.9265316130295027,0.7772504415215435,1.5404272267327963,0.824438082113989,1.1166810030733827
2023-10-04,1.3313934372922493,0.8670190686430216,0.31860874804632916,0.6547965502872392,0.48024161700315154,0.9042107853176244,0.7499804645870635,1.5545531148039498,0.8256992829605307,1.117916453806214
2023-10-05,1.3474947488672977,0.84536284539126,0.3119951938023772,0.638931693536338,0.4841078672833678,0.8833519896742766,0.7521408204520469,1.5574414710760187,0.8135730608806565,1.1374731359261736
2023-10-06,1.347364164568736,0.8462040109982869,0.31166277772334855,0.6326568591945009,0.48190631953423724,0.8861697951954295,0.7550875042319869,1.556776753886305,0.8126337859211726,1.1313972906731942
2023-10-09,1.3500760822643543,0.8395377940994736,0.3061874766852933,0.6531268893104736,0.47372470869334005,0.8928096066791756,0.7408972257300594,1.559619593936847,0.80760828778243,1.1225393950481708
2023-10-10,1.3493406012288938,0.8425795847067902,0.3037780762310181,0.6604777510123103,0.47003530651176806,0.910866255465329,0.7430451858990151,1.556024349381461,0.8108944596301115,1.1404377526294702
2023-10-11,1.3534294647692036,0.8412514367707623,0.30299425735407454,0.6502356726322547,0.4678344085474756,0.9136924906600445,0.750160297320535,1.5588929642027507,0.8103129378834056,1.1404797266860827
2023-10-12,1.3494349393722544,0.8340764597496546,0.30674626061948623,0.6480469099616868,0.4683425752344964,0.9185889797322307,0.7504224451393062,1.5545517757896046,0.8102484277239564,1.1519088798224733
2023-10-13,1.3501855901305762,0.832803619444175,0.3057863860346297,0.6413227305129943,0.4662362326165768,0.9192605779237365,0.7371268359246042,1.5587352637928429,0.8100438349346486,1.1508892390399443
2023-10-16,1.3460035404036996,0.7967978427975956,0.2990798072453473,0.6214287967171932,0.4652504946701917,0.9237163110876311,0.7465312684977059,1.6026362683422612,0.7902502529575369,1.159257670947684
2023-10-17,1.3459003883083853,0.8301553658074693,0.3024598844420641,0.6097318155404651,0.4660963437739277,0.9174782374318003,0.7476677139051982,1.5915428745481404,0.7831690330249342,1.1588010411788048
2023-10-18,1.3466581896469694,0.810447727158438,0.3067076514042277,0.5993586804283605,0.4427468669262241,0.950089716255133,0.7427096075906396,1.5704788447935056,0.7932920062831338,1.1415617796039892
2023-10-19,1.3459478317791977,0.8028041008505546,0.30945478357789225,0.5997263282714984,0.44250398189111023,0.9549800528789645,0.7403682341250262,1.562595417511754,0.7907985410301133,1.1469787565746246
2023-10-20,1.3475984601225794,0.8019910502625178,0.30331032443933287,0.6145245714925995,0.44392361932567254,0.9570584914438527,0.7353948449021708,1.565207602960524,0.7918657743802942,1.1318246118975288
2023-10-23,1.3498236794909868,0.8040467589746186,0.3060035959633608,0.6178617365328926,0.4405133726682137,0.9528346465557138,0.7245957112494433,1.5687662570810406,0.7919359058126528,1.1377560957124633
2023-10-24,1.352606162551033,0.771508139926291,0.2910986510797254,0.6103494745435045,0.4412133848245386,0.9180857536479848,0.7439729041797586,1.5715877158793514,0.7895525641817349,1.1573631882467235
2023-10-25,1.3497412931149058,0.7722232153839869,0.28213984577060314,0.6041446316690964,0.4347445250070854,0.924577731688468,0.7152612206519736,1.5979653165749992,0.8090121764253556,1.1695055288722578
2023-10-26,1.3558522166237277,0.7733648889231031,0.2923913142178126,0.615982675747792,0.43256757826729714,0.9229178959439969,0.6847411374593193,1.6082880479042652,0.7822073204541045,1.1388531753701265
2023-10-27,1.3497860886596578,0.7854932835084625,0.3003787842856166,0.6245100935224904,0.4389903308392718,0.9308029269163045,0.6895293345398393,1.5832208140294741,0.7902617193458534,1.1497083190624362
2023-10-30,1.3419860666569141,0.7891193180175368,0.30437171728543977,0.6244539244743049,0.44380231346935367,0.9538145516092527,0.6951517096859738,1.5843405864340478,0.7956679481179094,1.1557515827786473
2023-10-31,1.2977570357012929,0.7986887132399602,0.2982273904332388,0.6092457166761212,0.4301595077982786,0.9250479370021588,0.6676712564619378,1.690917102421636,0.7875618421598045,1.1689802031844931
2023-11-01,1.2979694536583457,0.795992615714602,0.29739265156125255,0.6076266880284087,0.42651699247482977,0.9296160524397625,0.6618785539372262,1.6962859239655392,0.7860254473549076,1.164233353016379
2023-11-02,1.2927328662599473,0.8018401482177613,0.3008277204923753,0.6261635536909181,0.42991256707414516,0.9424097812179969,0.6735999413709068,1.6684355120382888,0.780167240788892,1.1685110786867816
2023-11-03,1.2808005257526032,0.8145192662309749,0.2948613294115825,0.6145103809593967,0.4206748654011114,0.9473147991207029,0.6817838352949489,1.6558382756797176,0.7861465422687375,1.185015394403195
2023-11-06,1.2676302796104455,0.8196470010095718,0.2974918395254,0.6232948563946762,0.4195905455965117,0.9618974045074149,0.691043330004698,1.6494363253530784,0.7949211860690878,1.1960754840872454
2023-11-07,1.2793785881686175,0.8105086625324965,0.29645742274971376,0.6201824238547686,0.41250986426689973,0.9459012860881177,0.6901506311435877,1.6534215853711745,0.7791162100608441,1.205821851449062
2023-11-08,1.2828362644837499,0.8115678091151242,0.2939197615073473,0.6175465395770269,0.4081840822296771,0.9480024625675192,0.6992886972089021,1.6617175832859297,0.7766311385511722,1.205485780589239
2023-11-09,1.2809014377567083,0.8111562332270497,0.2991580667391008,0.615374001125651,0.40629813798810444,0.9461119456280923,0.712303107084776,1.6645394117689287,0.7759439285656178,1.207844588462821
2023-11-10,1.27613377320118,0.8158769611815181,0.29482673807379184,0.5854989197374627,0.41185111491976895,0.9530888631139535,0.7253191902571456,1.6521756545966646,0.7958469882643124,1.2196955921975348
2023-11-13,1.2287404324411042,0.8274641081478251,0.305279179579862,0.6319318651867868,0.3806239383939387,1.0121084162619152,0.6571946685161032,1.573961566673221,0.7967867404815357,1.164214782530197
2023-11-14,1.2169035544323972,0.8321887238471132,0.3144442719682397,0.613827665080391,0.3740541071075346,1.0144200539849941,0.6992019470088362,1.5545650350517568,0.792602756510396,1.2174304486625867
2023-11-15,1.2173948994146997,0.8311781147519152,0.32364793622205446,0.6175515229305297,0.37524939136221946,1.0192493770592834,0.6932110209747303,1.5489494301052362,0.7980205043162781,1.2087728579025367
2023-11-16,1.21727838770897,0.8374142328556533,0.3236995890428269,0.616458774246127,0.3783216188595257,1.0256395391835083,0.6886473456750882,1.5527305472005364,0.800822883901514,1.2118251232287747
2023-11-17,1.2177623281111574,0.8411296462860336,0.32771462027287,0.6150935458550149,0.3829736563206219,1.0259711859613994,0.6996474858218892,1.5504059355148423,0.8048731461910118,1.2196913727430034
2023-11-20,1.2206544174704557,0.8396252479043192,0.33178177786266216,0.6128952981532301,0.379290488274357,1.019047247235537,0.6947972529913496,1.544940112665105,0.8015908392480363,1.2183499517195142
2023-11-21,1.2214144009247758,0.8385643797057952,0.32919217214286484,0.615041434216411,0.3776846361204496,1.0194141998029427,0.6911958730747201,1.5499113368058681,0.7983287873452013,1.2153607753984939
2023-11-22,1.2173238133321127,0.8377087859230866,0.3302750239501413,0.6123882770779223,0.38208207454575904,1.0180006522675067,0.692854232304829,1.5491543216497081,0.7977976192557226,1.2179579069636157
2023-11-24,1.21878707320698,0.8355585390166829,0.3296391348638479,0.5988208975206988,0.3799297252060725,1.0126705780680472,0.6939432471445187,1.558320634055058,0.7946869808709518,1.2235998808291921
2023-11-27,1.2191045759363108,0.834197438293197,0.3305437777140967,0.6015241582478947,0.37905249474344016,1.0143431571784818,0.6902155813339756,1.5573683131814615,0.793914699800591,1.225754168565347
2023-11-28,1.2183764621220627,0.8342991169191156,0.33067988036579166,0.6013934320611171,0.3792679892016551,1.01414972762766,0.6907199272879508,1.5568778852454492,0.7939468919858759,1.2261091577289747
2023-11-29,1.212369989906508,0.8299930705268824,0.3353935750045526,0.5861342049225569,0.383834534480604,1.0145372584396115,0.6849967467185152,1.580224150765513,0.7876441829572051,1.206940700195955
2023-11-30,1.2099013340781362,0.8331724614793322,0.33732454442812126,0.5873271659257631,0.38534353890075423,1.0162562082260043,0.683919031103083,1.5772366560875561,0.7862570963205673,1.2114891925843498
2023-12-01,1.1926971089320244,0.8557684996284197,0.3421292660508794,0.6040393579584501,0.3618265366276036,1.062802230488723,0.6749334520837345,1.5846939512487548,0.8023191601460996,1.2210999008513945
2023-12-04,1.1939613324941363,0.8511976319951522,0.3407772809904759,0.604328119813894,0.36251739794714277,1.0633049537306425,0.6762104445190299,1.5862616471945898,0.8053689344726633,1.2131973080759824
2023-12-05,1.1925525529496932,0.8505658148484232,0.34100315322507047,0.6047394044029908,0.36529833294291536,1.06344551500216,0.6771083017801253,1.5842999707565097,0.8058056621065904,1.2139582150213648
2023-12-06,1.20547982624426,0.8393790955643305,0.34941319168904006,0.591340572852092,0.3617680544129748,1.065596508803556,0.6809349712802137,1.5810166091752995,0.8120613245874504,1.211063300775042
2023-12-07,1.1985678929542782,0.8485640146555962,0.33785756801046385,0.5715891232637985,0.3656318420027703,1.0619534218062399,0.6865053864003992,1.574924260917392,0.8101763590368779,1.22373799623504
2023-12-08,1.1972987832625295,0.8499659703009776,0.3375114258092616,0.5732250997941034,0.36466361496671523,1.0633085224570649,0.6863703228075257,1.57472663286444,0.8108300021136133,1.2262763904634293
2023-12-11,1.193149359797754,0.8485660841097177,0.338765562937788,0.5717281011049855,0.36351113011209757,1.063367232648476,0.685475149202765,1.5685012669895888,0.812038119249197,1.2268046608904486
2023-12-12,1.1956199165946253,0.8497447434752885,0.3363385601704557,0.5662165659280649,0.3635079473860141,1.0593003933211877,0.6810488461407775,1.567505724755243,0.8199973821077253,1.2251842237796409
2023-12-13,1.1964086777114502,0.8414841262485506,0.33106228971401047,0.554788110254031,0.3689424791028811,1.0591399777136197,0.6990679939381049,1.5634442553750372,0.7827084110242016,1.2567119809733922
2023-12-14,1.1969905346855967,0.845837473239709,0.32964213383114077,0.5549057368375211,0.36747481704583634,1.064729453608342,0.6982820053273278,1.5586551754085136,0.7780191582533065,1.2567494589217796
2023-12-15,1.193897053289748,0.845420590299603,0.3321510897122053,0.5538362546885152,0.3700401404436981,1.06533611245992,0.7007611746049589,1.5574284567880203,0.7794097625265873,1.261654197316516
2023-12-18,1.165265435956228,0.8397031536610751,0.327007421564131,0.5615694245843273,0.37047371581001115,1.078702399716322,0.7057280680236515,1.5665432351568607,0.7597368609630604,1.2682579872233823
2023-12-19,1.163182741014201,0.8437437390338559,0.3244336623984802,0.5641844556528198,0.3699438008522599,1.0981297783579582,0.7009087273770521,1.5696443739904784,0.7635551584010823,1.2462216358264653
2023-12-20,1.1547881709885326,0.8504446703287599,0.33896699153782783,0.5767670355516425,0.38034367679765396,1.098236009713605,0.7154127898658404,1.5485975475632436,0.7655044341918192,1.256992727284585
2023-12-21,1.147798569065446,0.8485613410166682,0.3428519687469152,0.5760916179969601,0.3797437777676763,1.0927322913307174,0.7102868157251926,1.5455145589705206,0.7647176952050668,1.2522724828899794
2023-12-22,1.142550374236151,0.8498750734915892,0.33746040807473704,0.5723769706901133,0.37694042436862263,1.083387795457527,0.7066958357082356,1.5497053979514128,0.7747546441292741,1.2548284712904536
2023-12-26,1.134099363570088,0.8506872477910855,0.3397981174791652,0.5623732304464336,0.3847130739135793,1.0844255364744173,0.7047936365554484,1.5366620323096505,0.7805231694872127,1.266342451345209
2023-12-27,1.1369314743548729,0.8510106086606214,0.33949561800314754,0.555446460666857,0.38445489987472614,1.0836721441771435,0.7028423237502216,1.5344820202108802,0.7805114820509014,1.2676336736330573
2023-12-28,1.1340872509068167,0.8527140064081793,0.3399295641834583,0.5606316086743002,0.38754951933765913,1.0889032660091076,0.7032767916390045,1.5285942157209136,0.7811258490390599,1.2680976648548155
2023-12-29,1.1214148480500215,0.864021618540002,0.3396572136194604,0.5538133635479907,0.38011853318484135,1.0873177752990668,0.7035671947834251,1.5317979851702601,0.7801001868386883,1.2631059840090395
2024-01-02,1.1251509146592567,0.8673187579592265,0.3309468168065557,0.5447027843144758,0.3754485480603363,1.1040847028273804,0.6957295241545854,1.533164179241577,0.7816718975656946,1.2466717161298821
2024-01-03,1.1255810695039794,0.8678530408705678,0.32531670099501464,0.5401711684362355,0.37580635120326494,1.1144635449323013,0.6880115022018961,1.5325603006969375,0.7778902126369691,1.2557323458441332
2024-01-04,1.1184929764913771,0.8685565043504581,0.32841642356965306,0.5328235324996613,0.3745665276864263,1.1123736796097996,0.6897922791502251,1.545635247242892,0.7713878187877419,1.2564168614193585
2024-01-05,1.1176115908107729,0.8678030156547953,0.32504647741871534,0.5332583361585466,0.37334234880862444,1.1120518765625755,0.6884070431792029,1.5538432164368887,0.7758122832934092,1.2450576663444128
2024-01-08,1.124955604569752,0.8638125105142057,0.3215843907001285,0.5361062396095729,0.37043537765889856,1.1149708954993547,0.6833460760504261,1.5516821560322358,0.7454254311815582,1.2322355919194947
2024-01-09,1.1112003431781936,0.8660414845185952,0.31961847967150825,0.5371077054998213,0.34897336384654354,1.1010776048857414,0.6874387767772417,1.5506525557159458,0.7228493296980787,1.224388358506349
2024-01-10,1.111263541284656,0.8647702117364615,0.3172547871038339,0.5318487239307275,0.3485959964517129,1.0995462681545463,0.6886806107771669,1.553719760595085,0.7226875097703545,1.2231206810069162
2024-01-11,1.1129888846093814,0.8641601745005026,0.3191582524689435,0.5273721854846534,0.34940553849299716,1.0968487628012284,0.6899127428608827,1.546618577562366,0.7245795983201139,1.2276688738831845
2024-01-12,1.1083905164641272,0.8671063041560821,0.3230291115610023,0.523309820273997,0.35855034324149715,1.1065758385052624,0.6912366005088088,1.5192576713954724,0.7143731997507897,1.2079489109864885
2024-01-16,1.1115907610617677,0.8687107498870538,0.32668872811247285,0.5262623024369112,0.36072082383640397,1.1062018765362114,0.6931817704368258,1.5212520664276659,0.7161026841658173,1.2089295895372139
2024-01-17,1.1103521850704259,0.8646740895356,0.3268904703606232,0.5280463796952659,0.358329109721298,1.113484707648773,0.7054946292084154,1.5173643390966518,0.7121015367801814,1.2166251182499084
2024-01-18,1.122974774073054,0.8595000159620286,0.32718070749152883,0.5252043864700613,0.35369913505257095,1.1135447667299914,0.700720719736125,1.5130242076047844,0.7082834887325898,1.2091441434587487
2024-01-19,1.1353460042978567,0.8470651744904387,0.3169748870930182,0.5106497418572009,0.3269062316677136,1.1199012424033776,0.6813130841033613,1.5242260492571351,0.6944974486761054,1.2406917678140061
2024-01-22,1.1405686273772082,0.8430376555322784,0.3180496509899396,0.5162813565365133,0.3173139547501797,1.113058256094325,0.6769019329718442,1.519511087051514,0.697039677446606,1.2402030430762851
2024-01-23,1.1441870868945558,0.8575243620043862,0.3275997415059989,0.5071688169459138,0.3250010568412487,1.1181924734216615,0.701120412553206,1.5102078102108358,0.698310405533548,1.2506599701229262
2024-01-24,1.1376059456958363,0.8535605756636562,0.3318783809753185,0.5145287195026605,0.3372220240233241,1.1190373088743393,0.6984592967600698,1.5214291630546388,0.7089324729759171,1.2420567973990948
2024-01-25,1.1363082392748665,0.8570418841371162,0.3325886144788883,0.5220432310874068,0.34364237548809046,1.1290601163445548,0.7043106214314804,1.519363116709244,0.709943432436271,1.242541731316659
2024-01-26,1.1368115323338281,0.8576619625462386,0.3330355373141411,0.5208871770363753,0.3432811216363303,1.1296124992169745,0.6980812537033451,1.5190589055587618,0.7093659384303341,1.2416194836242695
2024-01-29,1.1302128056240095,0.8581917927008313,0.3362402943572581,0.4973073646093201,0.34732200400960833,1.1302295768116695,0.7100645577179492,1.517347476303829,0.7076239696609056,1.2375290965441814
2024-01-30,1.1307247660549142,0.856377068128826,0.33700196078943645,0.4978132937328467,0.34714975222415123,1.1290126230376032,0.7115677118383772,1.5157651244318653,0.7089664914793894,1.2370674819428191
2024-01-31,1.1273101454866492,0.8555903907685641,0.30213172316251313,0.500136663726673,0.35023798230853626,1.1279063133001155,0.7127084156457695,1.518058334687001,0.713616170026041,1.214613134545027
2024-02-01,1.1333628899090917,0.8508187557867897,0.29297868901958,0.47990138334420834,0.3526081280490243,1.1810463314865127,0.7341399370786048,1.5205817959758492,0.7072696149211638,1.230565733709522
2024-02-02,1.1248229373674978,0.8557944435828971,0.2803486117008873,0.48390818042867295,0.3447242626335773,1.2024433695671712,0.7203955511617073,1.557367696493628,0.7044143742361336,1.2168489781589436
2024-02-05,1.103354585907485,0.8713645681334357,0.28142955973591405,0.5182496794878613,0.35547629700223393,1.2292860943945654,0.7207524315147044,1.5138316702277848,0.7148949926231163,1.2109898074728305
2024-02-06,1.1293262167513967,0.8885643939308998,0.28112372857922974,0.5279714813509092,0.36044726217500117,1.246423329655108,0.718774238671133,1.4632507262565757,0.7053159513189269,1.20795205079128
2024-02-07,1.120206093142972,0.8906541961623998,0.27735743678573055,0.5269081346721824,0.3564423542019799,1.2524464842763767,0.7254818188503397,1.4592065274602686,0.7043659663272274,1.2013616553714648
2024-02-08,1.1165466257969214,0.8903852483795283,0.2799385501209924,0.5091182440250778,0.3680362641086734,1.270927700882391,0.725726216921572,1.4754529548710775,0.6772455416822634,1.2196940034874015
2024-02-09,1.1116576357527135,0.8910028568453466,0.2838197297876463,0.4995919245068938,0.35962181303086227,1.2719060228878898,0.7232018757732936,1.4772786541702556,0.6789607193530214,1.227837059680328
2024-02-12,1.1144180525360279,0.8853437072121417,0.2761024258824598,0.5034266799673535,0.35468852376728066,1.2705281695769202,0.7109922179511745,1.4747248358972656,0.6792113002251793,1.2267087984371803
2024-02-13,1.1107019438904273,0.8822589542270233,0.28023233727524793,0.5006391405585899,0.3548050133311393,1.2798323667572131,0.7363261529154964,1.47803638877138,0.6787738090200595,1.218786815624624
2024-02-14,1.0976349140568835,0.8827543018704548,0.27565024695665297,0.5016600538511786,0.34427404980278103,1.2887571063432706,0.7376440362380677,1.4760462889407835,0.6792358979579269,1.213559121920533
2024-02-15,1.0947910894618131,0.8883718984416601,0.279475393189076,0.5095361586936475,0.34600950617567977,1.2917398869996115,0.7445529043206522,1.4706776460866449,0.6857644981479075,1.2171983222670382
2024-02-16,1.0944858708986016,0.8884793911811717,0.2815830029272688,0.5089241278297247,0.34484755245100784,1.2890908260522986,0.7427585623050911,1.4679059866395519,0.6831896555607676,1.2146557804864466
2024-02-20,1.0978998245024454,0.882712625843834,0.2740869252867825,0.5159931304829576,0.33294184307377744,1.3054347382101528,0.7390889650430406,1.4607170136867378,0.6596231802556698,1.21475976663045
2024-02-21,1.0969582274243974,0.8840234827310057,0.2793052425472644,0.5080597223557246,0.33827460454518865,1.3077118012820554,0.7413577074781899,1.4593077995620776,0.6586225668917282,1.214775837738427
2024-02-22,1.0749671488809922,0.8731868098735043,0.2737087389783635,0.5065206914499052,0.3374396667900249,1.2881543326389577,0.6914751721122686,1.4655273184297855,0.6920779246005422,1.1957451527291563
2024-02-23,1.0761933589612902,0.8718815743675641,0.2731891805589849,0.5049294714177717,0.3380728432393881,1.2862965953712202,0.6918137739828449,1.4678300265623643,0.6949555659280564,1.1954432030308282
2024-02-26,1.0778516981018413,0.8712187492514352,0.2753984181079543,0.5009357839381519,0.3408929359079227,1.2853499540608977,0.7005387789060904,1.4693995522675276,0.6957855276391535,1.1944082325084797
2024-02-27,1.0732023546269065,0.8847277160062239,0.26914861408220103,0.505288602393366,0.33876217889219123,1.28999351599832,0.7081947704277365,1.4613522176141795,0.7371281283407927,1.1882180073628013
2024-02-28,1.0733261484170316,0.8828513525738684,0.26887366202350454,0.5049596965347505,0.3382061810235383,1.2869636029504972,0.7106032038047033,1.4619182668875372,0.7360885371903549,1.1844440187650904
2024-02-29,1.0707671304178425,0.886870436204927,0.264306310820774,0.5038825471561853,0.33282004394662645,1.2892497870350759,0.7086276620424051,1.4674682626446711,0.7369154509046325,1.1835701934989074
2024-03-01,1.0607062586708462,0.8809075522660654,0.2641127392033186,0.5125442639316506,0.3319042347208973,1.3049667164260357,0.7024462153927014,1.459154949220359,0.7374728368751412,1.1794604207208967
2024-03-04,1.0658691605376385,0.8872403523001017,0.26743460125987534,0.5139300716053513,0.3252972511824668,1.3020657830916016,0.6898669428483598,1.4651643597485497,0.7357362353006761,1.1713325750269519
2024-03-05,1.0602334411097993,0.8696292074099234,0.25884069896214973,0.49551082654116996,0.32243804437657486,1.3123181683462977,0.6646170571604088,1.4642690833596652,0.7033967291996672,1.1679539650943214
2024-03-06,1.057481951858249,0.8695907709691589,0.2575044685138497,0.4980684556202264,0.3222427216910793,1.312069962849435,0.6648777504836092,1.4606064485592303,0.7036668105561875,1.1678428190307686
2024-03-07,1.0530457582569572,0.8398896177071757,0.24789268868553085,0.486266988875494,0.3071704786861376,1.300095723950925,0.6729506023499973,1.4833713321919606,0.7004374794996838,1.150667629852149
2024-03-08,1.0438463391499488,0.8366252950635088,0.24521722552044734,0.4800696063773011,0.3072459594423709,1.297165434621094,0.6556494849468956,1.4832395887178778,0.7013221127984473,1.1373221148556012
2024-03-11,1.048369657935915,0.7835389245901199,0.23438448628379077,0.4809783486789052,0.30328843483147605,1.2888790205134355,0.6644748474826226,1.497508512492419,0.6817059425289564,1.1267019283125588
2024-03-12,1.044432397865643,0.8218614822773542,0.24517697969955904,0.4673357194549871,0.31146542925039333,1.2404425515038486,0.6525362249916851,1.5035633737258578,0.6752456930772248,1.1002218483474608
2024-03-13,1.0493861831185805,0.8166509273409885,0.24912852531649035,0.4626887609838583,0.31223600549322694,1.2356231256157062,0.6440312267831613,1.5054374911812107,0.6699653796950358,1.1042778535693254
2024-03-14,1.0480543890396827,0.808671636262722,0.25067737958158365,0.46125656736308007,0.30603922645862347,1.252349931825496,0.634525848784131,1.5001915730825666,0.658205212377414,1.1143961551234929
2024-03-15,1.0512796311548138,0.7753685857465304,0.25589522376656176,0.4340180197660729,0.3146870609984108,1.2236932679744124,0.6374499616209945,1.5219009453946917,0.6457855216988064,1.1190283024032068
2024-03-18,1.0504159810155367,0.7720097807752706,0.2596710900055823,0.4525571820638898,0.3114415929528098,1.2443824663002623,0.6375240894587562,1.503391191537522,0.6301587737214949,1.127119256816814
2024-03-19,1.0590526687636177,0.7456129306479542,0.25118174687938755,0.4478332228045293,0.3150748365539484,1.2401598062269672,0.6437017499055595,1.5073186171239341,0.6143731615274056,1.1062852354091004
2024-03-20,1.0586051914077756,0.7470398434946892,0.24392276020947434,0.43249269741738317,0.3068922984537984,1.2302777497264814,0.6500409281135503,1.5217254070357331,0.600163713733098,1.0970088658727897
2024-03-21,1.0527883944380543,0.7346047012572028,0.2465009863724245,0.3987546920100565,0.31657877898057923,1.2294243217638745,0.6610930994936703,1.5128757911755057,0.600570511805553,1.112378964578236
2024-03-22,1.0632347462558156,0.7174502072286214,0.2281199691760516,0.37703479997378464,0.32253357443764413,1.2291396833509178,0.6538478308368684,1.5186185527555243,0.6035937613274914,1.091501049823208
2024-03-25,1.0639300109028273,0.7208062103226139,0.22794545213939993,0.37526274353870415,0.325516228112407,1.2310364136218617,0.649326488052646,1.5166640532988747,0.6035725029711736,1.0942628932369618
2024-03-26,1.0636983339158024,0.7261311722052197,0.22371470328915416,0.3776174909979205,0.3183515021093147,1.2363230345457616,0.6461224200536697,1.5232055565283644,0.6008183982938191,1.0910421317404848
2024-03-27,1.071459474936601,0.7317709061918127,0.2303627860533017,0.3806442591630033,0.32416672325697693,1.2428066021401112,0.6653896257038263,1.5203274327968308,0.595748406170008,1.10287218847335
2024-03-28,1.0711673733843081,0.7323914112649099,0.2284898194341914,0.38323197254798474,0.32480160669505176,1.2450135525505677,0.6652940887012737,1.5189885804231933,0.595983120926748,1.1026272793845582
2024-04-01,1.0671317479637787,0.7433726435088868,0.22250135798261664,0.36997146026814465,0.3288088604834536,1.2519960720530892,0.6634307707398266,1.5093110752222294,0.5985575586816698,1.0935313910016795
2024-04-02,1.064519434342512,0.7439161463988373,0.22190525819736312,0.35523113620924884,0.3266155626929723,1.2453703352702445,0.6633199543458993,1.5012057363077325,0.5985666763318598,1.095498797548929
2024-04-03,1.063412728094912,0.7436163705919466,0.21447153294703547,0.3591271610910396,0.32266953027027084,1.2453346659555018,0.6653256528249742,1.5115433234242193,0.5966251598334825,1.086926844242029
2024-04-04,1.053384247568513,0.7442343617747431,0.22079539887943153,0.3391768946628903,0.32227677287290124,1.2471625626731893,0.6384394376444532,1.51028641608606,0.6001003462978343,1.0862293055860752
2024-04-05,1.0503666724369367,0.7389120296678613,0.22452735530259885,0.3429050190754661,0.326134664593563,1.2311958859275067,0.6448635857053238,1.5297234525441392,0.6080964899925689,1.0827398317775911
2024-04-08,1.0488839126753722,0.7390326028020756,0.23691118310021916,0.34824032763912555,0.3281620641170046,1.2286337687798043,0.648289049358864,1.5233072215173316,0.607457127926257,1.078566007903008
2024-04-09,1.0486103217090175,0.7396880341181273,0.23771047647045532,0.35193687557844505,0.3272511793423854,1.233533514082634,0.647202597706283,1.522698621208346,0.6071143834184526,1.0784084282973239
2024-04-10,1.0490295430831955,0.7417759074985881,0.24634646868404717,0.3429215771526846,0.3219757153171022,1.2249702090586556,0.6578999362657315,1.5111881469386435,0.6156533065419908,1.1045709938717787
2024-04-11,1.0660202202817266,0.7387304464398395,0.24113886452048158,0.34049479025869134,0.3163708071182043,1.2214869325615274,0.6555590409152989,1.5115553778816608,0.615826314701965,1.0989850336256541
2024-04-12,1.0382065550594324,0.8018341952585364,0.24607548069388413,0.3483322617397407,0.31633112887827564,1.2232419675816477,0.6612917689231997,1.49966411091965,0.6220768462730595,1.0940443299202025
2024-04-15,1.0276063981401908,0.8000184284890787,0.23273358736568267,0.3498736432877271,0.3115445117347775,1.2258402417586234,0.6614857887532894,1.473413810837065,0.6222772747770244,1.125236869167993
2024-04-16,1.0312014831183918,0.8183412052504768,0.23687525400366852,0.3521284883599304,0.3098003572124861,1.2300867525881332,0.6627952004591157,1.4739873213611312,0.6204588371283838,1.123416603605984
2024-04-17,1.0324274480751792,0.817375604900714,0.23510632301260603,0.3537834470006149,0.3059725143347536,1.2289477216304912,0.6430900010382508,1.4765693652783802,0.6169502586204918,1.14967693520111
2024-04-18,1.0329842201492332,0.8156150337309327,0.23360673750059,0.3537026439805588,0.30396713736366815,1.2288491282526075,0.6418202455619495,1.4786547157423031,0.6168865656709993,1.1524989251493083
2024-04-19,1.0351464677835698,0.7936595462659757,0.22223867055351235,0.3434887819908074,0.29848036392601385,1.2258023702737095,0.634671781734388,1.489321012155519,0.6137103017738775,1.1533095621332188
2024-04-22,1.0338034820447557,0.8010301381943882,0.23002683895172876,0.34204143145937294,0.3082387530415914,1.2216063198996334,0.6422546237240585,1.4912439102068502,0.6155261681852553,1.1481490795630198
2024-04-23,1.02967746768882,0.804345386776509,0.23052270197008146,0.3417719376952902,0.3097661631692086,1.2216438954891422,0.6477607655941904,1.4863621536986293,0.6059368084670969,1.1439877578143502
2024-04-24,1.029083879913007,0.8041670196301685,0.2308051361511444,0.3417388847441756,0.3094624399294891,1.2216524442590395,0.6474787426256639,1.4871718327772256,0.6060260746094904,1.1446461783301127
2024-04-25,1.0340380971955292,0.7904829512565492,0.2509500718127312,0.3294295868989406,0.31527794546561005,1.2438605143521724,0.6387006889353903,1.4771537354154316,0.6136172097000236,1.1398891091970604
2024-04-26,1.026610445042469,0.779533041303797,0.24159490405217837,0.3055751922051443,0.30427006800186635,1.2429452352959929,0.6101674145487626,1.4992288169777328,0.6069508269039667,1.135084747063348
2024-04-29,1.0178282275320731,0.7824641453306098,0.24499493262833524,0.2995478845014932,0.2957597995900395,1.2925384632177959,0.5957568518526388,1.4773901856311789,0.6218513887631614,1.1289182156025193
2024-04-30,1.0198565847598693,0.7774639977087552,0.25665887058539155,0.302074466811379,0.280248555167367,1.3168937881812035,0.5882799971681014,1.5192557236927027,0.6188800558282775,1.1304917947890731
2024-05-01,1.0204762515205361,0.7784600169049036,0.24219130649518142,0.3049976430743619,0.2797064720080613,1.3183775766983123,0.5801610057401583,1.5081801201299256,0.6178079998778737,1.1276133337853484
2024-05-02,1.034464209202253,0.7657521930785356,0.24684188815364813,0.2710434923143324,0.28180324298421366,1.3227876885642746,0.5759005513387694,1.5476090340869961,0.5830901268989391,1.1518612518698885
2024-05-03,1.0758584818581527,0.7421096247679867,0.23450329595346753,0.2557277407069152,0.28229837219282256,1.317393749480067,0.5847211377442578,1.5426543745128805,0.5768786252988862,1.1652262892503116
2024-05-06,1.0614190871273903,0.736173699854214,0.2284825132699532,0.2485753133410051,0.27857402369999146,1.3090090237952927,0.5956184436053975,1.5482575122909321,0.5754849323157012,1.1595467684854237
2024-05-07,1.0247877963075147,0.7293817504773981,0.2290653336762001,0.22214082134342125,0.28128780210910215,1.3126821333451661,0.6096805016206223,1.5661218085823343,0.5696393950101463,1.1615705989101375
2024-05-08,1.024604815714208,0.7280671139922706,0.22886089638601834,0.22229716200170035,0.28141403668897813,1.3127437374445785,0.6090374802961497,1.5664681324520147,0.5699418275665359,1.1627471142475865
2024-05-09,1.0243628594072822,0.7285829649114142,0.22786428491785995,0.22840108536549966,0.2789883798494572,1.3165610246867363,0.6143042402152599,1.5718220703671986,0.5704357066337977,1.1661749222278122
2024-05-10,1.0222343925245811,0.7297870983366427,0.22707262087618232,0.23192202001821127,0.2790354639608174,1.3190666074198933,0.6097382002492034,1.564295413097092,0.568600670106084,1.162264964640735
2024-05-13,1.0212582865899305,0.7293061871801785,0.2255869280007508,0.22840151948527226,0.2800962985364449,1.3159702619407494,0.6069788442076639,1.5687243220140583,0.567675307708527,1.159013821689896
2024-05-14,1.0211715166464992,0.7293418074385037,0.22553947951917952,0.22968244562595674,0.2814753965346678,1.3147822961853193,0.6144519285024328,1.5641643511561418,0.5668809015917642,1.1591998757778377
2024-05-15,1.0226076099767338,0.7233049120651996,0.23162248863394205,0.2332258378216955,0.2824588058513155,1.3053073959238928,0.6272812522134746,1.5439245961458703,0.5599470857593193,1.162292280925711
2024-05-16,1.0257482788598886,0.7210450210184614,0.22922679755792638,0.22176119479696405,0.2804426670095149,1.3042714854078474,0.6191227582101422,1.5623108959579117,0.5578645939927123,1.146811990025145
2024-05-17,1.0323410072851997,0.703792982792181,0.23313711817818816,0.20611207826528832,0.2867618391777096,1.2985486394069736,0.6302608606276305,1.5627875288939135,0.5655313544508043,1.1472035377329532
2024-05-20,1.0294519129308728,0.7039816701506532,0.2365477222115998,0.20190223887417363,0.29920150033507475,1.2990853296991216,0.6359537873990871,1.5578523769811843,0.5635038881095065,1.1566991652198761
2024-05-21,1.030496144474412,0.7056337467947752,0.2370786514305788,0.20179916750983762,0.30061741941592945,1.297608676655205,0.6361664340428702,1.55449995083026,0.565717828946868,1.1570270614390006
2024-05-22,1.0313570054947647,0.7064741759431524,0.2323712956323304,0.20658568782915815,0.29973390115040655,1.2991117445523488,0.6379916813947103,1.5527960626279058,0.5646513053190024,1.1599062267589684
2024-05-23,1.036745527788735,0.7050223449615146,0.24915361728617266,0.23117400648865902,0.30013537564872284,1.3089135719045626,0.6448291318787395,1.5686064229177765,0.5398919410076947,1.1826641592249536
2024-05-24,1.047502905988763,0.7079909840117817,0.2408782977165671,0.2380124039424615,0.29453897233469634,1.298462837972907,0.6545946301189947,1.5794547651229278,0.5453889742375331,1.1692388709584738
2024-05-28,1.0486125285360088,0.7112374827194519,0.251489951238608,0.24932848613313072,0.30088406327520845,1.3054496520515824,0.6639663866688029,1.5963687877422752,0.5463156533373333,1.1694859234405488
2024-05-29,1.0413625272550382,0.7138123495693774,0.2529303420593331,0.2646404911560004,0.30926334974853503,1.3239986512932107,0.662879728504175,1.5678078086092981,0.5574552172867381,1.1530618342238026
2024-05-30,1.0357744980024248,0.7090089470010297,0.24891869123011995,0.2616644334736334,0.30433807312054306,1.3178264762068213,0.6491568973947128,1.5717367135231326,0.5507156951974311,1.135445263981223
2024-05-31,1.037833122818741,0.7092704069685684,0.25660731399123005,0.26691519968992866,0.3075990059022528,1.3034975476003854,0.6670077033839802,1.5562068074707394,0.5546609077320659,1.151542672266295
2024-06-03,1.033568664881831,0.7052305162583512,0.2605865305107646,0.26072392838135766,0.30289610323656724,1.3015244166719455,0.6758756537899611,1.5545159950057736,0.5525702051126296,1.1686489869159908
2024-06-04,1.044007184336383,0.6940367681746972,0.24752872250245755,0.23947277826159669,0.28963303699316284,1.2318999281608367,0.6728261034014889,1.5662061034967973,0.5462960575940815,1.1660892897154536
2024-06-05,1.03945138270782,0.675992111145517,0.23687517471698957,0.23926760980660852,0.28061973226492154,1.2200995635213545,0.6645884139427026,1.5619847084093437,0.5499194306383565,1.1555272538594292
2024-06-06,1.0404525659244812,0.6762948896482412,0.23669382086506074,0.23781512086946577,0.28062531558563647,1.2187052884706182,0.6654372064432319,1.559457842182292,0.5513157346525804,1.1534493847304643
2024-06-07,1.0370126250529337,0.6780538944296548,0.23713521166028814,0.2480135397918475,0.28298751978491876,1.23419424490295,0.672967214826134,1.5462564326729216,0.554588960560055,1.1614069652950583
2024-06-10,1.0302988861615645,0.6794805731680056,0.23307601709911532,0.2502787939115412,0.2792902754483088,1.2392378295216746,0.6730571334265851,1.5414693568604858,0.5554838839044823,1.1748868859457513
2024-06-11,1.0401488670798025,0.6753964382767264,0.23271447801249176,0.2491778486329994,0.27923318406288516,1.2377150683910512,0.6653406238331685,1.5411217608870136,0.5564530696507791,1.175679306397244
2024-06-12,1.047932239961451,0.6675850959883588,0.22793294584885265,0.24883653949388287,0.27657048979932436,1.2336257783883966,0.6629185774187489,1.5250092422134074,0.5530128398732514,1.1925842117759198
2024-06-13,1.0528666856465596,0.6677154075563362,0.22601325724659732,0.24864070253640547,0.2795331195078738,1.221643413362128,0.663851208030397,1.527523421326144,0.5415481618906632,1.188509000613415
2024-06-14,1.053637937396535,0.667682484505744,0.2259256233012988,0.24943245222593163,0.27937878024334273,1.223075827169257,0.6638899682871761,1.5275661353363619,0.5422146131672535,1.1884669755271207
2024-06-17,1.0612208678414914,0.6657135131010298,0.21681434464936805,0.24128832387818547,0.2713169682004799,1.217023202356763,0.6510896120628927,1.534292602014042,0.5453969976707571,1.1934989817067472
2024-06-18,1.058856024793817,0.6677406050283038,0.21809754709484838,0.2401062938890318,0.2748601602223525,1.2157456954652468,0.6545599378447933,1.5302199176427522,0.5445397523770128,1.1965205684785591
2024-06-20,1.0664576191211927,0.6639785913922396,0.21426000640936932,0.22435668554043078,0.27250909001993745,1.2066240549395142,0.6429255078732219,1.5285009060780625,0.5358169297157244,1.1941327289093
2024-06-21,1.068245048106416,0.6668433189004825,0.21283776124559373,0.23195147849022835,0.276540220678265,1.210679923137334,0.6502097088439659,1.5250150376805625,0.5394811366698536,1.196146943172444
2024-06-24,1.0632175231384462,0.6673928830725832,0.20943510389586614,0.22398118089042923,0.27557633288011957,1.2124619005078767,0.6473186429703758,1.521310408524299,0.5381012833228938,1.1927014719687772
2024-06-25,1.0680618081537527,0.6648123786906992,0.2070645661106613,0.21926974409348018,0.26736810788784515,1.2070329636681747,0.6388729385839472,1.5243450549437454,0.535302656142157,1.18480772248032
2024-06-26,1.067967584254914,0.6665047008394701,0.20270230060000524,0.22750313643483194,0.2683149594271174,1.2136570010198593,0.6412153767015898,1.5223026678291018,0.5359995942854909,1.1956732145517883
2024-06-27,1.0652686718896067,0.6736940418983667,0.20605921302100777,0.22791029095963425,0.26317267899076996,1.2123273044732237,0.6514724973503033,1.525058254091137,0.5298820961103924,1.193006931942676
2024-06-28,1.070612755655458,0.6662439695153798,0.2043960598383892,0.2277143257208062,0.2669147889594787,1.204069968376493,0.6655162073453817,1.531960391856431,0.5301815120323891,1.1870621193663868
2024-07-01,1.075172891979079,0.6592030110755348,0.2027766190160152,0.22422203031648186,0.2664555003466514,1.2006644518418814,0.6666819773405591,1.5388738823484558,0.5242329071434556,1.1853671892004094
2024-07-02,1.0699897703416719,0.6595563166632314,0.1950944421500584,0.21862268596482193,0.25740349997861295,1.2026426793281069,0.658099366189097,1.540806411213871,0.5253865205518666,1.1913428447132692
2024-07-03,1.070423640036259,0.6576952020853288,0.19443057327413074,0.21984443625128086,0.25663504437093126,1.2033392285010711,0.6636406675579403,1.5339489055392013,0.5268836212804313,1.1897075216122879
2024-07-05,1.0755024965254505,0.6496787182660609,0.195622174985877,0.21369604647968435,0.25881686831378037,1.1964466098107072,0.6659954557970409,1.5360793956818157,0.5215880004237403,1.1925946383396513
2024-07-08,1.0836492371489514,0.6455743575037065,0.19164405681672048,0.18770281593615282,0.25899025005653986,1.1905583280241214,0.651540677197552,1.5333263731869067,0.5190193405351441,1.1944343960370378
2024-07-09,1.0827926688808172,0.6481211789914278,0.1872050130344909,0.1886912785168729,0.252690689883079,1.1976857354212411,0.6480925040243123,1.5380402329000127,0.5195713219594033,1.1933206575414443
2024-07-10,1.090241868679907,0.6427180775531234,0.19792578667238894,0.19199992132370186,0.25572322114146395,1.1926290019374595,0.6521514216219364,1.530526852561161,0.5211261441156442,1.199087227219176
2024-07-11,1.1055140294508392,0.6355166610583333,0.1980095801255578,0.17664695458684276,0.2635494982604541,1.1744664485533045,0.6269470410912555,1.5378669799960212,0.5205251614885088,1.1618823901089483
2024-07-12,1.1076516025802794,0.6297463789455631,0.20059695640673217,0.17451682341433625,0.2637579785253108,1.1800871467124725,0.6252422991602923,1.5314684555663176,0.515403529931996,1.1544899125560664
2024-07-15,1.112977242344811,0.6340405176494255,0.1979497256758753,0.18938690247149778,0.2628557136372741,1.1850613999431272,0.6158234142254517,1.5210581839257884,0.5129259602520949,1.152435669981376
2024-07-16,1.1109742136134328,0.6402468894977382,0.20386990736149152,0.1863452372011792,0.269508945372683,1.2004759490235206,0.6191187517751037,1.5180258897337608,0.5196359815086979,1.1522371869724122
2024-07-17,1.119301022227934,0.6080787512203749,0.1581641946073081,0.1670436505307454,0.24990808462559225,1.1899020611376259,0.6271665453535531,1.527775210784032,0.5003542900607664,1.1158697346552988
2024-07-18,1.1317933249495693,0.6289968289810768,0.16295092325845031,0.16305983445867883,0.25306778573539335,1.179390644185602,0.6224276041704956,1.5432216030808399,0.5019472422857909,1.1316976977414526
2024-07-19,1.1256766337105024,0.6271611568209116,0.16542075499258363,0.17640171717318856,0.2495014292950386,1.1894297029396006,0.6167116120633678,1.536665137232079,0.5050034269655639,1.1219391114120065
2024-07-22,1.1137091239921328,0.6323773766302391,0.19877340769536544,0.17990635453246256,0.2540307411508381,1.1836003577913046,0.6406000993005851,1.5033183150606158,0.51559652687837,1.1409848380534786
2024-07-23,1.1122115987752574,0.6319536137429553,0.20138757610529937,0.1831359824933128,0.25645040436573735,1.1847618888252547,0.6433596386377533,1.4989412707054555,0.5152372986293141,1.142536922694613
2024-07-24,1.117334966727861,0.6179864368318368,0.1446299972000803,0.14726519802800067,0.2308821469394598,1.1782084480233666,0.5353783941190038,1.4948778292833789,0.5094379845619957,1.128783173759097
2024-07-25,1.116593202372594,0.6183822888749606,0.13355181331710986,0.13780914516361706,0.2331556854380059,1.1638884230043103,0.5459314424463888,1.4943981203670749,0.5067832939552154,1.135651513553713
2024-07-26,1.109167936753324,0.6259787001265402,0.13756663234281288,0.1351493303570024,0.24120766664298757,1.166438044674961,0.5490927343840247,1.492122285337859,0.5163374000606419,1.1421355262954374
2024-07-29,1.109593347007113,0.6217049277232449,0.1411299867988967,0.13696236129340686,0.23548305910596248,1.1700547015232918,0.5430911916734492,1.4974620602790976,0.5129733606460561,1.1284923770919402
2024-07-30,1.1041357813849584,0.6129187830761879,0.1308954432180618,0.1388115079475275,0.23815161781619465,1.173845961283977,0.5498766224975106,1.4871507092769136,0.5075998173443281,1.132839535812718
2024-07-31,1.1015657641293173,0.5884928527544563,0.10697249377254864,0.13813943092337608,0.22746512548368697,1.1664733909285858,0.5715084346700903,1.4924233874664241,0.504652667533927,1.1127438083088477
2024-08-01,1.1027994606478588,0.6037846244788245,0.0880443299894063,0.14973475400173342,0.19215532487748965,1.2170948735438316,0.5324340655964256,1.4849030353858925,0.49706770923464466,1.0820143787346452
2024-08-02,1.0652039697673785,0.6439594392325914,0.06450031513856813,0.13602893133384772,0.15603853974325757,1.2441726255916743,0.5088167387012472,1.5620698155533466,0.47673467867969216,1.1062462860870106
2024-08-05,1.0975556755085187,0.6510027917381862,0.0977476130798667,0.16960216061639805,0.17219154669331257,1.1891446699634833,0.5385467470360232,1.5523046039384765,0.4943483723504954,1.1215769312030643
2024-08-06,1.0670479222571483,0.66466726246479,0.08443045885485351,0.16605875297184258,0.16679691224952573,1.196401875885623,0.5328430113379299,1.5817670917752842,0.4917202707764267,1.123481197066046
2024-08-07,1.0706245991355656,0.6631529213601671,0.07097745254637193,0.16030047755959007,0.15490981969064704,1.187844111212161,0.5337567525924917,1.5690306518894643,0.4866332573101138,1.1177797483274838
2024-08-08,1.0618412752330844,0.6652594410121788,0.08131661865746008,0.1837905706511879,0.15689616606317297,1.197165872945178,0.5156695435700903,1.5408751998531092,0.48638930800036284,1.10245158053313
2024-08-09,1.0632969227588083,0.6616236509694899,0.08197776200244752,0.19461604691250306,0.1558438264909834,1.2045269206308116,0.5178556586270926,1.5388970813279843,0.4839897864577567,1.1019356652866648
2024-08-12,1.062929815724249,0.6614966303947458,0.0820155929434639,0.19472704591608148,0.15667606873166798,1.2047373081331876,0.5174935107408272,1.5390884057360315,0.4842497900857649,1.102514111380034
2024-08-13,1.062213130324847,0.6585705576381461,0.07239185241530818,0.1829382786630362,0.15731699916283637,1.1930885868077021,0.5163715733606047,1.5339054361462885,0.48207051451909694,1.108691168873593
2024-08-14,1.060789625994039,0.6608798346486534,0.07330111196173907,0.18471680798248194,0.16177042383456686,1.194434508069583,0.5183669792403724,1.5304235075862418,0.4829875751569819,1.1110611555333154
2024-08-15,1.0579445777531056,0.6408305704949548,0.07471240858068666,0.16850727840257013,0.1499301066513501,1.189939784412597,0.4927051247183412,1.5474743085374785,0.48407874122981626,1.11053063518986
2024-08-16,1.059803310428958,0.6412724277050453,0.07353675284985042,0.15939122262118496,0.1447290572558353,1.1886483014516618,0.49713559781594985,1.543281767593736,0.48359720804703027,1.1106231108407354
2024-08-19,1.0499482570165288,0.6375208810786769,0.07981372459025253,0.17126096769014354,0.14189021365424176,1.1906331225067235,0.5012400852528656,1.5409658409673546,0.48263605707221413,1.1110809884059338
2024-08-20,1.0492529249145446,0.6384012855492993,0.07846090255288336,0.1787807902119524,0.13982413666058396,1.1905582377781823,0.5023561292138203,1.5392264444673336,0.4824655074905213,1.112222054461181
2024-08-21,1.0480423410717299,0.6384445312833782,0.0914818720301222,0.18236055756150496,0.14174261248919112,1.193829060083417,0.5092108571817364,1.5391187202623302,0.48263215660337716,1.1186715397398395
2024-08-22,1.0499759562543691,0.6246431428691572,0.08546815311088594,0.17527974009056588,0.14134148343690336,1.186709601159024,0.5141629494646253,1.5445842262704779,0.480500663089488,1.106868883826133
2024-08-23,1.0421221320661143,0.6250929133364942,0.0985720355601838,0.19014603904203922,0.13135590029909208,1.1911231315963782,0.5166174905115067,1.5410262007297197,0.4847719503894702,1.1106787900282666
2024-08-26,1.0294421606373882,0.6297523371764313,0.10208859966401253,0.17936083399407043,0.1263965329432137,1.1902032379492267,0.5098280991665579,1.5362411251411034,0.487583635566194,1.1139722837974708
2024-08-27,1.0274254383778987,0.6322809228123817,0.09694034160268022,0.17296017475344616,0.12417262904804383,1.1886127646733557,0.5066549259591779,1.5353548543614692,0.4856632152314792,1.1136686431279004
2024-08-28,1.0269198325240578,0.6293935639532974,0.09826823272589669,0.1746931565732503,0.1243924773993736,1.1889156360600475,0.507550414332186,1.54060132389028,0.48486423831962555,1.115893996690034
2024-08-29,1.0199098416340047,0.6311529598224502,0.09938392797764375,0.171098925078204,0.12551772105967082,1.186693936195359,0.5146249087065146,1.5479088280770519,0.48045068273505576,1.1224900146450079
2024-08-30,1.0087441210048904,0.6350601968580217,0.10544831070801182,0.16723353396285706,0.1297935703018997,1.1864032399721096,0.520368857011159,1.5617672762730057,0.4845881210418499,1.127818619829144
2024-09-03,1.0173180304268132,0.6439947740437298,0.08966961348732055,0.19229511236398975,0.10268043239057009,1.2131327637619258,0.5152135838244072,1.5368942844540636,0.48324856899117474,1.0861867448131715
2024-09-04,1.01796914368273,0.6446439851941864,0.08997616506377709,0.19289871692414365,0.10150372400566429,1.213411235092623,0.5130009432437133,1.539140907609378,0.4829615233835372,1.085853024571209
2024-09-05,1.0173103062010045,0.6433079004616016,0.09384672101823935,0.19493097266154844,0.09784470130853493,1.2113166231597552,0.5123164311955665,1.5317300411709334,0.4806315060358689,1.0816834745311164
2024-09-06,0.991521634115197,0.6596764780886619,0.08857134262342578,0.20125991824878725,0.09494087935867447,1.2081567472679977,0.5056855083437534,1.5414668446593096,0.4963004714826604,1.0629836675650073
2024-09-09,0.977529192387796,0.6655280887971659,0.09996836517829084,0.21264323400901303,0.09788637875850316,1.2081083273431552,0.5137773004798828,1.551132706075738,0.5037675655855215,1.0758088855205286
2024-09-10,0.9756364340272828,0.6530049077244325,0.10075099334024049,0.20375936891177676,0.10003314777686231,1.2069596944359124,0.5159221403290716,1.5548976177572142,0.5035086797604734,1.0788005777711445
2024-09-11,0.976298788212308,0.6534614428768972,0.08635497615404457,0.20149866613301917,0.08205711519703301,1.2039589835418019,0.518204988998166,1.5527098921704945,0.5008428838206879,1.067697916893168
2024-09-12,0.9687411875680092,0.6562427844057506,0.08804635767453646,0.2189441918566434,0.07333775517234378,1.2084356987809026,0.5186316765472165,1.5518671747126438,0.5006353751093643,1.0654360393273241
2024-09-13,0.9671605353648187,0.6519921768380745,0.08932048866882399,0.21864009323070846,0.07392467085110821,1.211730194473309,0.5214484026549114,1.5484201094976011,0.5008013791137894,1.0634477424762379
2024-09-16,0.9663070033365911,0.646300682974645,0.0906245138184664,0.21144334135854892,0.06978415085432635,1.2054214878920686,0.518003241367282,1.5545206996041805,0.4976141220364753,1.0555938851730384
2024-09-17,0.9724081370371255,0.6493499418026123,0.07991563194522974,0.20054356155711525,0.06344102773217745,1.2069160622432418,0.5149457381151012,1.5452792127850534,0.4987332079601505,1.064816527536639
2024-09-18,0.9676877714418048,0.651085523874761,0.08131293911292524,0.19966752180186895,0.06624625056728888,1.205193816928658,0.516580196873179,1.54468471972114,0.5007929649900587,1.0673072103909187
2024-09-19,0.9894852021103617,0.6532015651193546,0.07162751335563967,0.20817264460321497,0.050540064109773665,1.2349983694243902,0.48242556631246925,1.5346223605350209,0.4978812752780103,1.06030338025722
2024-09-20,0.982724545580601,0.6532609492166351,0.07552004300375102,0.20540954661966912,0.04715755302220936,1.2417805599217269,0.4815600847765084,1.5307995526076874,0.4813311516445879,1.0674737050933616
2024-09-23,0.9894552909230145,0.6553653270150689,0.06763028342220789,0.19549154774681693,0.037421619934414244,1.238494310339621,0.48484017289718007,1.510784176013716,0.47198296741835566,1.0302681627403123
2024-09-24,0.9911431036113579,0.653260695351069,0.06581355852461755,0.19563232652725296,0.03617389489172915,1.243123666326353,0.48678884764457864,1.5108750004216327,0.4726113384400172,1.0298391954408823
2024-09-25,0.991009695709528,0.6541791111407816,0.06866329815215973,0.19732643417206297,0.03857733831254615,1.2465670757981555,0.48708716214681486,1.5098175470462167,0.47213958407801043,1.0332500761185262
2024-09-26,0.9822390561158938,0.651539068536127,0.06252887654219724,0.19864918259447067,0.03030018689252943,1.2527761818556782,0.4585394134865217,1.489017142299344,0.46552716092574853,1.0326409558522718
2024-09-27,0.9812979143163172,0.6513147043663137,0.06176544504844003,0.19647144583749018,0.02922078576284111,1.2532241906583579,0.4513556527872852,1.4912988454097007,0.46631549316218174,1.0317898146387878
2024-09-30,0.9862632292507971,0.64862193903196,0.0630939706549835,0.20084382678014404,0.030976926825045072,1.2505435937219476,0.46630879457022983,1.4909764840848183,0.4645323099604205,1.0314075348853944
2024-10-01,1.0010305237643862,0.6531256178334288,0.061328491333284496,0.18037438985426313,0.030917359637457738,1.238602881996425,0.45933580916654754,1.4892208293797764,0.463978779447177,1.034462852693086
2024-10-02,1.0019075913718265,0.6524438126094675,0.06137907927141779,0.17837048303218234,0.03100280263403316,1.23800948207823,0.45295053465462715,1.4906387780979957,0.46346502002403067,1.0330050591240643
2024-10-03,1.0082906415805513,0.6549413846677108,0.06392049558587243,0.1805636556707463,0.034717318001155364,1.245488007812473,0.4699739239056181,1.4775505879355275,0.47823675662179654,1.0323051773487952
2024-10-04,1.0066541516039167,0.6701137022429154,0.06269549757841514,0.20618805287643782,0.02954268869401393,1.2585439368521691,0.4805525498926215,1.4806474542129735,0.46923704657682036,1.029170000053914
2024-10-07,1.0168513117051399,0.6679337907109322,0.06731851861030438,0.1985011936232517,0.034492991716628646,1.2460977891532337,0.5038776462106221,1.4908859690400074,0.4699889189413279,1.0368200127350233
2024-10-08,1.0196494824591393,0.6589336891244543,0.06592110732848917,0.19597467157090215,0.0367338656231494,1.2217191404697756,0.4960243164010392,1.489940997723849,0.4718951671188497,1.037328489619771
2024-10-09,1.0226006120403988,0.6640482161337616,0.06630609393655625,0.1845101030961847,0.0408665073327794,1.22252743843061,0.5020094891508211,1.493330078265664,0.4715096850764063,1.0334299070139152
2024-10-10,1.0248206932090882,0.6640732442539043,0.06690533072670603,0.1841909211244109,0.03906891715876072,1.2217263724765008,0.49041317592069456,1.4905367988588418,0.46858401522941173,1.032991365966318
2024-10-11,1.0201206397077789,0.6765835362672123,0.07145101708024958,0.1923417674756476,0.045410979063046274,1.22496609539816,0.48570306215939263,1.4890119574031149,0.47130712560782995,1.0334498723615624
2024-10-14,1.0293159939065601,0.6728454144364275,0.07206704301525584,0.1932797828843338,0.049227054996732224,1.2103390574017634,0.48488104415426175,1.4877805198452723,0.4727137514479513,1.022865267694906
2024-10-15,1.0166419789081516,0.6751520677946264,0.0645473333256877,0.2225634721394338,0.0495888587833842,1.2136643657721693,0.49603029801958587,1.4762511329375674,0.46820578662708384,1.0160913892686831
2024-10-16,1.0204974108957183,0.681021638291228,0.06263183842136295,0.22402149654163167,0.042848328800872595,1.2170893971659977,0.5047887517965156,1.470252983262956,0.4702802429238701,1.0247175385821814
2024-10-17,1.0196269403069576,0.6805419347098416,0.061773700443809657,0.22532263736007035,0.043004517453550106,1.2174629253570315,0.5050849552923901,1.4692771092183046,0.47031414490304424,1.0254977814855541
2024-10-18,1.0270968037156307,0.6778610941366917,0.04231641231545603,0.24062709499614024,0.0673057668173563,1.1845708735632965,0.49448594239024884,1.464361555886118,0.45127782953756995,1.004993793989242
2024-10-21,1.0296492452518844,0.68022661374464,0.04341035839553332,0.24204952936744173,0.06581443761783534,1.1757806091067424,0.4869544977331201,1.473102392010424,0.45240116792412566,1.0069857783877187
2024-10-22,1.0282940877538627,0.6718146472027673,0.04727241070795188,0.2282644808328689,0.06473267115715439,1.180860574058848,0.4842424850987595,1.4666763877612992,0.4480752754708374,1.0165039059452496
2024-10-23,1.0371629623329883,0.6677980336771312,0.03491193502826129,0.22656413015576132,0.06524256731341081,1.1773276774943593,0.4700210434772529,1.4781331672285463,0.45163225600971174,0.9960788779274742
2024-10-24,1.0389302554986997,0.6699545500725214,0.034811099323708676,0.2307820336623563,0.060969940126632725,1.177346447722051,0.44274019318869995,1.476389605432056,0.450718295755114,0.9950006699585974
2024-10-25,1.0400518345849976,0.6744744262231253,0.039113724987443435,0.23599065731808333,0.06715869965612796,1.175522287391538,0.4755569213842164,1.4393250172859906,0.44889725390970797,0.9822277997059496
2024-10-28,1.029572490829732,0.6839627733246726,0.02431961408246588,0.2295417090880368,0.06315514502872138,1.1791593066204362,0.4986559784116324,1.4411209345550826,0.46809409537696467,1.0011028423204413
2024-10-29,1.0350257792387183,0.6694132426983506,0.014350089796698155,0.22158940257620124,0.05537911092347488,1.1744417150426851,0.4888080810936516,1.4731952639272698,0.46903584498093914,0.9931692750625003
2024-10-30,1.038840099942067,0.6643791191561768,0.006811257919049193,0.22294380537386235,0.04790258276260206,1.1797473248517127,0.4829823421095524,1.4526468976398341,0.45750446352300295,0.9870958864289441
2024-10-31,1.0385587864667751,0.6620655515336196,0.01056862572408992,0.2174895146542216,0.05366381114784632,1.1877493671296007,0.46423532138819007,1.462053773262822,0.49312610458405426,0.9911390770913253
2024-11-01,1.030245148976984,0.6678195791245438,0.009692271643069142,0.21707855802493553,0.05582767546917312,1.1807303929946154,0.46124210128799165,1.4640256078753315,0.4884860971252243,0.9921435519845766
2024-11-04,1.0287819243976881,0.6665732131531646,0.0010979505572523227,0.17384810068839615,0.04293519536366923,1.1719322675794417,0.43834242465160594,1.4895925700822914,0.4909126823034707,0.9749464679554216
2024-11-05,1.0324969854036228,0.6632886245690475,-0.002544849748209205,0.18219552474102416,0.05091916417127492,1.1770612749158167,0.4441112627750712,1.495880493246343,0.47909505374931866,0.9650861990191615
2024-11-06,0.9858154905295665,0.8173620113970921,-0.007717274951155387,0.20204288765077355,0.003058304225526841,1.2675551146461819,0.342204984167099,1.4962110570283957,0.48664604293016384,0.9183944985343265
2024-11-07,0.9903941171625477,0.797242172366587,-0.010201207760276755,0.20346725999321788,0.009127327813813185,1.2568508146000295,0.34260435825941354,1.4957944671184162,0.48874342388987474,0.9184303982065813
2024-11-08,0.9897207660350061,0.7970316612228686,-0.011638356393602152,0.20296262974259666,0.013295749368274401,1.2499229782098673,0.34711930901898436,1.4933372543422154,0.48642479143135564,0.920435059536711
2024-11-11,0.9934887547347606,0.798311449731429,-0.023907156317293683,0.20391147319445285,0.014627851733804216,1.2538792753607542,0.3186111363982304,1.4946747138061351,0.4869214140744165,0.9147949409322863
2024-11-12,0.9848740289907303,0.7965343890636779,-0.018409960864350698,0.20041865324178854,0.009029916267036158,1.2522577848300473,0.3231255623824748,1.4925972062761335,0.4727000155126388,0.9185328493671507
2024-11-13,0.9835754201745975,0.7954968173708314,-0.018338437860211457,0.20125454229000772,0.009664600064831481,1.2545244209937791,0.3214913068174915,1.4902417748020853,0.472633660959966,0.9137196995350239
2024-11-14,0.9788830025793293,0.7900399145355402,-0.014031267778805739,0.20125147022453327,0.011937388743379008,1.249296169667091,0.25488805289218214,1.4988577506657879,0.4729939989934792,0.8578159474592649
2024-11-15,0.979749157754074,0.7674436874289211,-0.027250966476577418,0.2093619002922286,-0.0016529478016150902,1.2418254192143596,0.23942511252158644,1.5206335289714754,0.47638967579447106,0.8572060674598216
2024-11-18,0.9815736561679642,0.7663455051821744,-0.02638533316431019,0.21077940866229367,-0.00045023190598714565,1.2410657390503925,0.23917999950323263,1.518685681922738,0.4757288325907163,0.8587621326885385
2024-11-19,0.981098942382401,0.763908896615067,-0.028603119762791045,0.20753976021796394,-0.0004089955074749611,1.2387346060042839,0.24037907046587917,1.520167784137025,0.4734567163895992,0.8590457426901731
2024-11-20,0.9799121804248369,0.7662428123060516,-0.03233054429099649,0.20929058239066495,0.0020910864567429957,1.2473728573013296,0.24210344041762263,1.5226536011113936,0.4735457835506098,0.8582519546253347
2024-11-21,0.9774554057376733,0.7691062557060302,-0.0262584169643469,0.21253952579657548,0.00395747911159488,1.2509218211752138,0.24539835602819238,1.5115197369229514,0.4780442263458937,0.8554223305757976
2024-11-22,0.9779403331947027,0.771361133004101,-0.026195947811612365,0.2132868814936988,0.005403352759439938,1.2572013638830208,0.24388664555640605,1.5069989377708597,0.47820126351605075,0.8565244204669966
2024-11-25,0.9790208514226438,0.771790688885068,-0.025326423165382087,0.21135376813820836,0.0061803916632112545,1.259418347137677,0.24475010572947667,1.5092879368582448,0.4784929907621114,0.8589499665496244
2024-11-26,0.9804783466930375,0.7692121602901765,-0.0271190248636323,0.20444551345941095,0.008929267970414599,1.2589923076296476,0.2473789955398945,1.518597242933094,0.4777785751701067,0.8528347968049205
2024-11-27,0.9794125457427338,0.7689050869539775,-0.028846870365370043,0.2051887970183266,0.009145820355323884,1.2609754159439335,0.24316974170400746,1.5199170670740252,0.47673459273690844,0.8470005521873992
2024-11-29,0.9802630860472276,0.7677881619085071,-0.029234124237305842,0.20332407175756914,0.007555697121061278,1.261596932631981,0.24334136775019918,1.5201130150942936,0.4787703645882558,0.8444853507002384
2024-12-02,0.9810023116696047,0.7649930949643085,-0.03229155983801348,0.20269357026148402,0.005068103575184907,1.2605344214267478,0.24128798655292333,1.522260361833025,0.4777166430636231,0.8411511125314415
2024-12-03,0.9801165190682944,0.7655474329013056,-0.0392414420199435,0.20255635228269292,0.00815714749301314,1.2558349666460014,0.23897865986652198,1.5224799689033046,0.4792350821927419,0.8330759387034835
2024-12-04,0.9768405381861995,0.7663223315729212,-0.041987533778547165,0.1903589531820924,0.005319165755007514,1.2526582115611442,0.2322111800956511,1.5238468105404523,0.47497279420087823,0.8378933842799428
2024-12-05,0.978964640635694,0.7644354294144304,-0.04095337670676091,0.18718576865637904,0.0002511588672768472,1.2547989875767478,0.23012182434792594,1.5228150099130475,0.4788191404652864,0.8381317023487985
2024-12-06,0.9780818657173749,0.7619176619002522,-0.045286086763017125,0.1816875615050379,-0.0015071888476325325,1.2570474803689295,0.24037867121597195,1.5216510524058708,0.47644146838486656,0.8391942868554026
2024-12-09,0.966148310465631,0.769044193808047,-0.042673727841704985,0.18835902800443918,0.008196673221140208,1.2505104445424973,0.24747999930806175,1.517328041841154,0.48606121009951325,0.8243498860479994
2024-12-10,0.9635506971529277,0.7684119834502914,-0.0407198260019716,0.18686438180866113,0.008022589649950826,1.2565278313463226,0.25040771515841065,1.5179480544221788,0.48336865643030874,0.8277916438857141
2024-12-11,0.9605078136198422,0.7663325042257242,-0.049585117490361326,0.18287023552890563,0.0023853793381711,1.252031596282922,0.24834630853114015,1.5260595365448595,0.47407195455573403,0.8171296442891643
2024-12-12,0.9548791847144641,0.7675028670407849,-0.048373279081265375,0.18701610250934556,0.00213072208692471,1.2592300614238616,0.253744539558748,1.5241790083660927,0.46476494856553885,0.8164858274211971
2024-12-13,0.9517614023814605,0.7749198592074237,-0.053071219957128324,0.18272884754412871,-0.012610709967053508,1.2529254016134834,0.21430518874727206,1.5347149365694874,0.506241024644983,0.7753981803628552
2024-12-16,0.9534811879169985,0.7722531874229983,-0.05735800205399327,0.17566592887411744,-0.009707397359936653,1.244612335576003,0.21156771083788134,1.539604412849637,0.502745177044867,0.7663214900476927
2024-12-17,0.9489279618045393,0.7737325214603001,-0.06394361112359011,0.17639651868546946,-0.008313290801425613,1.245898387240491,0.21226819904104194,1.5415496673191746,0.5001733035208248,0.7639108360556177
2024-12-18,0.9395538488595728,0.7955944522927032,-0.039034310528597495,0.193775380095187,0.004434280614233962,1.2375533564528634,0.2503052234323289,1.5385444957946222,0.5063397203822042,0.8087787862256116
2024-12-19,0.9388602836764869,0.7918929348085678,-0.04035726844785306,0.1909376689157487,0.004675852262179526,1.232747299327275,0.2491717708605543,1.5405969968894593,0.5054956346565248,0.809625499111072
2024-12-20,0.9470048855274215,0.7981247698056075,-0.05693437323788501,0.1776309247947697,-0.016221438277700753,1.2413187100515248,0.2394389016317283,1.5458449331306447,0.5031124819651343,0.8059520273553584
2024-12-23,0.9518125687187565,0.7987831566848554,-0.06098741034991677,0.1771900755499097,-0.017447165471053624,1.2438065729770333,0.24745934355398103,1.5442926451408052,0.4986820514926331,0.8092565645047194
2024-12-24,0.9525631922498337,0.8032722892746899,-0.05811785691164505,0.1763600829956762,-0.014884595865198812,1.2388757106291455,0.24888481477542063,1.5448185423552325,0.5004134691663481,0.8074133567335741
2024-12-26,0.9537867093627904,0.8026869979483545,-0.05892888865312058,0.1760265010145437,-0.016239215443576198,1.2362249971743642,0.24835552207414255,1.546954287255653,0.5014624628725665,0.8042079316993549
2024-12-27,0.956142098476282,0.8026420678146872,-0.05579840211132792,0.1749243431749499,-0.012753078214992492,1.230233900346144,0.24936842528625142,1.5452878931890273,0.4993670974808691,0.8079026529222753
2024-12-30,0.9586463246008434,0.8027356478323703,-0.04685216211610946,0.17814464327068835,-0.0018021208492394471,1.2241379204416472,0.2516533055614683,1.5414103515285802,0.5043038802462148,0.8018180853707138
2024-12-31,0.9589933824482043,0.801435623121755,-0.04947392906946258,0.17204780176283346,-0.001537865261291026,1.2225282880643884,0.25077099335174124,1.5409239162955028,0.503666328976488,0.7960313267218206
2025-01-02,0.9510716643303603,0.8073266551442425,-0.04026844296922928,0.1825594349562506,0.0064059541850053905,1.222334470722672,0.2569331489828791,1.537619615113452,0.5056198864022667,0.8045490140118351
2025-01-03,0.9404451937538058,0.8100228961699745,-0.03540269214691423,0.1898930050407326,-0.001498919258427971,1.208655328449235,0.26266304428601395,1.5376561679172451,0.5012753544612303,0.795140885210382
2025-01-06,0.9380695453130559,0.8094951482905514,-0.03688210395374227,0.18692396590324212,-0.008160743589517232,1.209960777488998,0.25833393260901344,1.5335712599730495,0.500663922632134,0.7977094149146687
2025-01-07,0.939397138428267,0.7960011730474847,-0.050309985207078634,0.1783966866792109,-0.010554476184611281,1.2019444609084358,0.2648802109425476,1.5391537100996444,0.492505079042214,0.7905470279398141
2025-01-08,0.9306756191952049,0.807100495144622,-0.05425924071620032,0.19377185109103673,-0.017189708118523148,1.2061401326082448,0.25728255859403265,1.5353309169638885,0.5002061412232239,0.7817025214382813
2025-01-10,0.9406263029158809,0.807830651574062,-0.052143648289004335,0.19289299292945045,0.005937317691993298,1.215703141135495,0.29817002747490734,1.5288599918954466,0.5057777636232261,0.7866377219797829
2025-01-13,0.9400290886188154,0.8096023598453753,-0.05191971342254912,0.19747469158688996,0.00485079214041317,1.2181468282607675,0.2971339161252669,1.5266487695911397,0.5079793239442907,0.7873119806489242
2025-01-14,0.9396309623586633,0.8094167467163139,-0.05226926949003616,0.19749569938130546,0.005285241791517785,1.218314552244795,0.2950955601811269,1.5274868506402546,0.5083355805937726,0.7864944743745453
2025-01-15,0.9419919386130058,0.8134502057270641,-0.049311001026197857,0.2105971526435544,0.004221610467767176,1.2039232009465486,0.309372411224848,1.5247365702000013,0.5004048377874638,0.7698739557904307
2025-01-16,0.9464527601831757,0.810734771055715,-0.056088113683721894,0.20460897929918676,0.0016925418979442384,1.1988853199364233,0.3008840920361444,1.5252580021847535,0.4972729671910981,0.7619361325952618
2025-01-17,0.9453325529141076,0.8154696942614184,-0.05876576507861698,0.20546866861481758,0.0038577040287731523,1.1906985303658881,0.28083894748721006,1.5294470791558705,0.500329120151884,0.7437481938121681
2025-01-21,0.9147504245471392,0.8216360553882773,-0.057436879788000536,0.20277593495019264,0.00834967889737006,1.202113509598755,0.2865080093817059,1.5338831835504287,0.5060958154539728,0.7797791461993078
2025-01-22,0.9116699403161467,0.8153017060068167,-0.06604996853302914,0.19771761354926645,0.01720949919662315,1.1980184132311413,0.28277150089400716,1.5417019323627543,0.5103034167791298,0.7668381063661568
2025-01-23,0.9094362858600805,0.8173070084360978,-0.06376548683460362,0.1989922941513079,0.019233145994395913,1.201458447205681,0.2857123051357767,1.5404290370513098,0.508776043764093,0.773792473615368
2025-01-24,0.9091987491662056,0.8192239602969529,-0.06212297902157295,0.2008528082227133,0.015855552234311864,1.2004800625108045,0.27286593407970455,1.5396797795902102,0.5089947465412992,0.7732047597892501
2025-01-27,0.8673134669487427,0.8057949486353845,-0.09969785858746501,0.18573095655304364,-0.01532873121951915,1.2134408903862317,0.2572970371856891,1.5170091398588175,0.5014545326505494,0.7439258338264358
2025-01-28,0.8832228352240751,0.8015800397929088,-0.10857777637366067,0.1687387408121368,-0.03163610947672736,1.1944241937409699,0.2294938293331527,1.5163165090633017,0.4938815572012144,0.7357754784174773
2025-01-29,0.8796007261089015,0.8010198217273256,-0.1101429801501647,0.16740456437140833,-0.03127091368974491,1.189804402797794,0.22849762287447337,1.5164721512997168,0.4911359168468271,0.737880554922066
2025-01-30,0.8805242432685788,0.8030856569666309,-0.10692332684279088,0.16941972148841355,-0.029416486348936656,1.174323281411758,0.22307380387801545,1.51087523490018,0.49527042759330697,0.7390807119964583
2025-01-31,0.879739347253957,0.8050333259867057,-0.10539973589009557,0.17939989318675922,-0.0255522329070307,1.1760578135170088,0.2211872271568944,1.502629938285037,0.49511219646996757,0.7407858517374993
2025-02-03,0.8881499952978728,0.8044161202239212,-0.1050309981580482,0.16033643405928205,-0.036917953539775804,1.1895706409418396,0.21592002605629212,1.4974136173309947,0.4844635247134022,0.7578206700391116
2025-02-04,0.8923036518249993,0.8138442101721618,-0.09905977999595224,0.17470813393699355,-0.047605865975631136,1.1797518127036322,0.19769346774932683,1.4956069139067953,0.48126463719465434,0.7427903423792215
2025-02-05,0.9004614230156275,0.8172805681073729,-0.09141581839813241,0.178183382635419,-0.04258184240823909,1.1702897034433977,0.21333353551710896,1.452358865778503,0.48589006287843867,0.7529477417447562
2025-02-06,0.9034945320895824,0.8206807429567372,-0.0941116712088424,0.17476895658907435,-0.04271752562148588,1.1787257400164592,0.2039167566928949,1.4522825960893,0.48463116912570403,0.7485257009426893
2025-02-07,0.9126625417470722,0.8191231529278384,-0.0931805336982473,0.17072208249792217,-0.03924902245958387,1.1741149792930792,0.2119770310003243,1.4700717745440033,0.48627890770832916,0.7474935923630966
2025-02-10,0.9140269968747845,0.8132238446964103,-0.09040122013780443,0.17802055361620078,-0.04064905990575447,1.173738823731075,0.21870477894281615,1.4745932024896933,0.49015616605653084,0.7598088436974054
2025-02-11,0.9133618498798014,0.8127972982133238,-0.09087667059819546,0.17811407500125426,-0.040992545135894766,1.173734807873848,0.2184504342968501,1.4745791771992023,0.4900618515318307,0.7595887814878828
2025-02-12,0.9094484098900012,0.8137147255671968,-0.09037794665348524,0.1912436770905967,-0.03868119347555866,1.1854358480083038,0.22079240335181952,1.4716766000958976,0.48773650069791163,0.7617146688211371
2025-02-13,0.9142960976203913,0.8102189679066324,-0.08173045163053451,0.195622128256653,-0.03401178057741998,1.1828139417841672,0.2149840035748332,1.4651643826851377,0.48799599576319674,0.762824600972543
2025-02-14,0.9143416507059152,0.811161079348941,-0.09035347888028494,0.1900243212577852,-0.036978140969067826,1.1732282275172108,0.18168511727670303,1.464206130157324,0.4872309155099218,0.7648449913588229
2025-02-18,0.9215566573943921,0.8114835402738017,-0.08811651554216593,0.19551642669870736,-0.03322735450099311,1.1723757748715418,0.1762383298333684,1.4630669010551263,0.48880827047524616,0.770226889775713
2025-02-19,0.9237374806367638,0.8060860519117654,-0.0906728210778123,0.18724070746719543,-0.035285984498416405,1.1676808282749291,0.17058807006103524,1.4674638988566757,0.4812501315009997,0.7654173530409634
2025-02-20,0.9198145667407572,0.8187970768174413,-0.09472024690027558,0.18238806844760477,-0.03558482674335369,1.170254119169129,0.16417949639831225,1.4725613055717062,0.4838963397024152,0.7683307508993181
2025-02-21,0.9050097389156688,0.8184445563102228,-0.10732184605938311,0.18843839192246412,-0.0517002106277345,1.1690017998371522,0.13688358888629212,1.4737146000917938,0.4893986729762347,0.7547706860419859
2025-02-24,0.9014151176035832,0.8210782901453828,-0.11023205202639948,0.185831068377419,-0.0524279963539288,1.1677071304358189,0.14055819164130479,1.4771597343476146,0.4878973473601452,0.7538984449889454
2025-02-25,0.911045468381312,0.8332362900923352,-0.13127559337492148,0.19666663954062422,-0.05839518815203231,1.1733750501593072,0.15303537111560678,1.4691625493363702,0.47174709309478335,0.7664838225701779
2025-02-26,0.9116763492036513,0.8331802413951743,-0.1305415450479726,0.1965658299131817,-0.05809235974883695,1.173461048214132,0.15320038540941647,1.4689826634225274,0.472158260912887,0.7665529450451641
2025-02-27,0.9093138703966376,0.8195507821336564,-0.13416755200914765,0.18854551691846486,-0.06222848580285196,1.164514028058877,0.16937841418010044,1.4729701989172412,0.46620988631418975,0.7483328924362881
2025-02-28,0.9126788188656402,0.8265972718332969,-0.12533575852311443,0.19553339517436677,-0.051378339120178376,1.15821717555539,0.18370484607094673,1.4677073290302851,0.4730514749480303,0.746593709187065
2025-03-03,0.9122614987174765,0.8292358855947239,-0.13692233529043651,0.2270006924868772,-0.060130822700134506,1.1742192477945381,0.15778179115002247,1.4767223024695464,0.47714749907752124,0.7369818654879298
2025-03-04,0.9135108643130818,0.8511678348010521,-0.12688221201074232,0.22644425844682453,-0.046964986344338176,1.1729271034635194,0.1650588431536238,1.4640273279777003,0.476262726957123,0.7428923481641735
2025-03-05,0.9123511447811845,0.8530380667818419,-0.12960528168491278,0.2080132965935364,-0.041497942097164786,1.1877295153149863,0.16089019876928207,1.469287589688885,0.4835570932308174,0.7476188165452095
2025-03-06,0.8954718996701035,0.8596267488163899,-0.13279157261525734,0.18120605727303243,-0.0401037493184569,1.15807469085648,0.16551755063886758,1.4801758513137118,0.4806206798383265,0.7641551784416012
2025-03-07,0.8858703170792194,0.864089881510457,-0.13177765700222557,0.19318231943622668,-0.039578962809026945,1.1623251533847654,0.18172580444860664,1.473079850155102,0.4918321130433999,0.7618818602017458
2025-03-10,0.9275390669260117,0.8927461384759122,-0.13402031078128576,0.14459053812881834,-0.04012281430310115,1.1363992830880967,0.10696145881743939,1.451444501786941,0.4923686446626263,0.7553098528730522
2025-03-11,0.9437919808888242,0.9061190875062517,-0.12748959133880078,0.15248062132528215,-0.03550658662795332,1.138291357792651,0.11373579009351521,1.4397836552642793,0.4989670937272205,0.7605316241672876
2025-03-12,0.9440024446483594,0.9062031672557045,-0.13088295396162833,0.15608265153560935,-0.04337387251343576,1.1375008588300926,0.11995791966110221,1.4413198430310128,0.4958532148758543,0.7654741124491072
2025-03-13,0.9615491682250686,0.9062053649950591,-0.12908266779183789,0.15827789141553564,-0.043087495778863,1.1352191146026214,0.12155538065765177,1.4439457188866325,0.4853763010586478,0.7923825391318265
2025-03-14,0.9633199482101211,0.9215581691504402,-0.13363203124091025,0.19271586860750262,-0.04799387250736762,1.1329757073221907,0.13881383683812565,1.4306430646096404,0.48013771150035245,0.7926639148362941
2025-03-17,0.9605150613557961,0.9226691990930066,-0.13470251379842194,0.1990532636991838,-0.04429528243400159,1.1354544895791834,0.13696789389627864,1.4251916778669962,0.4840773078892479,0.7977822272730012
2025-03-18,0.9607493641043244,0.9118683603670963,-0.14098243234047142,0.20172739926163735,-0.03766319293508332,1.1391984384915104,0.14807499999975882,1.4279203971804424,0.4803170480115692,0.7949619114689436
2025-03-19,0.9625876541085165,0.9222559637136242,-0.14744343701879764,0.20876668174023005,-0.03525350573593414,1.1440084672712227,0.14853693350758362,1.4217232823666393,0.47317349771276557,0.7933895935831115
2025-03-20,0.9631997281393042,0.9202914247665757,-0.1447284783710128,0.20574757832581309,-0.033992252523698294,1.1422514036990052,0.14742140296499331,1.4244107203817005,0.4759062107993962,0.7976876481424796
2025-03-21,0.9615184721013632,0.9205287276983422,-0.14377394378579192,0.20408587441303372,-0.03515779066432166,1.1422945375560913,0.14266746945415196,1.4245114942560884,0.4762655728041091,0.7986276835948392
2025-03-24,0.9532998592062757,0.9274433110478663,-0.142801361195272,0.20430207324414276,-0.040958102151671644,1.1414436074495167,0.12341782834228253,1.4342715868038767,0.47205135871724535,0.801787470903363
2025-03-25,0.9605902087583902,0.9265753918765878,-0.14366682312790546,0.2041723138602792,-0.04187699144252916,1.1386523358749732,0.12420909057796128,1.4355678729967325,0.4721513160281543,0.8000899419330483
2025-03-26,0.9611425313078108,0.9199047387650701,-0.1454902370966804,0.19421406651207454,-0.05548559633182079,1.1318429932755243,0.11429916438437558,1.4399887044013213,0.46405971779048943,0.7829625944149259
2025-03-27,0.957547739509772,0.920407764809775,-0.14717378855150418,0.19666977574168804,-0.05959984938649498,1.13167302407321,0.1159013788458462,1.4405073477808823,0.46211883313695123,0.7814447521725716
2025-03-28,0.9655484495090575,0.9254575429203105,-0.1469923865146096,0.19314106544468057,-0.053594973021515065,1.1381906353486662,0.10492016456148687,1.4548686998528966,0.465510537286414,0.7656647044631328
2025-03-31,0.9639756079129095,0.9220556262942976,-0.14972539986922406,0.19194380725225751,-0.05528114659179308,1.1307810385349977,0.09052798945542859,1.4509236368810443,0.47158241484843383,0.7578351169151653
2025-04-01,0.9645304087197645,0.9200065643247657,-0.16338478432252312,0.1915076578307059,-0.05505407921908627,1.1303610778891466,0.09038600665539095,1.4516895308892535,0.472017814022555,0.756457687498105
2025-04-02,0.9622308089362954,0.9199633925821781,-0.1588968688782356,0.19079129538656298,-0.05841446699574551,1.131561528819986,0.08686820148419983,1.4558281600700946,0.4727304505082291,0.755699407345489
2025-04-03,1.06632485744528,0.9796515910773256,-0.20602213288553753,0.295048723497371,-0.08965046154788334,1.2049258711224111,0.023591436434161485,1.5020306728133377,0.4332280247227438,0.8822782868135659
2025-04-04,1.0894425837644794,1.019671489181514,-0.07845433461081198,0.4228175421218889,0.04327766111722506,1.1685874807428556,0.19312866552234587,1.3877766203313318,0.5198073804310658,0.8341394513027636
2025-04-07,1.0964872023179848,1.0198674195026054,-0.08302314155869386,0.42833453022533263,0.04314079977075274,1.1704205709064073,0.2057904043964549,1.3871299065207248,0.5198634145911677,0.837262178382817
2025-04-08,1.1204270167273547,1.0046514978302916,-0.0796300321650739,0.43277612487443273,0.04843717913876451,1.1660182149735454,0.21102985055001092,1.3843313098135281,0.5281027223855067,0.8632360280562393
2025-04-09,1.248228933219677,0.9611449710831552,-0.041208575508468445,0.45809136591913013,0.10369025536615283,1.1347635085225025,0.3045659592416874,1.3512128219323674,0.6081889911759948,0.8994493817005852
2025-04-10,1.2478101892917226,0.9597643162962898,-0.025076588692578734,0.49618062102030497,0.09286857357753008,1.1341601732854507,0.30676279445694,1.356003060008172,0.618623423136927,0.9012540546737104
2025-04-11,1.256582161000331,0.9706971523998549,-0.018491099535269704,0.5117559836443694,0.10326560992773416,1.1350296016300627,0.2920372609868562,1.3577190093363025,0.6218655109230805,0.8910726585733901
2025-04-14,1.2523610539464345,0.9691572943113673,-0.012846079760745168,0.512854284301034,0.1079113194587263,1.1382817194118104,0.2983712247336137,1.3508489485140498,0.6226680820628612,0.8961567300330467
2025-04-15,1.2633666035552737,0.9480548424313835,-0.016353787883132055,0.5113940489484894,0.10723181101373422,1.1391592900352332,0.29440362561191397,1.3533397156974196,0.6206480438426186,0.8973203404292263
2025-04-16,1.2678961739070165,0.9485403593811461,-0.01713266505242739,0.49750908845941993,0.11430802193693446,1.1329522619853944,0.3085857565236531,1.3535588300875114,0.6165567578963086,0.867362714685418
2025-04-17,1.267161091731643,0.9481119963327115,-0.01784167796857621,0.4978599497146267,0.11526605088648965,1.132860201997551,0.30780587642672536,1.3533065622434044,0.6170450272382786,0.8674510580391448
2025-04-21,1.2604640995951295,0.9426374082558343,-0.014700492280739056,0.5000169294032393,0.12956435187659257,1.1334462483580177,0.32515050262347156,1.351784949225191,0.6204452589886607,0.8651105023090802
2025-04-22,1.2614660966927818,0.9459043091811112,-0.01082755285841918,0.5106189940190765,0.13632594236988285,1.1302186886404246,0.3400812109375271,1.3521788939853328,0.6263042767140482,0.8586145338938462
2025-04-23,1.262235876904644,0.9563490817959975,-0.014026675614425164,0.50724689343788,0.13109725916333245,1.1305653102547983,0.3433597438843348,1.3578799359048765,0.6168562761935015,0.8581696991843708
2025-04-24,1.2595827133703918,0.9516414385475396,-0.01734125374447195,0.507870574591949,0.10677465078964295,1.1388870839229681,0.32958008563972324,1.3600996250132729,0.6127054899015503,0.8592010909828022
2025-04-25,1.2614030840831398,0.9486808256699617,-0.018654172254561233,0.5076986876489851,0.10694183316830906,1.1363132247691967,0.32545288941151823,1.3616496931945556,0.6149529965260254,0.8569410564214681
2025-04-28,1.2614923536190201,0.948686497171068,-0.018667745868935038,0.5077054859281699,0.10701461346275054,1.1363356071171007,0.32549228861568325,1.3615000417027816,0.6149350848282732,0.8569113900553549
2025-04-29,1.2624894792105188,0.9492958785727279,-0.019808066032239915,0.5076639695662503,0.10728358777186227,1.1270300842117478,0.3283708118098508,1.358772094663809,0.6155076786579111,0.8566600454057053
2025-04-30,1.2669978150387815,0.9517966990126722,-0.018467450099747117,0.5154191823430756,0.10967392061215162,1.1258557268400882,0.3326597500088769,1.352913980836329,0.6176513961181935,0.8568402204037472
2025-05-01,1.264789649124992,0.952545622899082,-0.020686013879298016,0.5142539932974892,0.10691235950530943,1.126080072758385,0.32887140124818637,1.3562889365160942,0.6150833677940877,0.856891562058802
2025-05-02,1.2438439882090249,0.9582633322562459,-0.02359766107943114,0.5118360549827695,0.11241945503053649,1.1208162750275097,0.33231554423328724,1.343344854453978,0.617780156142098,0.8543792038550059
2025-05-05,1.2480204202851297,0.9575797224331153,-0.01734098230810786,0.514465951167647,0.11440125471969116,1.119074182703199,0.33739569624503674,1.3482176222049749,0.6186708611008375,0.8536441866652197
2025-05-06,1.2439751297641248,0.9614556163620528,-0.014543784101649684,0.5110068899657046,0.11325071843421514,1.1178000572933282,0.3352557458282813,1.342834510254045,0.6334824026442302,0.8497160621086823
2025-05-07,1.2279155608495496,0.9671194780585237,-0.011184690190821238,0.5133372786859035,0.11246800140922261,1.1202746904467502,0.33168817189556704,1.3470810450889703,0.6333281971256534,0.849090402268231
2025-05-08,1.2335723921728967,0.9693591969811868,-0.011431216018127098,0.5145756173769785,0.11213877914270141,1.1199225949704834,0.330184422734831,1.3486366010524742,0.6338015234592548,0.8543705050393167
2025-05-09,1.233338136701699,0.9694984780808289,-0.011156345971766384,0.5143323119643675,0.11213162631044857,1.1195795820264771,0.3290767337995352,1.3484758334068163,0.6336594007264196,0.8532618868518034
2025-05-12,1.2525837101468282,0.9656274861581539,-0.01154445843470159,0.5149916438121932,0.12630069621689957,1.132960123836971,0.31287954176299343,1.3794463032087874,0.6195138451487708,0.8565996404490022
2025-05-13,1.2523352107513968,0.9658119650098317,-0.01874321769074478,0.5128237938265088,0.12316502094761968,1.134843509455571,0.31596551843631177,1.3798787294075585,0.6170611302403316,0.8524994701515465
2025-05-14,1.2525348921116966,0.9658038465462142,-0.018928673850421577,0.5128358103865192,0.12297586203136272,1.134532976756839,0.31628591623846686,1.3801532790389484,0.6166550783765063,0.8524544539424393
2025-05-15,1.252043042418902,0.9659820317469145,-0.01666767847288776,0.5136218246627547,0.12540979064062657,1.1343080489982729,0.319453743317319,1.3772727530886801,0.6181825269764762,0.8536032178239684
2025-05-16,1.2504018439311508,0.9638080234172277,-0.014844648080747834,0.5120386247308852,0.12630709480559715,1.1349525179046984,0.3190171435886563,1.3764427862041662,0.6197834462711145,0.8544786813835281
2025-05-19,1.2509856129991674,0.9663690043899046,-0.017248230331670528,0.5112768807050209,0.12551764797375614,1.137153722138884,0.3136753228266601,1.382799168676056,0.6228226891233151,0.8527605251921534
2025-05-20,1.2517071188499636,0.9658886757314185,-0.01739195012462629,0.5123295055496099,0.12543163153602532,1.1360066275631475,0.3121437140509118,1.382667529905601,0.6225735826362024,0.8549958962143986
2025-05-21,1.2529236898705924,0.9668852511607934,-0.015885602061002067,0.513592191861054,0.12514834664270585,1.1362957934104267,0.3266785965523674,1.3791737202579302,0.6222405868064879,0.8649500869385811
2025-05-22,1.2529341473406317,0.9674515778539646,-0.015637507013530005,0.513818031004325,0.12522828140618145,1.135895584889382,0.3281895881862699,1.3790154792184746,0.622062294789541,0.8647901578711257
2025-05-23,1.2567386393653408,0.9655040799498344,-0.015960842966412248,0.5133802281397958,0.1238414579758155,1.1360336795487092,0.32471666169283286,1.379525671073866,0.6211305355787187,0.8662883816501038
2025-05-27,1.256320509854795,0.9635541050270626,-0.009225576087408878,0.5091689572046283,0.1281508375689563,1.1360114470526503,0.3230350308249778,1.3781698075993407,0.624783875916636,0.8692545606901495
2025-05-28,1.2526716881388154,0.963752779027549,-0.013460965721835657,0.5081592451013205,0.12577371323988631,1.1346473658141796,0.32248530316850654,1.3777171420840906,0.6258220603518935,0.8612260213244415
2025-05-29,1.2506903975242782,0.9616931529876437,-0.009725194472896001,0.5091833727233019,0.12670145878835457,1.1369807420270022,0.3222701350911468,1.3795303843877742,0.6253790072063932,0.8644155230747387
2025-05-30,1.2506192424793998,0.96167306474381,-0.010008398466068297,0.509327654887995,0.1264873334550082,1.1370818085383283,0.3220019114226267,1.3796329563763166,0.625171097644291,0.8645156467194018
2025-06-02,1.252801998383616,0.961304783484201,-0.009972282700477673,0.5085205066133925,0.12357358106084368,1.132632334231232,0.320291750534545,1.3817830493309844,0.6234644848187391,0.8656206444650727
2025-06-03,1.2551105551879957,0.9631343470481882,-0.009986102957474192,0.5102851308199979,0.12375844471760977,1.135411726935827,0.3253158614803777,1.3789820305542049,0.6272439664393257,0.870336375959365
2025-06-04,1.2560520800402002,0.9617055234337123,-0.011645057690645312,0.5056599952325449,0.12174705760492616,1.1375135516373942,0.3214618775384054,1.3840888340987412,0.625729551896541,0.8665018202162513
2025-06-05,1.2565230125302915,0.9624278378442449,-0.012108165293749987,0.5061976424008757,0.12450892838304253,1.1370435006749218,0.3179886673959512,1.3823879480599792,0.6264107012218133,0.8670227795894077
2025-06-06,1.2574695455536848,0.9637266045313109,-0.009935459873594643,0.5113780059605885,0.12572646830641535,1.1376057575314034,0.3197073571065846,1.3855373118654797,0.6261978130496096,0.8668145711972525
2025-06-09,1.259308966419883,0.9701004115933207,-0.00622851083887941,0.5119484992082252,0.12775806827392297,1.1399563834921451,0.32111029394044244,1.387353252205399,0.625716661455549,0.8698382998000641
2025-06-10,1.259110108120161,0.9701418511743424,-0.005225245032113954,0.5145244956520463,0.12818227886870606,1.1392750881747984,0.32243129363046025,1.3871440026049184,0.6261237896296638,0.8701491063546392
2025-06-11,1.261035043895018,0.9708193745818101,-0.004365910079647411,0.5122979191149857,0.12816906514105333,1.1380715936342805,0.3213986800777064,1.388445963930451,0.6272489153726725,0.8708222605225902
2025-06-12,1.261973069183946,0.9707215010157764,-0.0036314019719499283,0.5123808894817309,0.1286161564389588,1.1372415439529973,0.3212333693660402,1.3874236775577997,0.6276887799915919,0.8701646905200092
2025-06-13,1.2578317058759458,0.9730549338442895,-0.004169329910825888,0.5045007934710133,0.13353499988783565,1.1371882514957559,0.3193873532165542,1.384450820566241,0.628152853349335,0.870252121595691
2025-06-16,1.2537723093366204,0.9802893852039055,-0.005023296235068974,0.5072990523327401,0.13715944332375538,1.1392885084113293,0.31755055833019635,1.38856962513141,0.628819486905533,0.8666673268510349
2025-06-17,1.2542615269970254,0.9790300163520425,-0.0007719675439565553,0.5037431894610633,0.13987188939227194,1.1405932621561845,0.3223128405320098,1.3882545597148293,0.6298688790981997,0.8667511659262555
2025-06-18,1.2539888133629495,0.9787226389709596,-0.0005492825463746457,0.5036902133588302,0.13998502501400792,1.1401410010839346,0.3223543056464784,1.3884456963310667,0.6298161927291526,0.8667383073026388
2025-06-20,1.2502812112949666,0.9788661902592037,-0.0005669000149985691,0.5047624589568571,0.13890617280028217,1.1409682576112934,0.3247210457152961,1.3907402128402977,0.6294779678865704,0.8674596034867839
2025-06-23,1.2488918093091739,0.9788184785751814,0.0018910212434010882,0.4970871684526913,0.1411809508061511,1.1417807170678975,0.32273944617781414,1.386739697665491,0.6302214676850266,0.8694447565242562
2025-06-24,1.242267865224314,0.9792237707957612,0.0044696682221856895,0.4890646921022089,0.13926539730854273,1.1444796964112034,0.32659056211257026,1.3897869897142285,0.6309177119407707,0.8689605044842525
2025-06-25,1.2417545562887575,0.9784907268769436,0.004800578240815498,0.4886346932495899,0.13957889234894819,1.1444078241177076,0.327064185200888,1.3908089494052664,0.6310672687629862,0.8695554793188869
2025-06-26,1.240119064993863,0.9813034021258249,0.0046046370632271665,0.49367159263745636,0.13913697431982847,1.148842058827035,0.3297574412124384,1.3919718749361567,0.6321444601333263,0.8697488434125076
2025-06-27,1.2394493108908775,0.980652609742465,0.00601651326411172,0.49263697521626854,0.14084070936357226,1.1500618705255348,0.3305051103306747,1.3946081092855864,0.6321737905612943,0.8722964584789381
2025-06-30,1.2406975561295583,0.9812119971591554,0.0063080095687214005,0.49067260907675425,0.14028430765566674,1.1505043841523956,0.32775412218162464,1.3907802475373785,0.6333373660678219,0.871146819442004
2025-07-01,1.2400316698289995,0.9810899656859633,0.005494560341909098,0.4900348799033017,0.13980322963631212,1.1501560371875668,0.3254579658024545,1.390338662251285,0.632591450581579,0.8704312367003807
2025-07-02,1.240554067510205,0.9832554206605124,0.005439268898100001,0.4920653798197694,0.1385675414152748,1.154182065182358,0.32063009945184134,1.3872938436374136,0.6322733605282969,0.8732598391863303
2025-07-03,1.2382877716814031,0.9844599278363091,0.0058406128455482705,0.49346413812943074,0.1385980830491555,1.1527470786594016,0.3230994118540987,1.3872893029056061,0.6318164478096808,0.8716380113888921
2025-07-07,1.23837546228093,0.9846380306217385,0.007413594733966364,0.4960644865966332,0.13790906095832708,1.155916672968334,0.3192648879455969,1.3840473259249246,0.6336758835589954,0.8725534537726748
2025-07-08,1.2382945955187223,0.9864227221496881,0.007646131975332912,0.49485813518316285,0.13855763421852604,1.1553844880122055,0.31825566235001207,1.3867763211983406,0.6332631266884969,0.8727322444407417
2025-07-09,1.2361605853152384,0.9880653320764933,0.007411890056657306,0.4957957289652148,0.1371638710393299,1.1588365094863042,0.3200612880197789,1.3870570457251827,0.6327499501557042,0.8707097856348148
2025-07-10,1.2362819760903712,0.9888547108434619,0.007972104656086849,0.49639758508435394,0.1374069769146905,1.1594850409730315,0.3207575514872204,1.3868317865594397,0.6325450423350376,0.871675251442458
2025-07-11,1.2363701301923407,0.9890438504056948,0.008461595214724926,0.49587228568467684,0.13825968921346785,1.159779206103235,0.3209927725559547,1.385171190090608,0.6327136782453899,0.870674490686864
2025-07-14,1.2343518073343411,0.9916738408064484,0.004585622690500033,0.49465688947923153,0.1363981959247825,1.160933243924312,0.319381105623725,1.3881184359968068,0.6321667752868088,0.8682944540484144
2025-07-15,1.23067928602599,0.9936129858715927,0.0061684881318492014,0.4992923348658057,0.1356454572600173,1.1650063357868319,0.3262615439000788,1.384406111666133,0.6351541502538143,0.878425378154542
2025-07-16,1.229912762027285,0.9955144759235838,0.010301172242616159,0.49909759395298614,0.13535272747871818,1.1652803422333893,0.32428000701019555,1.3844828961296187,0.6336310534818281,0.8800722372214332
2025-07-17,1.2282894852583055,0.9952677446142136,0.009152241584694252,0.49722484185459465,0.13753571890235433,1.1644606009018714,0.3286406352015999,1.3846930672219684,0.6340856266796892,0.874968332794364
2025-07-18,1.2289714522110047,0.9937676497329103,0.007412976076848421,0.49711674790053906,0.13544076317075388,1.159372467752754,0.3268970306425761,1.385651375166121,0.6319899764079946,0.8752147225144585
2025-07-21,1.2263397459530914,1.0041692838776815,0.021086840874864603,0.5049945361728498,0.1417507682118958,1.1622879836216786,0.3233200098924508,1.383211040762559,0.638497564609213,0.8854928668553652
2025-07-22,1.2241396915543012,0.9987848969888327,0.019452058483499825,0.5080775503250796,0.14078384094908974,1.1631773207867206,0.3261666095542178,1.3806614807390296,0.6380238676593135,0.8861284756452309
2025-07-23,1.2243016005277965,1.0015981198626807,0.01959416971492354,0.5059634611133585,0.14141697213857432,1.1629437340282591,0.31569342726778155,1.380541374155864,0.6366555048372352,0.8896128438841472
2025-07-24,1.2279683346066252,1.0040559465349401,0.020568846659185406,0.5091495803713919,0.1413398100496202,1.1650784806104295,0.3133179370273342,1.3853700110742921,0.6376510129985404,0.8857656177868091
2025-07-25,1.2280769851603344,1.0042745623335623,0.019135119662896643,0.5078201341903157,0.1404896205105115,1.1649702041748007,0.3124654895649229,1.385887090549401,0.6379209817763231,0.885661409687785
2025-07-28,1.2283357212317267,1.013063415185993,0.03537203751565382,0.523990362572951,0.14787913442671463,1.1668358296409214,0.34571571757712743,1.3870289991073348,0.6422594399243142,0.8864254147807407
2025-07-29,1.2295193395732038,1.0139877577827654,0.037591501160370466,0.5262802435104738,0.14725499656936808,1.1718613658986317,0.34102674037675273,1.3876255003739337,0.641501338848438,0.8812478504026683
2025-07-30,1.232843854166927,1.012173843329732,0.03638058321198683,0.5284221376954018,0.1452315613300227,1.1700418323608979,0.3396549143212579,1.3879603306913046,0.6387893525205263,0.8791005139081715
2025-07-31,1.2330387518181258,1.0131713567188096,0.038168319908237706,0.5284627274733992,0.14692148140692118,1.1686079129990177,0.33938005929074533,1.3854399533666153,0.6399734442531185,0.8804114928294239
2025-08-01,1.2363742488626939,1.02022059459793,0.033760907730266486,0.5354885911722169,0.1382663003238787,1.1695165591245333,0.3411413223293572,1.4115953580132676,0.6370254578534729,0.884820747630156
2025-08-04,1.233184781152471,1.03170288040555,0.05053678702143517,0.5268676153499382,0.14095704012832674,1.1695980431207376,0.3308624914171492,1.3959228857317076,0.6416368260185484,0.8866943382706627
2025-08-05,1.2328879750526671,1.0289370340078252,0.05784925565964936,0.5242782019842266,0.15343274295347728,1.158543696578241,0.3409413177737419,1.394884958298901,0.6436482831159207,0.8933661461097994
2025-08-06,1.255736187935465,1.015083286779158,0.06854811353186109,0.5273149822888814,0.17102233316622298,1.1486161618495891,0.34759573146298295,1.3685426445371727,0.6502890157173441,0.8842587838843271
2025-08-07,1.2461055988245144,1.0226038253531187,0.054992114998325355,0.5260414504820311,0.16545315139314165,1.1675160673590212,0.32867127607763963,1.3681203488278966,0.6475774310694129,0.8729078516065756
2025-08-08,1.2580532323703033,1.0178973298161993,0.06071512526973562,0.5295202313846087,0.16561373085711342,1.1608238946925593,0.3276376394274315,1.3679419613806951,0.6482868756242117,0.8682370447906402
2025-08-11,1.2638339334793305,1.0192161733739955,0.06037000621505632,0.5343977632546473,0.1677420517980893,1.1639435888770668,0.3299439264889139,1.371872557159353,0.6477347913254964,0.8694008566994864
2025-08-12,1.2702644073606075,1.0226022634809342,0.05439868433954076,0.5291442822925058,0.16660984960618241,1.1600691491297013,0.33122324349918864,1.3755906495618326,0.6485669103558557,0.8711272544536759
2025-08-13,1.2702145958948479,1.0214952413838865,0.054802656545173606,0.5293330922939407,0.16698487824701227,1.1598954284329004,0.33182011795528454,1.3761818400665224,0.6491979473291296,0.8722796752589571
2025-08-14,1.2704175076998876,1.0213567819647391,0.05466988557067148,0.5293968548016366,0.16664870124743306,1.159619379855988,0.3318696432845832,1.3757577498728064,0.64912919491474,0.8719835611044182
2025-08-15,1.2721242150278753,1.0266372542129658,0.05839441900041751,0.5370662243683574,0.16601099502670402,1.166729298896233,0.32658911213862185,1.3767000233745583,0.650300348476502,0.8670808752394078
2025-08-18,1.2723701005656092,1.0260331254239379,0.05848162800704887,0.5363508205821277,0.16506873751845158,1.1671440407092961,0.3267092251460134,1.3772046770051456,0.6502946135583414,0.8669990700035423
2025-08-19,1.2739487053586187,1.0304083774438455,0.05594058253991342,0.5353331540187567,0.1650104253958018,1.162336597064664,0.3300157413384471,1.3693324119865102,0.6487801969647563,0.8576646933641201
2025-08-20,1.275178017265462,1.0294862639398241,0.055439777667775615,0.5344971338395541,0.16437782996658265,1.1615188088918245,0.32978719113778454,1.3708682699778878,0.6481932806697754,0.8584770373990905
2025-08-21,1.2782621143742379,1.0303982448171876,0.05534555727349581,0.5337908511532135,0.1644738814039675,1.1638685122800518,0.328060794574345,1.3730610107101533,0.6488951624372372,0.8581495814484101
2025-08-22,1.276203200635524,1.0301176453350347,0.05577613536156528,0.5358948190424201,0.1642876710864384,1.173636509830057,0.3270642662600382,1.3775059276113244,0.6457687067210779,0.8675381053396711
2025-08-25,1.276275192410258,1.0307348278945738,0.055784447619901825,0.5358430991207063,0.16650449740348525,1.1746991613446103,0.3279353406654692,1.3772132999375835,0.64591618395983,0.8677893746718216
2025-08-26,1.2777226920679123,1.0362070237614176,0.05687032560118902,0.5388126822513125,0.16680315108010565,1.176169224673044,0.32559867916222757,1.374253332771496,0.6480524496837378,0.8727689178850788
2025-08-27,1.2790106308671385,1.037661948125417,0.05397373462705861,0.5369403814906386,0.16935064861785837,1.1750276777536601,0.3231982334355818,1.377471291955953,0.6476353747000411,0.869186892446502
2025-08-28,1.2800419433692791,1.038474733115432,0.053672097350121635,0.5397015157022093,0.16957104246885918,1.1763075106451149,0.3234102033939022,1.3773922161015903,0.6482792277521121,0.8694323626325868
2025-08-29,1.2786347351513447,1.0370541192269378,0.05185845821755256,0.5376173939004347,0.16772461566075048,1.1820892926652566,0.32338761800757126,1.3783747769240424,0.6487986904110388,0.8662208059754118
2025-09-02,1.2791177988152156,1.0388395581767158,0.05189038451775625,0.5348691850383458,0.16617819593079755,1.1816454494895723,0.32105255812866457,1.3787881773245763,0.6505782297640526,0.8675518962376484
2025-09-03,1.2834107712753844,1.038067284436864,0.051781842717558986,0.5318014179574264,0.16635726715196872,1.1807786957604591,0.319288197234103,1.3783552720381815,0.6495804190437192,0.8664749725756596
2025-09-04,1.2865723272993075,1.03902648969133,0.050168720122049905,0.5336129848655475,0.1655511573998014,1.1811061423895315,0.3139776450807194,1.3790404483128902,0.6480217442060024,0.8651820922398192
2025-09-05,1.2863866871835108,1.042861100037573,0.05559444719592152,0.5306611298383257,0.1779234017947728,1.1678040710134063,0.3136764746235684,1.3901141954665617,0.6516610115467506,0.8782157801695297
2025-09-08,1.2855875617977914,1.0423255952958428,0.05556272618631877,0.5301244539591831,0.17823192981311678,1.1670930586617598,0.3140474952198348,1.3896108527351496,0.6520711095549561,0.8782365155557138
2025-09-09,1.2857942659648818,1.0425093252512372,0.05362738418890777,0.5298298738471301,0.17821551872319352,1.1656189640053363,0.31343777839538645,1.3931536985584225,0.6506020174819963,0.8770268770933695
2025-09-10,1.2916895945486482,1.0394910368123236,0.051512393880897726,0.5331960522613753,0.17948994888394673,1.1698455273280444,0.31505680217602094,1.384187675656697,0.646735758705574,0.8838894514387002
2025-09-11,1.2968172329872327,1.038699648732077,0.050869750255862566,0.5269275314907265,0.1807309899785303,1.1718824142795923,0.3117816280216052,1.3790042925984893,0.6486831339330856,0.8856160992894744
2025-09-12,1.297056595843493,1.0445422876440544,0.05056026681965735,0.53093128926867,0.17989637939589104,1.1724042152597356,0.31026513295353153,1.3774572733804398,0.6489135796131483,0.8839961222695479
2025-09-15,1.2981770477601857,1.0457417357902763,0.05466622424573558,0.5352308403726848,0.18566015265615807,1.1758181936090035,0.3068519904415002,1.3746913014827498,0.648391352212829,0.8886227501965408
2025-09-16,1.2993819509140125,1.0479676929432045,0.055372240837574596,0.5321039798305107,0.1858754620759147,1.1742669221062023,0.3084052613003814,1.3733509359912555,0.6489201506189186,0.8898195008905703
2025-09-17,1.300176999047106,1.0499633882307586,0.05457348197301016,0.5323081274195413,0.18478410230517947,1.1717978528615731,0.3062571499135701,1.37516428005664,0.6480358408449616,0.8906510131961345
2025-09-18,1.2993822717365928,1.0495724680640888,0.052360319094293784,0.5304276020659723,0.18224630566235736,1.1752357525265134,0.30696212214435775,1.374336564160284,0.6465744705517015,0.8915270099515703
2025-09-19,1.3025159322668707,1.0494935214708423,0.0536844582727893,0.5291496681901742,0.18112037718021579,1.1745947718090384,0.3074126545993633,1.373793771018579,0.6468987484312452,0.8893551466496589
2025-09-22,1.3087757010469385,1.0474557556207689,0.05183948449456044,0.5287303428723411,0.1780148030817415,1.1759850863504686,0.3085194524578159,1.3715668383569246,0.6455516105375367,0.888268707110771
2025-09-23,1.301550347561022,1.0486192894481505,0.05377307461871859,0.523394612363623,0.18604230354577408,1.1607810411408566,0.3214799883727436,1.377872010406588,0.6469212584654184,0.8876994771560869
2025-09-24,1.3019820978676506,1.0484994739797295,0.053408281408281244,0.5222986819658247,0.1872387093818277,1.160032612081683,0.31974560909594646,1.3785948100050416,0.648488102531624,0.8871652257453686
2025-09-25,1.2986322096206764,1.0479575270743864,0.052875332133518624,0.5193512597199406,0.1874559613353615,1.1610875141724937,0.3161053344377404,1.3784605133307912,0.6474088367162593,0.8853628674514034
2025-09-26,1.2966117297352637,1.0482735318380445,0.054618863264069034,0.5212477402361527,0.18787345797856322,1.1587201478165683,0.3186755429769218,1.3785398661214467,0.6469294841177468,0.8860488384428361
2025-09-29,1.2960632797063882,1.0475598172345475,0.054169910470950176,0.5183682060781425,0.18790126072198518,1.1579329234463556,0.3192726553559148,1.3786238187629285,0.6468577627549617,0.8854043166945594
2025-09-30,1.2956315859844427,1.047649382302927,0.05576247668578464,0.5187485376429839,0.18744605295267974,1.1558304469539884,0.31966113231671717,1.3781345880065161,0.6455955195138967,0.8857589939555812
2025-10-01,1.2957233965234207,1.0463095020577224,0.05592578126611502,0.5196377431823539,0.18733894316785848,1.1561908992793752,0.3236737003354828,1.3773245858496106,0.6439139580335717,0.8871748397777568
2025-10-02,1.293918140495393,1.0467101635683276,0.0556091039909313,0.5186119674308299,0.18758904506270507,1.1566822645402293,0.3238118196986878,1.378792597273265,0.6447060824175722,0.8869403593669775
2025-10-03,1.2889727286726844,1.0438610910756396,0.0551760066432101,0.5264812530560075,0.18792890582076535,1.1603890913680823,0.3268514498322024,1.380898075371502,0.6455406273924362,0.8855236765734573
2025-10-06,1.2881963982157922,1.0436244145161855,0.05477843987086298,0.5272862978100018,0.1867731833993885,1.159645319632614,0.3289710376009262,1.38097833892079,0.6457422384956466,0.8852969581098963
2025-10-07,1.287460568364354,1.0432302557404394,0.05400743206862276,0.5276003230171611,0.18409590253324773,1.1609815132686627,0.3267826574675136,1.3788770234664793,0.6440743708645097,0.8850177015401881
2025-10-08,1.2888015086069278,1.0344333156387544,0.05509415013792109,0.5235512969922297,0.18423680467467995,1.1635238122843017,0.3320424223122013,1.376973550647437,0.6448613891075071,0.8853814052904044
2025-10-09,1.287002451132644,1.0360206648656047,0.05290922907595712,0.5272762720730112,0.1817457563453293,1.1676999356952695,0.3205716610779351,1.370253908879525,0.6455210407204867,0.8831996196181315
2025-10-10,1.2849918502341635,1.0296641156946384,0.05404692332752307,0.5388118529579785,0.1809642423936882,1.1669322273625218,0.3174666767068155,1.38112484663038,0.6369492689209632,0.8895736757744142
2025-10-13,1.2792922189388207,1.0316006477155595,0.05285723421388233,0.5417672915080987,0.17267424032458734,1.1683446924323828,0.32037691117310063,1.3785633220934992,0.636248379945862,0.8914137402289378
2025-10-14,1.279182548565377,1.0326162812161956,0.05279525230920575,0.5424371311533923,0.1718505064679721,1.1657335787182757,0.32048559363429546,1.3802879008759685,0.6359175923538454,0.8896274407548126
2025-10-15,1.2814658609275735,1.0275765406313424,0.05213003454619513,0.5415335808934093,0.16885016673679926,1.1655246830243844,0.32024775675690914,1.3788774989762107,0.6330812857846053,0.8936757062385905
2025-10-16,1.2799601265482663,1.0335199762282936,0.051343388762594304,0.5424372947184468,0.16416464115381998,1.1677208541299844,0.31954563438900396,1.3816585748514674,0.6346814038383093,0.8960555289454487
2025-10-17,1.2865785502704064,1.03485238602914,0.055447299969579436,0.5381124121618738,0.16754347999848185,1.1617480587405267,0.3186661785416132,1.3824561082255977,0.639063562849609,0.9020544042658134
2025-10-20,1.2956129545655704,1.0360805874514665,0.05578548535434487,0.5377022883346277,0.16904163425384783,1.1600975526635635,0.3164507230350856,1.3840908266271887,0.6372064107728479,0.9016862895063334
2025-10-21,1.295623150041431,1.0364502896571521,0.05596418473164026,0.5376457934197134,0.16906847816859705,1.1603534420984531,0.3164361364496518,1.3837517958731056,0.6373667849241827,0.9010673990747111
2025-10-22,1.2965116045219471,1.037369050972664,0.054839939486638956,0.5345782257623968,0.16822032589971941,1.163496776545554,0.3179060241784151,1.3853764784071523,0.6368665456778271,0.9007712210436276
2025-10-23,1.2966827052755079,1.0359519102429673,0.053307993000944874,0.535911385762896,0.16749365206708822,1.1640511815596295,0.31810930405375065,1.3865201955530038,0.6361361342724597,0.897241878063093
2025-10-24,1.2971253654115267,1.0383907549958176,0.05095403470654213,0.534236473561491,0.16915847018452637,1.1627433680339128,0.3203113027834851,1.3872986275742538,0.6333057156715053,0.8971987140142768
2025-10-27,1.2967585494079625,1.0396172797927152,0.05437371508560715,0.5342005782662286,0.16734155306534726,1.1614290844013755,0.33024943155557496,1.381976668810292,0.6292852384622809,0.9020663048998598
2025-10-28,1.2968002443545221,1.039497218931643,0.05410893043475198,0.5340700090004461,0.16722571942155362,1.161056087416735,0.32997707658813447,1.3820410823016631,0.6293137264265337,0.901725070563365
2025-10-29,1.2968640079082483,1.0391345262686702,0.053631785315723234,0.5337815555261217,0.16735819536797053,1.1584337734795733,0.3299534863230103,1.3821849184557213,0.6298081055086585,0.9014167870335249
2025-10-30,1.2908496451729616,1.0318762634220673,0.04959815953856401,0.5369550270448992,0.16476589503800304,1.1560955870614067,0.3285217245657517,1.3877527644903993,0.6289794844251247,0.8968834647037813
2025-10-31,1.2904860852347158,1.0323340251056043,0.049755019013192577,0.5370960071314411,0.16536563585653413,1.1556004735837406,0.3293352432837707,1.3924812220097271,0.6275448437744684,0.8972687286424835
2025-11-03,1.2890513232686562,1.0331587004939264,0.04962961546119731,0.5365836998315925,0.16434238872811455,1.1530851886634468,0.3288847937743751,1.3951629754965298,0.6271487979411343,0.898143635435681
2025-11-04,1.2856126188491628,1.0333070127782111,0.04608329932410031,0.539117122762829,0.16420164485005964,1.1696751312620317,0.3323265787787564,1.3920637468901924,0.6062547151195877,0.8903781169400996
2025-11-05,1.2870000388463658,1.033617796534283,0.04556014159182419,0.5403032531599408,0.16348519747987827,1.1721718985844682,0.33506821118899394,1.3866532948078807,0.6061164070142838,0.8899503686483978
2025-11-06,1.2826160497423758,1.026952424100996,0.04265700770402458,0.5391469527564806,0.16201970061098675,1.167170881934633,0.33585228134099354,1.390376857179401,0.6064032790642505,0.8867912989577087
2025-11-07,1.2855540012606481,1.0288268979071404,0.04282513499581352,0.5406550044248664,0.16128973699486496,1.1660104473937838,0.3364976002541524,1.3898375234342195,0.6112676141380898,0.8889183648056928
2025-11-10,1.3043271287827052,0.9630586766325633,0.04980686903617982,0.5382551566371709,0.17875892262021487,1.123758875301332,0.38158504577685975,1.385687053639859,0.6061980610224074,0.9008843077553014
2025-11-11,1.3028758396509166,0.9727000320432545,0.052643339567508274,0.5392760711285867,0.17698246152347777,1.1292375807779134,0.38242104573032937,1.3849186314218982,0.6063311272428454,0.9017818031017338
2025-11-12,1.3034302873215777,0.9728855340063954,0.05347894834071679,0.5394592498601984,0.1746431610569087,1.1329777751447425,0.37977213533353754,1.3861671640706217,0.6076478572910109,0.9008096089202596
2025-11-13,1.2941568933748282,0.9818987634413034,0.05146067255764997,0.532369964711516,0.17331183681201542,1.1407916260216326,0.387845844859468,1.3882985733462694,0.6029664900460648,0.897072041141616
2025-11-14,1.2945398165586466,0.9827765164725072,0.04978457980245514,0.5320421972280371,0.17332818092320776,1.1401359511306786,0.3858311550713083,1.3899993271995355,0.6033329979728376,0.8964197925240657
2025-11-17,1.2963725634805434,0.9834448402910568,0.04490990696327571,0.5344575809104792,0.17624587270722328,1.1384033601934382,0.3789194326118507,1.3888230380376996,0.6052739059325374,0.892954664059008
2025-11-18,1.2977698980946581,0.9839123177101048,0.04276323902275662,0.5312480987355769,0.17462694935400788,1.1398776486836026,0.3844002738958038,1.3962182433225174,0.6054162826939681,0.8886879120228848
2025-11-19,1.2987889703699158,0.9951287846208375,0.04898419746857311,0.5284955169784396,0.18143300131857643,1.142581085582895,0.3911507823913944,1.3867164910235414,0.6044706167923477,0.8873261067610264
2025-11-20,1.2928397080644665,0.9961677510952321,0.04761152265730101,0.525373762026613,0.17556423102639204,1.141160153593505,0.3885755054750536,1.3890968815188427,0.6053881008282482,0.8777663860764082
2025-11-21,1.295022926882431,0.9943476828473834,0.0494866651703539,0.5257299845508873,0.18009611420036162,1.141077531729547,0.38597588100369323,1.38896249313354,0.6078460174543079,0.8811026714211335
2025-11-24,1.293409016058963,0.987534781381318,0.05301401426526207,0.5186348494723925,0.1682346870522258,1.1401439609752588,0.3870131076062827,1.3905024180914793,0.5992197910242647,0.8774327217356275
2025-11-25,1.2926984295292492,0.9878497568553853,0.05295696276684659,0.513147284632072,0.16904601644234019,1.1385419487797814,0.38727412130020045,1.395002520358614,0.5970743930485556,0.8785702033566548
2025-11-26,1.2913542473288413,0.9883407107772252,0.05371186142432442,0.5131864887260028,0.16702426189260974,1.1379642126342082,0.38922364377965807,1.3937999948431128,0.5966495009847086,0.8775048807323238
2025-11-28,1.2904298662219622,0.9896887007827097,0.05292486060582051,0.5152795495669463,0.1664792802877496,1.1364103598979916,0.3895944379283674,1.393971063891397,0.5970452926161431,0.8761154191157772
2025-12-01,1.2865712324858203,0.9921483837974981,0.05459513559609785,0.5165848758864716,0.16551329812275134,1.1380641516875833,0.39124876830919386,1.3888639081369156,0.5977949989996797,0.8779092357198306
2025-12-02,1.287470461175661,0.9921315716968198,0.05510585638846549,0.5158854997774377,0.1651600187134529,1.1383799880103245,0.39289689502541836,1.3882144478186904,0.5984674191755972,0.8798873656489365
2025-12-03,1.2863255460187393,0.9937179715441373,0.055555111895569435,0.5172420041736487,0.1656778688112708,1.1393320072172712,0.39318146659595155,1.386966132534489,0.5978920426172635,0.88176311580978
2025-12-04,1.2857992470548514,0.9947624391110614,0.05547446375382859,0.5172637705593208,0.16540546560024613,1.1401549240665538,0.39402809275571343,1.3861994969517826,0.5978842292071247,0.8821733453642859
2025-12-05,1.2854790879346485,0.9945090309634983,0.05525566323689457,0.5170241511602,0.16483037405397016,1.1402466334362835,0.39382518593878624,1.3862213396762395,0.5974702654275388,0.8820550387889048
2025-12-08,1.2863145820012154,0.9960474680165456,0.05770342558651244,0.5222483103872088,0.16897403701996735,1.1423305884539687,0.3987135286636116,1.3847847428036357,0.5999908403701333,0.885505916639174
2025-12-09,1.2865397224591888,0.998518450317607,0.057564586167912934,0.5218262949304538,0.16900372235799194,1.1417747273220602,0.3995924010488153,1.3854859626961002,0.5983707120150549,0.884600620934806
2025-12-10,1.286245129931383,1.0025543062705065,0.06313224305709621,0.5237367458010269,0.16984440085336847,1.146557378212834,0.4033798807539637,1.3854484039497232,0.5987606174344013,0.8875735067163603
2025-12-11,1.2905280496369964,1.0017871024190332,0.06394041076776048,0.523148304634502,0.16720685025580573,1.1501879739577456,0.4023453371140041,1.385982311053004,0.5978392489034022,0.894460968599745
2025-12-12,1.286725457938031,0.9973840278281918,0.06148489769735425,0.5232711924044268,0.16279246206738468,1.1581340250735637,0.3987711613911539,1.3867538374670538,0.5863793044837752,0.8907757024428196
2025-12-15,1.2908114478602832,0.9983600369272297,0.06498874049578772,0.5261182810337631,0.16398406265851403,1.160931433054016,0.4000062416693401,1.3848970861101801,0.5891632396694565,0.8943659689524913
2025-12-16,1.2925705166654857,0.9987642641551946,0.06627454175980683,0.5284391189446898,0.1643148448624144,1.1582980841903439,0.39886781085625705,1.3849919804068265,0.5875834012519467,0.8957710464721212
2025-12-17,1.290922498199419,0.9956300899567261,0.06490612139987453,0.5182979609330752,0.157505815949437,1.1696195393416198,0.401792540178351,1.3812638619418327,0.5860138210281284,0.8911383563590269
2025-12-18,1.28844922225281,0.9930840536188038,0.06438041376249462,0.5180225312487348,0.15411295604421002,1.1697937353489671,0.40369949599218524,1.3824745281423427,0.5851167249884546,0.8903465876605933
2025-12-19,1.288926435012511,0.9937378185619613,0.0637523205368161,0.5168990421692748,0.15181594574292204,1.1707410900704884,0.39830287449898655,1.3801871045576681,0.5861830870259627,0.8880206265211389
2025-12-22,1.3003804926285565,0.9913020183668245,0.05476559702055359,0.5185742073838067,0.14776964659487368,1.1723619760166513,0.3877662441102651,1.375586142445745,0.5856771045546908,0.8704916693085012
2025-12-23,1.3007122715073232,0.9921839907006941,0.053319656089038,0.5190807497964554,0.14820199051906321,1.171186152977982,0.3866888727733478,1.3773894376436033,0.5855755623801656,0.869078546911369
2025-12-24,1.2993579561072115,0.9902064103376691,0.052732395238471244,0.5195655004237586,0.15110913659782038,1.1704952462646432,0.38064123451754917,1.3792335484240146,0.5839365628711679,0.8670379985275569
2025-12-26,1.3005150733957658,0.9912125977729748,0.05212395165660541,0.5196130673492091,0.15109958798821002,1.1727492508297528,0.37911625141153443,1.3808603185460613,0.5855671244127139,0.8669425787885517
2025-12-29,1.3005439124827392,0.9909860579768915,0.05177746541423153,0.5195947393426803,0.1499841491665855,1.1757902525553643,0.37886642466433423,1.3795571822979358,0.5842442127317162,0.868284576422207
2025-12-30,1.3006810176596069,0.9910976598542172,0.05193640930809096,0.5193834846457747,0.15036760596816506,1.1758328868113825,0.3784584094367992,1.3790910759390909,0.5838635904326244,0.8686162928237005
2025-12-31,1.2999378392704148,0.9911569361674116,0.05060773755870839,0.5215748844960342,0.15065980445947413,1.1777905456146454,0.37867491758439,1.3787485053531476,0.5850525073961595,0.8675367723925025
